INFO buildroot.py:667:  Mock Version: 6.6
DEBUG file_util.py:18:  ensuring that dir exists: /var/lib/mock/rocky-10-x86_64/root
DEBUG file_util.py:21:  created dir: /var/lib/mock/rocky-10-x86_64/root
DEBUG file_util.py:18:  ensuring that dir exists: /var/lib/mock/rocky-10-x86_64-bootstrap
DEBUG file_util.py:18:  ensuring that dir exists: /var/lib/mock/rocky-10-x86_64-bootstrap
DEBUG file_util.py:18:  ensuring that dir exists: /var/lib/mock/rocky-10-x86_64-bootstrap/root
DEBUG file_util.py:18:  ensuring that dir exists: /var/lib/mock/rocky-10-x86_64-bootstrap/results
INFO buildroot.py:318:  calling preinit hooks
DEBUG file_util.py:18:  ensuring that dir exists: /var/cache/mock/rocky-10-x86_64-bootstrap/root_cache/
DEBUG file_util.py:18:  ensuring that dir exists: /var/cache/mock/rocky-10-x86_64-bootstrap/yum_cache
DEBUG file_util.py:18:  ensuring that dir exists: /var/cache/mock/rocky-10-x86_64-bootstrap/dnf_cache
DEBUG buildroot.py:723:  create skeleton dirs
DEBUG file_util.py:18:  ensuring that dir exists: /var/lib/mock/rocky-10-x86_64-bootstrap/root/var/lib/rpm
DEBUG file_util.py:18:  ensuring that dir exists: /var/lib/mock/rocky-10-x86_64-bootstrap/root/var/lib/yum
DEBUG file_util.py:18:  ensuring that dir exists: /var/lib/mock/rocky-10-x86_64-bootstrap/root/var/lib/dbus
DEBUG file_util.py:18:  ensuring that dir exists: /var/lib/mock/rocky-10-x86_64-bootstrap/root/var/log
DEBUG file_util.py:18:  ensuring that dir exists: /var/lib/mock/rocky-10-x86_64-bootstrap/root/var/cache/dnf
DEBUG file_util.py:18:  ensuring that dir exists: /var/lib/mock/rocky-10-x86_64-bootstrap/root/var/cache/yum
DEBUG file_util.py:18:  ensuring that dir exists: /var/lib/mock/rocky-10-x86_64-bootstrap/root/etc/rpm
DEBUG file_util.py:18:  ensuring that dir exists: /var/lib/mock/rocky-10-x86_64-bootstrap/root/tmp
DEBUG file_util.py:18:  ensuring that dir exists: /var/lib/mock/rocky-10-x86_64-bootstrap/root/tmp/ccache
DEBUG file_util.py:18:  ensuring that dir exists: /var/lib/mock/rocky-10-x86_64-bootstrap/root/var/tmp
DEBUG file_util.py:18:  ensuring that dir exists: /var/lib/mock/rocky-10-x86_64-bootstrap/root/etc/dnf
DEBUG file_util.py:18:  ensuring that dir exists: /var/lib/mock/rocky-10-x86_64-bootstrap/root/etc/dnf/vars
DEBUG file_util.py:18:  ensuring that dir exists: /var/lib/mock/rocky-10-x86_64-bootstrap/root/etc/yum.repos.d
DEBUG file_util.py:21:  created dir: /var/lib/mock/rocky-10-x86_64-bootstrap/root/etc/yum.repos.d
DEBUG file_util.py:18:  ensuring that dir exists: /var/lib/mock/rocky-10-x86_64-bootstrap/root/etc/yum
DEBUG file_util.py:18:  ensuring that dir exists: /var/lib/mock/rocky-10-x86_64-bootstrap/root/proc
DEBUG file_util.py:18:  ensuring that dir exists: /var/lib/mock/rocky-10-x86_64-bootstrap/root/sys
DEBUG file_util.py:18:  ensuring that dir exists: /var/lib/mock/rocky-10-x86_64-bootstrap/root/run/lock
DEBUG file_util.py:18:  ensuring that dir exists: /var/lib/mock/rocky-10-x86_64-bootstrap/root/dev/pts
DEBUG file_util.py:18:  ensuring that dir exists: /var/lib/mock/rocky-10-x86_64-bootstrap/root/dev/shm
DEBUG file_util.py:18:  ensuring that dir exists: /var/lib/mock/rocky-10-x86_64-bootstrap/root/dev/mapper
DEBUG file_util.py:21:  created dir: /var/lib/mock/rocky-10-x86_64-bootstrap/root/dev/mapper
DEBUG buildroot.py:867:  kernel version == 5.14.0-611.34.1.el9_7.x86_64
DEBUG file_util.py:30:  touching file: /var/lib/mock/rocky-10-x86_64-bootstrap/root/etc/fstab
DEBUG file_util.py:30:  touching file: /var/lib/mock/rocky-10-x86_64-bootstrap/root/etc/yum/yum.conf
DEBUG file_util.py:30:  touching file: /var/lib/mock/rocky-10-x86_64-bootstrap/root/etc/dnf/dnf.conf
DEBUG file_util.py:30:  touching file: /var/lib/mock/rocky-10-x86_64-bootstrap/root/var/log/yum.log
DEBUG buildroot.py:332:  rootdir = /var/lib/mock/rocky-10-x86_64-bootstrap/root
DEBUG buildroot.py:333:  resultdir = /var/lib/mock/rocky-10-x86_64-bootstrap/results
DEBUG package_manager.py:63:  searching for 'dnf4' package manager or alternatives
INFO buildroot.py:181:  Package manager dnf4 detected and used (fallback)
DEBUG file_util.py:18:  ensuring that dir exists: /var/lib/mock/rocky-10-x86_64-bootstrap/root/etc/pki/mock
DEBUG package_manager.py:404:  copying CA trust dir into chroot: /etc/pki/ca-trust => /etc/pki/ca-trust
DEBUG file_util.py:158:  Updating files in /var/lib/mock/rocky-10-x86_64-bootstrap/root/etc/pki/ca-trust with files from /etc/pki/ca-trust
DEBUG file_util.py:18:  ensuring that dir exists: /var/lib/mock/rocky-10-x86_64-bootstrap/root/etc/pki/ca-trust
DEBUG file_util.py:18:  ensuring that dir exists: /var/lib/mock/rocky-10-x86_64-bootstrap/root/etc/pki/ca-trust/./extracted
DEBUG file_util.py:18:  ensuring that dir exists: /var/lib/mock/rocky-10-x86_64-bootstrap/root/etc/pki/ca-trust/./source
DEBUG file_util.py:18:  ensuring that dir exists: /var/lib/mock/rocky-10-x86_64-bootstrap/root/etc/pki/ca-trust/extracted/edk2
DEBUG file_util.py:18:  ensuring that dir exists: /var/lib/mock/rocky-10-x86_64-bootstrap/root/etc/pki/ca-trust/extracted/java
DEBUG file_util.py:18:  ensuring that dir exists: /var/lib/mock/rocky-10-x86_64-bootstrap/root/etc/pki/ca-trust/extracted/openssl
DEBUG file_util.py:18:  ensuring that dir exists: /var/lib/mock/rocky-10-x86_64-bootstrap/root/etc/pki/ca-trust/extracted/pem
DEBUG file_util.py:18:  ensuring that dir exists: /var/lib/mock/rocky-10-x86_64-bootstrap/root/etc/pki/ca-trust/extracted/pem/directory-hash
DEBUG file_util.py:18:  ensuring that dir exists: /var/lib/mock/rocky-10-x86_64-bootstrap/root/etc/pki/ca-trust/source/anchors
DEBUG file_util.py:18:  ensuring that dir exists: /var/lib/mock/rocky-10-x86_64-bootstrap/root/etc/pki/ca-trust/source/blocklist
DEBUG package_manager.py:404:  copying CA trust dir into chroot: /usr/share/pki/ca-trust-source => /usr/share/pki/ca-trust-source
DEBUG file_util.py:158:  Updating files in /var/lib/mock/rocky-10-x86_64-bootstrap/root/usr/share/pki/ca-trust-source with files from /usr/share/pki/ca-trust-source
DEBUG file_util.py:18:  ensuring that dir exists: /var/lib/mock/rocky-10-x86_64-bootstrap/root/usr/share/pki/ca-trust-source
DEBUG file_util.py:18:  ensuring that dir exists: /var/lib/mock/rocky-10-x86_64-bootstrap/root/usr/share/pki/ca-trust-source/./anchors
DEBUG file_util.py:18:  ensuring that dir exists: /var/lib/mock/rocky-10-x86_64-bootstrap/root/usr/share/pki/ca-trust-source/./blocklist
DEBUG file_util.py:18:  ensuring that dir exists: /var/lib/mock/rocky-10-x86_64-bootstrap/root/usr/share
DEBUG package_manager.py:388:  Copying /usr/share/distribution-gpg-keys to the bootstrap chroot
DEBUG util.py:634:  child environment: None
DEBUG util.py:556:  Executing command: ['cp', '-a', '/usr/share/distribution-gpg-keys', '/var/lib/mock/rocky-10-x86_64-bootstrap/root/usr/share'] with env {'TERM': 'vt100', 'SHELL': '/bin/sh', 'HOME': '/builddir', 'HOSTNAME': 'mock', 'PATH': '/usr/bin:/bin:/usr/sbin:/sbin', 'LANG': 'C.UTF-8'} and shell False
DEBUG util.py:608:  Child return code was: 0
DEBUG file_util.py:18:  ensuring that dir exists: /var/lib/mock/rocky-10-x86_64-bootstrap/root/etc/dnf
DEBUG package_manager.py:691:  configure DNF vars
DEBUG file_util.py:18:  ensuring that dir exists: /var/lib/mock/rocky-10-x86_64-bootstrap/root/proc
DEBUG util.py:634:  child environment: None
DEBUG util.py:556:  Executing command: ['/bin/mount', '-n', '-t', 'tmpfs', '-o', 'rprivate,mode=0755', 'tmpfs', '/var/lib/mock/rocky-10-x86_64-bootstrap/root/proc'] with env {'TERM': 'vt100', 'SHELL': '/bin/sh', 'HOME': '/builddir', 'HOSTNAME': 'mock', 'PATH': '/usr/bin:/bin:/usr/sbin:/sbin', 'LANG': 'C.UTF-8'} and shell False
DEBUG util.py:608:  Child return code was: 0
DEBUG file_util.py:18:  ensuring that dir exists: /var/lib/mock/rocky-10-x86_64-bootstrap/root/proc
DEBUG util.py:634:  child environment: None
DEBUG util.py:556:  Executing command: ['/bin/mount', '-n', '-o', 'rbind', '/proc', '/var/lib/mock/rocky-10-x86_64-bootstrap/root/proc'] with env {'TERM': 'vt100', 'SHELL': '/bin/sh', 'HOME': '/builddir', 'HOSTNAME': 'mock', 'PATH': '/usr/bin:/bin:/usr/sbin:/sbin', 'LANG': 'C.UTF-8'} and shell False
DEBUG util.py:608:  Child return code was: 0
DEBUG util.py:634:  child environment: None
DEBUG util.py:556:  Executing command: ['/bin/mount', '-n', '-o', 'remount,nodev,noexec,nosuid,readonly,rprivate,rbind', '--target', '/var/lib/mock/rocky-10-x86_64-bootstrap/root/proc'] with env {'TERM': 'vt100', 'SHELL': '/bin/sh', 'HOME': '/builddir', 'HOSTNAME': 'mock', 'PATH': '/usr/bin:/bin:/usr/sbin:/sbin', 'LANG': 'C.UTF-8'} and shell False
DEBUG util.py:608:  Child return code was: 0
DEBUG file_util.py:18:  ensuring that dir exists: /var/lib/mock/rocky-10-x86_64-bootstrap/root/sys
DEBUG util.py:634:  child environment: None
DEBUG util.py:556:  Executing command: ['/bin/mount', '-n', '-t', 'tmpfs', '-o', 'rprivate,mode=0755', 'tmpfs', '/var/lib/mock/rocky-10-x86_64-bootstrap/root/sys'] with env {'TERM': 'vt100', 'SHELL': '/bin/sh', 'HOME': '/builddir', 'HOSTNAME': 'mock', 'PATH': '/usr/bin:/bin:/usr/sbin:/sbin', 'LANG': 'C.UTF-8'} and shell False
DEBUG util.py:608:  Child return code was: 0
DEBUG file_util.py:18:  ensuring that dir exists: /var/lib/mock/rocky-10-x86_64-bootstrap/root/sys
DEBUG util.py:634:  child environment: None
DEBUG util.py:556:  Executing command: ['/bin/mount', '-n', '-o', 'rbind', '/sys', '/var/lib/mock/rocky-10-x86_64-bootstrap/root/sys'] with env {'TERM': 'vt100', 'SHELL': '/bin/sh', 'HOME': '/builddir', 'HOSTNAME': 'mock', 'PATH': '/usr/bin:/bin:/usr/sbin:/sbin', 'LANG': 'C.UTF-8'} and shell False
DEBUG util.py:608:  Child return code was: 0
DEBUG util.py:634:  child environment: None
DEBUG util.py:556:  Executing command: ['/bin/mount', '-n', '-o', 'remount,nodev,noexec,nosuid,readonly,rprivate,rbind', '--target', '/var/lib/mock/rocky-10-x86_64-bootstrap/root/sys'] with env {'TERM': 'vt100', 'SHELL': '/bin/sh', 'HOME': '/builddir', 'HOSTNAME': 'mock', 'PATH': '/usr/bin:/bin:/usr/sbin:/sbin', 'LANG': 'C.UTF-8'} and shell False
DEBUG util.py:608:  Child return code was: 0
DEBUG file_util.py:18:  ensuring that dir exists: /var/lib/mock/rocky-10-x86_64-bootstrap/root/dev/shm
DEBUG util.py:634:  child environment: None
DEBUG util.py:556:  Executing command: ['/bin/mount', '-n', '-t', 'tmpfs', 'tmpfs', '/var/lib/mock/rocky-10-x86_64-bootstrap/root/dev/shm'] with env {'TERM': 'vt100', 'SHELL': '/bin/sh', 'HOME': '/builddir', 'HOSTNAME': 'mock', 'PATH': '/usr/bin:/bin:/usr/sbin:/sbin', 'LANG': 'C.UTF-8'} and shell False
DEBUG util.py:608:  Child return code was: 0
DEBUG file_util.py:18:  ensuring that dir exists: /var/lib/mock/rocky-10-x86_64-bootstrap/root/dev/pts
DEBUG util.py:634:  child environment: None
DEBUG util.py:556:  Executing command: ['/bin/mount', '-n', '-t', 'devpts', '-o', 'gid=5,mode=0620,ptmxmode=0666,newinstance', 'devpts', '/var/lib/mock/rocky-10-x86_64-bootstrap/root/dev/pts'] with env {'TERM': 'vt100', 'SHELL': '/bin/sh', 'HOME': '/builddir', 'HOSTNAME': 'mock', 'PATH': '/usr/bin:/bin:/usr/sbin:/sbin', 'LANG': 'C.UTF-8'} and shell False
DEBUG util.py:608:  Child return code was: 0
DEBUG util.py:634:  child environment: None
DEBUG util.py:556:  Executing command: ['/bin/mount', '-n', '-o', 'bind', '/tmp/mock-selinux-plugin.cwcyzrjr', '/var/lib/mock/rocky-10-x86_64-bootstrap/root/proc/filesystems'] with env {'TERM': 'vt100', 'SHELL': '/bin/sh', 'HOME': '/builddir', 'HOSTNAME': 'mock', 'PATH': '/usr/bin:/bin:/usr/sbin:/sbin', 'LANG': 'C.UTF-8'} and shell False
DEBUG util.py:608:  Child return code was: 0
DEBUG file_util.py:18:  ensuring that dir exists: /var/lib/mock/rocky-10-x86_64-bootstrap/root/sys/fs/selinux
DEBUG util.py:634:  child environment: None
DEBUG util.py:556:  Executing command: ['/bin/mount', '-n', '-t', 'tmpfs', 'tmpfs', '/var/lib/mock/rocky-10-x86_64-bootstrap/root/sys/fs/selinux'] with env {'TERM': 'vt100', 'SHELL': '/bin/sh', 'HOME': '/builddir', 'HOSTNAME': 'mock', 'PATH': '/usr/bin:/bin:/usr/sbin:/sbin', 'LANG': 'C.UTF-8'} and shell False
DEBUG util.py:608:  Child return code was: 0
DEBUG file_util.py:18:  ensuring that dir exists: /var/lib/mock/rocky-10-x86_64-bootstrap/root/var/cache/yum
DEBUG util.py:634:  child environment: None
DEBUG util.py:556:  Executing command: ['/bin/mount', '-n', '-o', 'bind', '/var/cache/mock/rocky-10-x86_64-bootstrap/yum_cache', '/var/lib/mock/rocky-10-x86_64-bootstrap/root/var/cache/yum'] with env {'TERM': 'vt100', 'SHELL': '/bin/sh', 'HOME': '/builddir', 'HOSTNAME': 'mock', 'PATH': '/usr/bin:/bin:/usr/sbin:/sbin', 'LANG': 'C.UTF-8'} and shell False
DEBUG util.py:608:  Child return code was: 0
DEBUG file_util.py:18:  ensuring that dir exists: /var/lib/mock/rocky-10-x86_64-bootstrap/root/var/cache/dnf
DEBUG util.py:634:  child environment: None
DEBUG util.py:556:  Executing command: ['/bin/mount', '-n', '-o', 'bind', '/var/cache/mock/rocky-10-x86_64-bootstrap/dnf_cache', '/var/lib/mock/rocky-10-x86_64-bootstrap/root/var/cache/dnf'] with env {'TERM': 'vt100', 'SHELL': '/bin/sh', 'HOME': '/builddir', 'HOSTNAME': 'mock', 'PATH': '/usr/bin:/bin:/usr/sbin:/sbin', 'LANG': 'C.UTF-8'} and shell False
DEBUG util.py:608:  Child return code was: 0
DEBUG file_util.py:18:  ensuring that dir exists: /var/lib/mock/rocky-10-x86_64-bootstrap/root/etc
DEBUG file_util.py:18:  ensuring that dir exists: /var/lib/mock/rocky-10-x86_64-bootstrap/root/etc
DEBUG buildroot.py:38:  method _cleanup_homedir skipped in bootstrap
DEBUG buildroot.py:38:  method _setup_build_dirs skipped in bootstrap
DEBUG buildroot.py:38:  method _make_users skipped in bootstrap
DEBUG file_util.py:30:  touching file: /var/lib/mock/rocky-10-x86_64-bootstrap/root/.initialized
DEBUG file_util.py:18:  ensuring that dir exists: /var/lib/mock/rocky-10-x86_64
DEBUG file_util.py:18:  ensuring that dir exists: /var/lib/mock/rocky-10-x86_64/root
DEBUG file_util.py:18:  ensuring that dir exists: /home/sherif/shim_dbx_r10/results/r10
INFO buildroot.py:318:  calling preinit hooks
DEBUG file_util.py:18:  ensuring that dir exists: /var/cache/mock/rocky-10-x86_64/root_cache/
DEBUG file_util.py:18:  ensuring that dir exists: /var/lib/mock/rocky-10-x86_64/root
DEBUG util.py:634:  child environment: None
DEBUG util.py:556:  Executing command: ['/bin/tar', '--use-compress-program', 'pigz', '-xf', '/var/cache/mock/rocky-10-x86_64/root_cache/cache.tar.gz', '-C', '/var/lib/mock/rocky-10-x86_64/root'] with env {'TERM': 'vt100', 'SHELL': '/bin/sh', 'HOME': '/builddir', 'HOSTNAME': 'mock', 'PATH': '/usr/bin:/bin:/usr/sbin:/sbin', 'LANG': 'C.UTF-8'} and shell False
DEBUG util.py:608:  Child return code was: 0
DEBUG file_util.py:18:  ensuring that dir exists: /var/lib/mock/rocky-10-x86_64/root/./proc
DEBUG file_util.py:21:  created dir: /var/lib/mock/rocky-10-x86_64/root/./proc
DEBUG file_util.py:18:  ensuring that dir exists: /var/lib/mock/rocky-10-x86_64/root/./sys
DEBUG file_util.py:21:  created dir: /var/lib/mock/rocky-10-x86_64/root/./sys
DEBUG file_util.py:18:  ensuring that dir exists: /var/lib/mock/rocky-10-x86_64/root/./dev
DEBUG file_util.py:21:  created dir: /var/lib/mock/rocky-10-x86_64/root/./dev
DEBUG file_util.py:18:  ensuring that dir exists: /var/lib/mock/rocky-10-x86_64/root/./tmp/ccache
DEBUG file_util.py:21:  created dir: /var/lib/mock/rocky-10-x86_64/root/./tmp/ccache
DEBUG file_util.py:18:  ensuring that dir exists: /var/lib/mock/rocky-10-x86_64/root/./var/cache/yum
DEBUG file_util.py:21:  created dir: /var/lib/mock/rocky-10-x86_64/root/./var/cache/yum
DEBUG file_util.py:18:  ensuring that dir exists: /var/lib/mock/rocky-10-x86_64/root/./var/cache/dnf
DEBUG file_util.py:21:  created dir: /var/lib/mock/rocky-10-x86_64/root/./var/cache/dnf
DEBUG file_util.py:18:  ensuring that dir exists: /var/lib/mock/rocky-10-x86_64/root/./var/log
DEBUG file_util.py:21:  created dir: /var/lib/mock/rocky-10-x86_64/root/./var/log
DEBUG file_util.py:18:  ensuring that dir exists: /var/cache/mock/rocky-10-x86_64/yum_cache
DEBUG file_util.py:18:  ensuring that dir exists: /var/cache/mock/rocky-10-x86_64/dnf_cache
DEBUG util.py:634:  child environment: None
DEBUG util.py:556:  Executing command: ['/usr/bin/lscpu'] with env {'TERM': 'vt100', 'SHELL': '/bin/sh', 'HOME': '/builddir', 'HOSTNAME': 'mock', 'PATH': '/usr/bin:/bin:/usr/sbin:/sbin', 'LANG': 'C.UTF-8'} and shell False
DEBUG util.py:461:  Architecture:                            x86_64
DEBUG util.py:461:  CPU op-mode(s):                          32-bit, 64-bit
DEBUG util.py:461:  Address sizes:                           48 bits physical, 48 bits virtual
DEBUG util.py:461:  Byte Order:                              Little Endian
DEBUG util.py:461:  CPU(s):                                  48
DEBUG util.py:461:  On-line CPU(s) list:                     0-47
DEBUG util.py:461:  Vendor ID:                               AuthenticAMD
DEBUG util.py:461:  Model name:                              AMD EPYC 7R13 Processor
DEBUG util.py:461:  CPU family:                              25
DEBUG util.py:461:  Model:                                   1
DEBUG util.py:461:  Thread(s) per core:                      2
DEBUG util.py:461:  Core(s) per socket:                      24
DEBUG util.py:461:  Socket(s):                               1
DEBUG util.py:461:  Stepping:                                1
DEBUG util.py:461:  BogoMIPS:                                5299.99
DEBUG util.py:461:  Flags:                                   fpu vme de pse tsc msr pae mce cx8 apic sep mtrr pge mca cmov pat pse36 clflush mmx fxsr sse sse2 ht syscall nx mmxext fxsr_opt pdpe1gb rdtscp lm constant_tsc rep_good nopl xtopology nonstop_tsc cpuid extd_apicid aperfmperf tsc_known_freq pni pclmulqdq ssse3 fma cx16 pcid sse4_1 sse4_2 x2apic movbe popcnt aes xsave avx f16c rdrand hypervisor lahf_lm cmp_legacy cr8_legacy abm sse4a misalignsse 3dnowprefetch topoext ssbd ibrs ibpb stibp vmmcall fsgsbase bmi1 avx2 smep bmi2 invpcid rdseed adx smap clflushopt clwb sha_ni xsaveopt xsavec xgetbv1 clzero xsaveerptr rdpru wbnoinvd arat npt nrip_save vaes vpclmulqdq rdpid
DEBUG util.py:461:  Hypervisor vendor:                       KVM
DEBUG util.py:461:  Virtualization type:                     full
DEBUG util.py:461:  L1d cache:                               768 KiB (24 instances)
DEBUG util.py:461:  L1i cache:                               768 KiB (24 instances)
DEBUG util.py:461:  L2 cache:                                12 MiB (24 instances)
DEBUG util.py:461:  L3 cache:                                96 MiB (3 instances)
DEBUG util.py:461:  NUMA node(s):                            1
DEBUG util.py:461:  NUMA node0 CPU(s):                       0-47
DEBUG util.py:461:  Vulnerability Gather data sampling:      Not affected
DEBUG util.py:461:  Vulnerability Indirect target selection: Not affected
DEBUG util.py:461:  Vulnerability Itlb multihit:             Not affected
DEBUG util.py:461:  Vulnerability L1tf:                      Not affected
DEBUG util.py:461:  Vulnerability Mds:                       Not affected
DEBUG util.py:461:  Vulnerability Meltdown:                  Not affected
DEBUG util.py:461:  Vulnerability Mmio stale data:           Not affected
DEBUG util.py:461:  Vulnerability Reg file data sampling:    Not affected
DEBUG util.py:461:  Vulnerability Retbleed:                  Not affected
DEBUG util.py:461:  Vulnerability Spec rstack overflow:      Mitigation; Safe RET
DEBUG util.py:461:  Vulnerability Spec store bypass:         Mitigation; Speculative Store Bypass disabled via prctl
DEBUG util.py:461:  Vulnerability Spectre v1:                Mitigation; usercopy/swapgs barriers and __user pointer sanitization
DEBUG util.py:461:  Vulnerability Spectre v2:                Mitigation; Retpolines; IBPB conditional; IBRS_FW; STIBP always-on; RSB filling; PBRSB-eIBRS Not affected; BHI Not affected
DEBUG util.py:461:  Vulnerability Srbds:                     Not affected
DEBUG util.py:461:  Vulnerability Tsa:                       Mitigation; Clear CPU buffers
DEBUG util.py:461:  Vulnerability Tsx async abort:           Not affected
DEBUG util.py:461:  Vulnerability Vmscape:                   Not affected
DEBUG util.py:608:  Child return code was: 0
DEBUG util.py:634:  child environment: None
DEBUG util.py:556:  Executing command: ['/bin/free', '--human'] with env {'TERM': 'vt100', 'SHELL': '/bin/sh', 'HOME': '/builddir', 'HOSTNAME': 'mock', 'PATH': '/usr/bin:/bin:/usr/sbin:/sbin', 'LANG': 'C.UTF-8'} and shell False
DEBUG util.py:461:                 total        used        free      shared  buff/cache   available
DEBUG util.py:461:  Mem:            91Gi       1.7Gi        87Gi        16Mi       3.2Gi        90Gi
DEBUG util.py:461:  Swap:             0B          0B          0B
DEBUG util.py:608:  Child return code was: 0
DEBUG util.py:634:  child environment: None
DEBUG util.py:556:  Executing command: ['/bin/df', '-H', '-T', '/var/lib/mock/rocky-10-x86_64/root', '/var/cache/mock'] with env {'TERM': 'vt100', 'SHELL': '/bin/sh', 'HOME': '/builddir', 'HOSTNAME': 'mock', 'PATH': '/usr/bin:/bin:/usr/sbin:/sbin', 'LANG': 'C.UTF-8'} and shell False
DEBUG util.py:461:  Filesystem     Type  Size  Used Avail Use% Mounted on
DEBUG util.py:461:  /dev/nvme0n1p2 xfs   322G   57G  265G  18% /
DEBUG util.py:461:  /dev/nvme0n1p2 xfs   322G   57G  265G  18% /
DEBUG util.py:608:  Child return code was: 0
DEBUG buildroot.py:723:  create skeleton dirs
DEBUG file_util.py:18:  ensuring that dir exists: /var/lib/mock/rocky-10-x86_64/root/var/lib/rpm
DEBUG file_util.py:18:  ensuring that dir exists: /var/lib/mock/rocky-10-x86_64/root/var/lib/yum
DEBUG file_util.py:18:  ensuring that dir exists: /var/lib/mock/rocky-10-x86_64/root/var/lib/dbus
DEBUG file_util.py:18:  ensuring that dir exists: /var/lib/mock/rocky-10-x86_64/root/var/log
DEBUG file_util.py:18:  ensuring that dir exists: /var/lib/mock/rocky-10-x86_64/root/var/cache/dnf
DEBUG file_util.py:18:  ensuring that dir exists: /var/lib/mock/rocky-10-x86_64/root/var/cache/yum
DEBUG file_util.py:18:  ensuring that dir exists: /var/lib/mock/rocky-10-x86_64/root/etc/rpm
DEBUG file_util.py:18:  ensuring that dir exists: /var/lib/mock/rocky-10-x86_64/root/tmp
DEBUG file_util.py:18:  ensuring that dir exists: /var/lib/mock/rocky-10-x86_64/root/tmp/ccache
DEBUG file_util.py:18:  ensuring that dir exists: /var/lib/mock/rocky-10-x86_64/root/var/tmp
DEBUG file_util.py:18:  ensuring that dir exists: /var/lib/mock/rocky-10-x86_64/root/etc/dnf
DEBUG file_util.py:18:  ensuring that dir exists: /var/lib/mock/rocky-10-x86_64/root/etc/dnf/vars
DEBUG file_util.py:18:  ensuring that dir exists: /var/lib/mock/rocky-10-x86_64/root/etc/yum.repos.d
DEBUG file_util.py:18:  ensuring that dir exists: /var/lib/mock/rocky-10-x86_64/root/etc/yum
DEBUG file_util.py:18:  ensuring that dir exists: /var/lib/mock/rocky-10-x86_64/root/proc
DEBUG file_util.py:18:  ensuring that dir exists: /var/lib/mock/rocky-10-x86_64/root/sys
DEBUG file_util.py:18:  ensuring that dir exists: /var/lib/mock/rocky-10-x86_64/root/run/lock
DEBUG file_util.py:18:  ensuring that dir exists: /var/lib/mock/rocky-10-x86_64/root/dev/pts
DEBUG file_util.py:21:  created dir: /var/lib/mock/rocky-10-x86_64/root/dev/pts
DEBUG file_util.py:18:  ensuring that dir exists: /var/lib/mock/rocky-10-x86_64/root/dev/shm
DEBUG file_util.py:21:  created dir: /var/lib/mock/rocky-10-x86_64/root/dev/shm
DEBUG file_util.py:18:  ensuring that dir exists: /var/lib/mock/rocky-10-x86_64/root/dev/mapper
DEBUG file_util.py:21:  created dir: /var/lib/mock/rocky-10-x86_64/root/dev/mapper
DEBUG buildroot.py:867:  kernel version == 5.14.0-611.34.1.el9_7.x86_64
DEBUG file_util.py:30:  touching file: /var/lib/mock/rocky-10-x86_64/root/etc/fstab
DEBUG file_util.py:30:  touching file: /var/lib/mock/rocky-10-x86_64/root/etc/yum/yum.conf
DEBUG file_util.py:30:  touching file: /var/lib/mock/rocky-10-x86_64/root/etc/dnf/dnf.conf
DEBUG file_util.py:30:  touching file: /var/lib/mock/rocky-10-x86_64/root/var/log/yum.log
DEBUG buildroot.py:332:  rootdir = /var/lib/mock/rocky-10-x86_64/root
DEBUG buildroot.py:333:  resultdir = /home/sherif/shim_dbx_r10/results/r10
INFO buildroot.py:181:  Package manager dnf4 detected and used (direct choice)
DEBUG file_util.py:18:  ensuring that dir exists: /var/lib/mock/rocky-10-x86_64/root/etc/pki/mock
DEBUG package_manager.py:404:  copying CA trust dir into chroot: /etc/pki/ca-trust => /etc/pki/ca-trust
DEBUG file_util.py:158:  Updating files in /var/lib/mock/rocky-10-x86_64/root/etc/pki/ca-trust with files from /etc/pki/ca-trust
DEBUG file_util.py:18:  ensuring that dir exists: /var/lib/mock/rocky-10-x86_64/root/etc/pki/ca-trust
DEBUG file_util.py:18:  ensuring that dir exists: /var/lib/mock/rocky-10-x86_64/root/etc/pki/ca-trust/./extracted
DEBUG file_util.py:18:  ensuring that dir exists: /var/lib/mock/rocky-10-x86_64/root/etc/pki/ca-trust/./source
DEBUG file_util.py:18:  ensuring that dir exists: /var/lib/mock/rocky-10-x86_64/root/etc/pki/ca-trust/extracted/edk2
DEBUG file_util.py:18:  ensuring that dir exists: /var/lib/mock/rocky-10-x86_64/root/etc/pki/ca-trust/extracted/java
DEBUG file_util.py:18:  ensuring that dir exists: /var/lib/mock/rocky-10-x86_64/root/etc/pki/ca-trust/extracted/openssl
DEBUG file_util.py:18:  ensuring that dir exists: /var/lib/mock/rocky-10-x86_64/root/etc/pki/ca-trust/extracted/pem
DEBUG file_util.py:18:  ensuring that dir exists: /var/lib/mock/rocky-10-x86_64/root/etc/pki/ca-trust/extracted/pem/directory-hash
DEBUG file_util.py:18:  ensuring that dir exists: /var/lib/mock/rocky-10-x86_64/root/etc/pki/ca-trust/source/anchors
DEBUG file_util.py:18:  ensuring that dir exists: /var/lib/mock/rocky-10-x86_64/root/etc/pki/ca-trust/source/blocklist
DEBUG package_manager.py:404:  copying CA trust dir into chroot: /usr/share/pki/ca-trust-source => /usr/share/pki/ca-trust-source
DEBUG file_util.py:158:  Updating files in /var/lib/mock/rocky-10-x86_64/root/usr/share/pki/ca-trust-source with files from /usr/share/pki/ca-trust-source
DEBUG file_util.py:18:  ensuring that dir exists: /var/lib/mock/rocky-10-x86_64/root/usr/share/pki/ca-trust-source
DEBUG file_util.py:18:  ensuring that dir exists: /var/lib/mock/rocky-10-x86_64/root/usr/share/pki/ca-trust-source/./anchors
DEBUG file_util.py:18:  ensuring that dir exists: /var/lib/mock/rocky-10-x86_64/root/usr/share/pki/ca-trust-source/./blocklist
DEBUG file_util.py:18:  ensuring that dir exists: /var/lib/mock/rocky-10-x86_64/root/etc/dnf
DEBUG package_manager.py:691:  configure DNF vars
DEBUG file_util.py:18:  ensuring that dir exists: /var/lib/mock/rocky-10-x86_64/root/proc
DEBUG util.py:634:  child environment: None
DEBUG util.py:556:  Executing command: ['/bin/mount', '-n', '-t', 'tmpfs', '-o', 'rprivate,mode=0755', 'tmpfs', '/var/lib/mock/rocky-10-x86_64/root/proc'] with env {'TERM': 'vt100', 'SHELL': '/bin/sh', 'HOME': '/builddir', 'HOSTNAME': 'mock', 'PATH': '/usr/bin:/bin:/usr/sbin:/sbin', 'LANG': 'C.UTF-8'} and shell False
DEBUG util.py:608:  Child return code was: 0
DEBUG file_util.py:18:  ensuring that dir exists: /var/lib/mock/rocky-10-x86_64/root/proc
DEBUG util.py:634:  child environment: None
DEBUG util.py:556:  Executing command: ['/bin/mount', '-n', '-o', 'rbind', '/proc', '/var/lib/mock/rocky-10-x86_64/root/proc'] with env {'TERM': 'vt100', 'SHELL': '/bin/sh', 'HOME': '/builddir', 'HOSTNAME': 'mock', 'PATH': '/usr/bin:/bin:/usr/sbin:/sbin', 'LANG': 'C.UTF-8'} and shell False
DEBUG util.py:608:  Child return code was: 0
DEBUG util.py:634:  child environment: None
DEBUG util.py:556:  Executing command: ['/bin/mount', '-n', '-o', 'remount,nodev,noexec,nosuid,readonly,rprivate,rbind', '--target', '/var/lib/mock/rocky-10-x86_64/root/proc'] with env {'TERM': 'vt100', 'SHELL': '/bin/sh', 'HOME': '/builddir', 'HOSTNAME': 'mock', 'PATH': '/usr/bin:/bin:/usr/sbin:/sbin', 'LANG': 'C.UTF-8'} and shell False
DEBUG util.py:608:  Child return code was: 0
DEBUG file_util.py:18:  ensuring that dir exists: /var/lib/mock/rocky-10-x86_64/root/sys
DEBUG util.py:634:  child environment: None
DEBUG util.py:556:  Executing command: ['/bin/mount', '-n', '-t', 'tmpfs', '-o', 'rprivate,mode=0755', 'tmpfs', '/var/lib/mock/rocky-10-x86_64/root/sys'] with env {'TERM': 'vt100', 'SHELL': '/bin/sh', 'HOME': '/builddir', 'HOSTNAME': 'mock', 'PATH': '/usr/bin:/bin:/usr/sbin:/sbin', 'LANG': 'C.UTF-8'} and shell False
DEBUG util.py:608:  Child return code was: 0
DEBUG file_util.py:18:  ensuring that dir exists: /var/lib/mock/rocky-10-x86_64/root/sys
DEBUG util.py:634:  child environment: None
DEBUG util.py:556:  Executing command: ['/bin/mount', '-n', '-o', 'rbind', '/sys', '/var/lib/mock/rocky-10-x86_64/root/sys'] with env {'TERM': 'vt100', 'SHELL': '/bin/sh', 'HOME': '/builddir', 'HOSTNAME': 'mock', 'PATH': '/usr/bin:/bin:/usr/sbin:/sbin', 'LANG': 'C.UTF-8'} and shell False
DEBUG util.py:608:  Child return code was: 0
DEBUG util.py:634:  child environment: None
DEBUG util.py:556:  Executing command: ['/bin/mount', '-n', '-o', 'remount,nodev,noexec,nosuid,readonly,rprivate,rbind', '--target', '/var/lib/mock/rocky-10-x86_64/root/sys'] with env {'TERM': 'vt100', 'SHELL': '/bin/sh', 'HOME': '/builddir', 'HOSTNAME': 'mock', 'PATH': '/usr/bin:/bin:/usr/sbin:/sbin', 'LANG': 'C.UTF-8'} and shell False
DEBUG util.py:608:  Child return code was: 0
DEBUG file_util.py:18:  ensuring that dir exists: /var/lib/mock/rocky-10-x86_64/root/dev/shm
DEBUG util.py:634:  child environment: None
DEBUG util.py:556:  Executing command: ['/bin/mount', '-n', '-t', 'tmpfs', 'tmpfs', '/var/lib/mock/rocky-10-x86_64/root/dev/shm'] with env {'TERM': 'vt100', 'SHELL': '/bin/sh', 'HOME': '/builddir', 'HOSTNAME': 'mock', 'PATH': '/usr/bin:/bin:/usr/sbin:/sbin', 'LANG': 'C.UTF-8'} and shell False
DEBUG util.py:608:  Child return code was: 0
DEBUG file_util.py:18:  ensuring that dir exists: /var/lib/mock/rocky-10-x86_64/root/dev/pts
DEBUG util.py:634:  child environment: None
DEBUG util.py:556:  Executing command: ['/bin/mount', '-n', '-t', 'devpts', '-o', 'gid=5,mode=0620,ptmxmode=0666,newinstance', 'devpts', '/var/lib/mock/rocky-10-x86_64/root/dev/pts'] with env {'TERM': 'vt100', 'SHELL': '/bin/sh', 'HOME': '/builddir', 'HOSTNAME': 'mock', 'PATH': '/usr/bin:/bin:/usr/sbin:/sbin', 'LANG': 'C.UTF-8'} and shell False
DEBUG util.py:608:  Child return code was: 0
DEBUG util.py:634:  child environment: None
DEBUG util.py:556:  Executing command: ['/bin/mount', '-n', '-o', 'bind', '/tmp/mock-selinux-plugin.ixid56r0', '/var/lib/mock/rocky-10-x86_64/root/proc/filesystems'] with env {'TERM': 'vt100', 'SHELL': '/bin/sh', 'HOME': '/builddir', 'HOSTNAME': 'mock', 'PATH': '/usr/bin:/bin:/usr/sbin:/sbin', 'LANG': 'C.UTF-8'} and shell False
DEBUG util.py:608:  Child return code was: 0
DEBUG file_util.py:18:  ensuring that dir exists: /var/lib/mock/rocky-10-x86_64/root/sys/fs/selinux
DEBUG util.py:634:  child environment: None
DEBUG util.py:556:  Executing command: ['/bin/mount', '-n', '-t', 'tmpfs', 'tmpfs', '/var/lib/mock/rocky-10-x86_64/root/sys/fs/selinux'] with env {'TERM': 'vt100', 'SHELL': '/bin/sh', 'HOME': '/builddir', 'HOSTNAME': 'mock', 'PATH': '/usr/bin:/bin:/usr/sbin:/sbin', 'LANG': 'C.UTF-8'} and shell False
DEBUG util.py:608:  Child return code was: 0
DEBUG file_util.py:18:  ensuring that dir exists: /var/lib/mock/rocky-10-x86_64/root/var/cache/yum
DEBUG util.py:634:  child environment: None
DEBUG util.py:556:  Executing command: ['/bin/mount', '-n', '-o', 'bind', '/var/cache/mock/rocky-10-x86_64/yum_cache', '/var/lib/mock/rocky-10-x86_64/root/var/cache/yum'] with env {'TERM': 'vt100', 'SHELL': '/bin/sh', 'HOME': '/builddir', 'HOSTNAME': 'mock', 'PATH': '/usr/bin:/bin:/usr/sbin:/sbin', 'LANG': 'C.UTF-8'} and shell False
DEBUG util.py:608:  Child return code was: 0
DEBUG file_util.py:18:  ensuring that dir exists: /var/lib/mock/rocky-10-x86_64/root/var/cache/dnf
DEBUG util.py:634:  child environment: None
DEBUG util.py:556:  Executing command: ['/bin/mount', '-n', '-o', 'bind', '/var/cache/mock/rocky-10-x86_64/dnf_cache', '/var/lib/mock/rocky-10-x86_64/root/var/cache/dnf'] with env {'TERM': 'vt100', 'SHELL': '/bin/sh', 'HOME': '/builddir', 'HOSTNAME': 'mock', 'PATH': '/usr/bin:/bin:/usr/sbin:/sbin', 'LANG': 'C.UTF-8'} and shell False
DEBUG util.py:608:  Child return code was: 0
DEBUG util.py:634:  child environment: None
DEBUG util.py:556:  Executing command: ['rpm', '-q', 'rpm', 'rpm-sequoia', 'python3-dnf', 'python3-dnf-plugins-core', 'yum', 'yum-utils', 'dnf5', 'dnf5-plugins'] with env {'TERM': 'vt100', 'SHELL': '/bin/sh', 'HOME': '/builddir', 'HOSTNAME': 'mock', 'PATH': '/usr/bin:/bin:/usr/sbin:/sbin', 'LANG': 'C.UTF-8'} and shell False
DEBUG util.py:461:  rpm-4.19.1.1-20.el10.x86_64
DEBUG util.py:461:  rpm-sequoia-1.9.0.3-1.el10_1.x86_64
DEBUG util.py:461:  python3-dnf-4.20.0-18.el10.rocky.0.1.noarch
DEBUG util.py:461:  python3-dnf-plugins-core-4.7.0-9.el10.noarch
DEBUG util.py:461:  yum-4.20.0-18.el10.rocky.0.1.noarch
DEBUG util.py:461:  package yum-utils is not installed
DEBUG util.py:461:  package dnf5 is not installed
DEBUG util.py:461:  package dnf5-plugins is not installed
DEBUG util.py:608:  Child return code was: 3
INFO package_manager.py:201:  Buildroot is handled by package management downloaded with a bootstrap image:
  rpm-4.19.1.1-20.el10.x86_64
  rpm-sequoia-1.9.0.3-1.el10_1.x86_64
  python3-dnf-4.20.0-18.el10.rocky.0.1.noarch
  python3-dnf-plugins-core-4.7.0-9.el10.noarch
  yum-4.20.0-18.el10.rocky.0.1.noarch
DEBUG file_util.py:18:  ensuring that dir exists: /var/lib/mock/rocky-10-x86_64-bootstrap/root/var/lib/mock/rocky-10-x86_64/root
DEBUG util.py:634:  child environment: None
DEBUG util.py:556:  Executing command: ['/bin/mount', '-n', '-t', 'tmpfs', '-o', 'private,mode=0755', 'tmpfs', '/var/lib/mock/rocky-10-x86_64-bootstrap/root/var/lib/mock/rocky-10-x86_64/root'] with env {'TERM': 'vt100', 'SHELL': '/bin/sh', 'HOME': '/builddir', 'HOSTNAME': 'mock', 'PATH': '/usr/bin:/bin:/usr/sbin:/sbin', 'LANG': 'C.UTF-8'} and shell False
DEBUG util.py:608:  Child return code was: 0
DEBUG file_util.py:18:  ensuring that dir exists: /var/lib/mock/rocky-10-x86_64-bootstrap/root/var/lib/mock/rocky-10-x86_64/root
DEBUG util.py:634:  child environment: None
DEBUG util.py:556:  Executing command: ['/bin/mount', '-n', '-o', 'rbind', '/var/lib/mock/rocky-10-x86_64/root', '/var/lib/mock/rocky-10-x86_64-bootstrap/root/var/lib/mock/rocky-10-x86_64/root'] with env {'TERM': 'vt100', 'SHELL': '/bin/sh', 'HOME': '/builddir', 'HOSTNAME': 'mock', 'PATH': '/usr/bin:/bin:/usr/sbin:/sbin', 'LANG': 'C.UTF-8'} and shell False
DEBUG util.py:608:  Child return code was: 0
DEBUG util.py:634:  child environment: None
DEBUG util.py:556:  Executing command: ['/bin/mount', '-n', '-o', 'remount,private,rbind', '--target', '/var/lib/mock/rocky-10-x86_64-bootstrap/root/var/lib/mock/rocky-10-x86_64/root'] with env {'TERM': 'vt100', 'SHELL': '/bin/sh', 'HOME': '/builddir', 'HOSTNAME': 'mock', 'PATH': '/usr/bin:/bin:/usr/sbin:/sbin', 'LANG': 'C.UTF-8'} and shell False
DEBUG util.py:608:  Child return code was: 0
DEBUG util.py:634:  child environment: None
DEBUG util.py:556:  Executing command: ['/bin/rpm', '-qa', '--root', '/var/lib/mock/rocky-10-x86_64/root'] with env {'TERM': 'vt100', 'SHELL': '/bin/bash', 'HOME': '/builddir', 'HOSTNAME': 'mock', 'PATH': '/usr/bin:/bin:/usr/sbin:/sbin', 'PROMPT_COMMAND': 'printf "\\033]0;<mock-chroot>\\007"', 'PS1': '<mock-chroot> \\s-\\v\\$ ', 'LANG': 'C.UTF-8'} and shell False
DEBUG util.py:461:  gpg-pubkey-6fedfc85-682ae1a9
DEBUG util.py:461:  libgcc-14.3.1-2.1.el10.x86_64
DEBUG util.py:461:  rust-toolset-srpm-macros-1.88.0-1.el10.noarch
DEBUG util.py:461:  qt6-srpm-macros-6.9.1-1.el10.noarch
DEBUG util.py:461:  perl-srpm-macros-1-57.el10.noarch
DEBUG util.py:461:  package-notes-srpm-macros-0.5-13.el10.noarch
DEBUG util.py:461:  openblas-srpm-macros-2-19.el10.noarch
DEBUG util.py:461:  ocaml-srpm-macros-10-4.el10.noarch
DEBUG util.py:461:  kernel-srpm-macros-1.0-26.el10.noarch
DEBUG util.py:461:  rocky-gpg-keys-10.1-1.4.el10.noarch
DEBUG util.py:461:  rocky-release-10.1-1.4.el10.noarch
DEBUG util.py:461:  rocky-repos-10.1-1.4.el10.noarch
DEBUG util.py:461:  setup-2.14.5-7.el10.noarch
DEBUG util.py:461:  filesystem-3.18-17.el10.x86_64
DEBUG util.py:461:  basesystem-11-22.el10.noarch
DEBUG util.py:461:  publicsuffix-list-dafsa-20240107-5.el10.noarch
DEBUG util.py:461:  pkgconf-m4-2.1.0-3.el10.noarch
DEBUG util.py:461:  pcre2-syntax-10.44-1.el10.3.noarch
DEBUG util.py:461:  ncurses-base-6.4-14.20240127.el10.noarch
DEBUG util.py:461:  glibc-gconv-extra-2.39-58.el10_1.7.x86_64
DEBUG util.py:461:  glibc-minimal-langpack-2.39-58.el10_1.7.x86_64
DEBUG util.py:461:  glibc-common-2.39-58.el10_1.7.x86_64
DEBUG util.py:461:  glibc-2.39-58.el10_1.7.x86_64
DEBUG util.py:461:  ncurses-libs-6.4-14.20240127.el10.x86_64
DEBUG util.py:461:  bash-5.2.26-6.el10.x86_64
DEBUG util.py:461:  zlib-ng-compat-2.2.3-3.el10_1.x86_64
DEBUG util.py:461:  bzip2-libs-1.0.8-25.el10.x86_64
DEBUG util.py:461:  xz-libs-5.6.2-4.el10_0.x86_64
DEBUG util.py:461:  readline-8.2-11.el10.x86_64
DEBUG util.py:461:  libstdc++-14.3.1-2.1.el10.x86_64
DEBUG util.py:461:  libuuid-2.40.2-15.el10_1.x86_64
DEBUG util.py:461:  popt-1.19-8.el10.x86_64
DEBUG util.py:461:  libblkid-2.40.2-15.el10_1.x86_64
DEBUG util.py:461:  gmp-6.2.1-12.el10.x86_64
DEBUG util.py:461:  libattr-2.5.2-5.el10.x86_64
DEBUG util.py:461:  libacl-2.3.2-4.el10.x86_64
DEBUG util.py:461:  libxcrypt-4.4.36-10.el10.x86_64
DEBUG util.py:461:  libzstd-1.5.5-9.el10.x86_64
DEBUG util.py:461:  elfutils-libelf-0.193-1.el10.rocky.0.1.x86_64
DEBUG util.py:461:  crypto-policies-20250905-2.gitc7eb7b2.el10_1.1.noarch
DEBUG util.py:461:  gdbm-libs-1.23-13.el10.x86_64
DEBUG util.py:461:  libeconf-0.6.2-4.el10.x86_64
DEBUG util.py:461:  dwz-0.16-1.el10.x86_64
DEBUG util.py:461:  mpfr-4.2.1-5.el10.x86_64
DEBUG util.py:461:  gawk-5.3.0-6.el10.x86_64
DEBUG util.py:461:  unzip-6.0-69.el10.x86_64
DEBUG util.py:461:  file-libs-5.45-8.el10.x86_64
DEBUG util.py:461:  file-5.45-8.el10.x86_64
DEBUG util.py:461:  alternatives-1.30-2.el10.x86_64
DEBUG util.py:461:  jansson-2.14-3.el10.x86_64
DEBUG util.py:461:  libcap-ng-0.8.4-6.el10.x86_64
DEBUG util.py:461:  audit-libs-4.0.3-4.el10.x86_64
DEBUG util.py:461:  pam-libs-1.6.1-8.el10.x86_64
DEBUG util.py:461:  libcap-2.69-7.el10.x86_64
DEBUG util.py:461:  systemd-libs-257-13.el10.rocky.0.1.x86_64
DEBUG util.py:461:  libffi-3.4.4-10.el10.x86_64
DEBUG util.py:461:  libsepol-3.9-1.el10.x86_64
DEBUG util.py:461:  libsmartcols-2.40.2-15.el10_1.x86_64
DEBUG util.py:461:  libtasn1-4.20.0-1.el10.x86_64
DEBUG util.py:461:  libunistring-1.1-10.el10.x86_64
DEBUG util.py:461:  libidn2-2.3.7-3.el10.x86_64
DEBUG util.py:461:  lua-libs-5.4.6-7.el10.x86_64
DEBUG util.py:461:  lz4-libs-1.9.4-8.el10.x86_64
DEBUG util.py:461:  pcre2-10.44-1.el10.3.x86_64
DEBUG util.py:461:  libselinux-3.9-1.el10.x86_64
DEBUG util.py:461:  sed-4.9-3.el10.x86_64
DEBUG util.py:461:  findutils-4.10.0-5.el10.x86_64
DEBUG util.py:461:  grep-3.11-10.el10.x86_64
DEBUG util.py:461:  xz-5.6.2-4.el10_0.x86_64
DEBUG util.py:461:  libmount-2.40.2-15.el10_1.x86_64
DEBUG util.py:461:  util-linux-core-2.40.2-15.el10_1.x86_64
DEBUG util.py:461:  libsemanage-3.9-1.el10.x86_64
DEBUG util.py:461:  shadow-utils-4.15.0-8.el10.x86_64
DEBUG util.py:461:  libutempter-1.2.1-15.el10.x86_64
DEBUG util.py:461:  tar-1.35-9.el10_1.x86_64
DEBUG util.py:461:  zstd-1.5.5-9.el10.x86_64
DEBUG util.py:461:  libpsl-0.21.5-6.el10.x86_64
DEBUG util.py:461:  p11-kit-0.25.5-7.el10.x86_64
DEBUG util.py:461:  p11-kit-trust-0.25.5-7.el10.x86_64
DEBUG util.py:461:  zip-3.0-45.el10.x86_64
DEBUG util.py:461:  cyrus-sasl-lib-2.1.28-29.el10.x86_64
DEBUG util.py:461:  gdbm-1.23-13.el10.x86_64
DEBUG util.py:461:  libfdisk-2.40.2-15.el10_1.x86_64
DEBUG util.py:461:  libxml2-2.12.5-9.el10_0.x86_64
DEBUG util.py:461:  bzip2-1.0.8-25.el10.x86_64
DEBUG util.py:461:  sqlite-libs-3.46.1-5.el10_1.x86_64
DEBUG util.py:461:  ed-1.20-5.el10.x86_64
DEBUG util.py:461:  patch-2.7.6-26.el10.x86_64
DEBUG util.py:461:  elfutils-default-yama-scope-0.193-1.el10.rocky.0.1.noarch
DEBUG util.py:461:  cpio-2.15-3.el10.x86_64
DEBUG util.py:461:  diffutils-3.10-8.el10.x86_64
DEBUG util.py:461:  json-c-0.18-3.el10.x86_64
DEBUG util.py:461:  keyutils-libs-1.6.3-5.el10.x86_64
DEBUG util.py:461:  libbrotli-1.1.0-7.el10_1.x86_64
DEBUG util.py:461:  libcom_err-1.47.1-4.el10.x86_64
DEBUG util.py:461:  libgomp-14.3.1-2.1.el10.x86_64
DEBUG util.py:461:  libnghttp2-1.64.0-2.el10.x86_64
DEBUG util.py:461:  libpkgconf-2.1.0-3.el10.x86_64
DEBUG util.py:461:  pkgconf-2.1.0-3.el10.x86_64
DEBUG util.py:461:  pkgconf-pkg-config-2.1.0-3.el10.x86_64
DEBUG util.py:461:  libverto-0.3.2-10.el10.x86_64
DEBUG util.py:461:  libssh-config-0.11.1-5.el10_1.noarch
DEBUG util.py:461:  coreutils-common-9.5-6.el10.x86_64
DEBUG util.py:461:  openssl-fips-provider-3.5.1-7.el10_1.x86_64
DEBUG util.py:461:  openssl-libs-3.5.1-7.el10_1.x86_64
DEBUG util.py:461:  coreutils-9.5-6.el10.x86_64
DEBUG util.py:461:  ca-certificates-2025.2.80_v9.0.305-102.el10.noarch
DEBUG util.py:461:  authselect-libs-1.5.0-8.el10.x86_64
DEBUG util.py:461:  gzip-1.13-3.el10.x86_64
DEBUG util.py:461:  cracklib-2.9.11-8.el10.x86_64
DEBUG util.py:461:  krb5-libs-1.21.3-8.el10_0.x86_64
DEBUG util.py:461:  libarchive-3.7.7-4.el10_0.x86_64
DEBUG util.py:461:  libssh-0.11.1-5.el10_1.x86_64
DEBUG util.py:461:  cracklib-dicts-2.9.11-8.el10.x86_64
DEBUG util.py:461:  libpwquality-1.4.5-12.el10.x86_64
DEBUG util.py:461:  pam-1.6.1-8.el10.x86_64
DEBUG util.py:461:  libevent-2.1.12-16.el10.x86_64
DEBUG util.py:461:  openldap-2.6.9-1.el10.x86_64
DEBUG util.py:461:  libcurl-8.12.1-2.el10_1.2.x86_64
DEBUG util.py:461:  elfutils-libs-0.193-1.el10.rocky.0.1.x86_64
DEBUG util.py:461:  elfutils-debuginfod-client-0.193-1.el10.rocky.0.1.x86_64
DEBUG util.py:461:  binutils-gold-2.41-58.el10_1.2.x86_64
DEBUG util.py:461:  binutils-2.41-58.el10_1.2.x86_64
DEBUG util.py:461:  elfutils-0.193-1.el10.rocky.0.1.x86_64
DEBUG util.py:461:  gdb-minimal-16.3-2.el10.x86_64
DEBUG util.py:461:  debugedit-5.1-8.el10.x86_64
DEBUG util.py:461:  curl-8.12.1-2.el10_1.2.x86_64
DEBUG util.py:461:  rpm-sequoia-1.9.0.3-1.el10_1.x86_64
DEBUG util.py:461:  rpm-libs-4.19.1.1-20.el10.x86_64
DEBUG util.py:461:  rpm-4.19.1.1-20.el10.x86_64
DEBUG util.py:461:  efi-srpm-macros-6-7.el10.noarch
DEBUG util.py:461:  lua-srpm-macros-1-15.el10.noarch
DEBUG util.py:461:  rpm-build-libs-4.19.1.1-20.el10.x86_64
DEBUG util.py:461:  fonts-srpm-macros-2.0.5-18.el10.noarch
DEBUG util.py:461:  forge-srpm-macros-0.4.0-6.el10.noarch
DEBUG util.py:461:  go-srpm-macros-3.6.0-7.el10_1.noarch
DEBUG util.py:461:  python-srpm-macros-3.12-10.el10.noarch
DEBUG util.py:461:  redhat-rpm-config-293-1.el10.rocky.0.2.noarch
DEBUG util.py:461:  rpm-build-4.19.1.1-20.el10.x86_64
DEBUG util.py:461:  pyproject-srpm-macros-1.16.2-1.el10.noarch
DEBUG util.py:461:  util-linux-2.40.2-15.el10_1.x86_64
DEBUG util.py:461:  authselect-1.5.0-8.el10.x86_64
DEBUG util.py:461:  which-2.21-44.el10_0.x86_64
DEBUG util.py:461:  info-7.1-6.el10.x86_64
DEBUG util.py:608:  Child return code was: 0
DEBUG util.py:183:  kill orphans in chroot /var/lib/mock/rocky-10-x86_64/root
DEBUG util.py:183:  kill orphans in chroot /var/lib/mock/rocky-10-x86_64-bootstrap/root/var/lib/mock/rocky-10-x86_64/root
DEBUG util.py:634:  child environment: None
DEBUG util.py:556:  Executing command: ['/bin/umount', '-n', '-l', '/var/lib/mock/rocky-10-x86_64-bootstrap/root/var/lib/mock/rocky-10-x86_64/root'] with env {'TERM': 'vt100', 'SHELL': '/bin/sh', 'HOME': '/builddir', 'HOSTNAME': 'mock', 'PATH': '/usr/bin:/bin:/usr/sbin:/sbin', 'LANG': 'C.UTF-8'} and shell False
DEBUG util.py:608:  Child return code was: 0
DEBUG util.py:634:  child environment: None
DEBUG util.py:556:  Executing command: ['/bin/umount', '-n', '-l', '/var/lib/mock/rocky-10-x86_64-bootstrap/root/var/lib/mock/rocky-10-x86_64/root'] with env {'TERM': 'vt100', 'SHELL': '/bin/sh', 'HOME': '/builddir', 'HOSTNAME': 'mock', 'PATH': '/usr/bin:/bin:/usr/sbin:/sbin', 'LANG': 'C.UTF-8'} and shell False
DEBUG util.py:608:  Child return code was: 0
DEBUG file_util.py:18:  ensuring that dir exists: /var/lib/mock/rocky-10-x86_64-bootstrap/root/var/lib/mock/rocky-10-x86_64/root
DEBUG util.py:634:  child environment: None
DEBUG util.py:556:  Executing command: ['/bin/mount', '-n', '-t', 'tmpfs', '-o', 'private,mode=0755', 'tmpfs', '/var/lib/mock/rocky-10-x86_64-bootstrap/root/var/lib/mock/rocky-10-x86_64/root'] with env {'TERM': 'vt100', 'SHELL': '/bin/sh', 'HOME': '/builddir', 'HOSTNAME': 'mock', 'PATH': '/usr/bin:/bin:/usr/sbin:/sbin', 'LANG': 'C.UTF-8'} and shell False
DEBUG util.py:608:  Child return code was: 0
DEBUG file_util.py:18:  ensuring that dir exists: /var/lib/mock/rocky-10-x86_64-bootstrap/root/var/lib/mock/rocky-10-x86_64/root
DEBUG util.py:634:  child environment: None
DEBUG util.py:556:  Executing command: ['/bin/mount', '-n', '-o', 'rbind', '/var/lib/mock/rocky-10-x86_64/root', '/var/lib/mock/rocky-10-x86_64-bootstrap/root/var/lib/mock/rocky-10-x86_64/root'] with env {'TERM': 'vt100', 'SHELL': '/bin/sh', 'HOME': '/builddir', 'HOSTNAME': 'mock', 'PATH': '/usr/bin:/bin:/usr/sbin:/sbin', 'LANG': 'C.UTF-8'} and shell False
DEBUG util.py:608:  Child return code was: 0
DEBUG util.py:634:  child environment: None
DEBUG util.py:556:  Executing command: ['/bin/mount', '-n', '-o', 'remount,private,rbind', '--target', '/var/lib/mock/rocky-10-x86_64-bootstrap/root/var/lib/mock/rocky-10-x86_64/root'] with env {'TERM': 'vt100', 'SHELL': '/bin/sh', 'HOME': '/builddir', 'HOSTNAME': 'mock', 'PATH': '/usr/bin:/bin:/usr/sbin:/sbin', 'LANG': 'C.UTF-8'} and shell False
DEBUG util.py:608:  Child return code was: 0
DEBUG file_util.py:18:  ensuring that dir exists: /var/lib/mock/rocky-10-x86_64/root/installation-homedir
DEBUG package_manager.py:295:  ['/usr/bin/dnf-3', '--installroot', '/var/lib/mock/rocky-10-x86_64/root/', '-y', '--releasever', '10', '--setopt=deltarpm=False', '--setopt=allow_vendor_change=yes', '--allowerasing', '--disableplugin=local', '--disableplugin=spacewalk', '--disableplugin=versionlock', 'update']
DEBUG util.py:634:  child environment: None
DEBUG util.py:556:  Executing command: ['/usr/bin/dnf-3', '--installroot', '/var/lib/mock/rocky-10-x86_64/root/', '-y', '--releasever', '10', '--setopt=deltarpm=False', '--setopt=allow_vendor_change=yes', '--allowerasing', '--disableplugin=local', '--disableplugin=spacewalk', '--disableplugin=versionlock', 'update', '--setopt=tsflags=nocontexts'] with env {'TERM': 'vt100', 'SHELL': '/bin/bash', 'HOME': '/var/lib/mock/rocky-10-x86_64/root/installation-homedir', 'HOSTNAME': 'mock', 'PATH': '/usr/bin:/bin:/usr/sbin:/sbin', 'PROMPT_COMMAND': 'printf "\\033]0;<mock-chroot>\\007"', 'PS1': '<mock-chroot> \\s-\\v\\$ ', 'LANG': 'C.UTF-8', 'LC_MESSAGES': 'C.UTF-8'} and shell False
DEBUG util.py:459:  No matches found for the following disable plugin patterns: local, spacewalk, versionlock
DEBUG util.py:461:  Rocky Linux 10 - BaseOS                                                                                       5.9 kB/s | 4.3 kB     00:00    
DEBUG util.py:461:  Rocky Linux 10 - AppStream                                                                                     15 kB/s | 4.3 kB     00:00    
DEBUG util.py:461:  Rocky Linux 10 - CRB                                                                                          4.4 kB/s | 4.3 kB     00:00    
DEBUG util.py:461:  Rocky Linux 10 - Extras                                                                                        11 kB/s | 3.1 kB     00:00    
DEBUG util.py:461:  Dependencies resolved.
DEBUG util.py:461:  Nothing to do.
DEBUG util.py:461:  Complete!
DEBUG util.py:608:  Child return code was: 0
DEBUG util.py:183:  kill orphans in chroot /var/lib/mock/rocky-10-x86_64/root
DEBUG util.py:183:  kill orphans in chroot /var/lib/mock/rocky-10-x86_64-bootstrap/root/var/lib/mock/rocky-10-x86_64/root
DEBUG util.py:634:  child environment: None
DEBUG util.py:556:  Executing command: ['/bin/umount', '-n', '-l', '/var/lib/mock/rocky-10-x86_64-bootstrap/root/var/lib/mock/rocky-10-x86_64/root'] with env {'TERM': 'vt100', 'SHELL': '/bin/sh', 'HOME': '/builddir', 'HOSTNAME': 'mock', 'PATH': '/usr/bin:/bin:/usr/sbin:/sbin', 'LANG': 'C.UTF-8'} and shell False
DEBUG util.py:608:  Child return code was: 0
DEBUG util.py:634:  child environment: None
DEBUG util.py:556:  Executing command: ['/bin/umount', '-n', '-l', '/var/lib/mock/rocky-10-x86_64-bootstrap/root/var/lib/mock/rocky-10-x86_64/root'] with env {'TERM': 'vt100', 'SHELL': '/bin/sh', 'HOME': '/builddir', 'HOSTNAME': 'mock', 'PATH': '/usr/bin:/bin:/usr/sbin:/sbin', 'LANG': 'C.UTF-8'} and shell False
DEBUG util.py:608:  Child return code was: 0
DEBUG file_util.py:18:  ensuring that dir exists: /var/lib/mock/rocky-10-x86_64-bootstrap/root/var/lib/mock/rocky-10-x86_64/root
DEBUG util.py:634:  child environment: None
DEBUG util.py:556:  Executing command: ['/bin/mount', '-n', '-t', 'tmpfs', '-o', 'private,mode=0755', 'tmpfs', '/var/lib/mock/rocky-10-x86_64-bootstrap/root/var/lib/mock/rocky-10-x86_64/root'] with env {'TERM': 'vt100', 'SHELL': '/bin/sh', 'HOME': '/builddir', 'HOSTNAME': 'mock', 'PATH': '/usr/bin:/bin:/usr/sbin:/sbin', 'LANG': 'C.UTF-8'} and shell False
DEBUG util.py:608:  Child return code was: 0
DEBUG file_util.py:18:  ensuring that dir exists: /var/lib/mock/rocky-10-x86_64-bootstrap/root/var/lib/mock/rocky-10-x86_64/root
DEBUG util.py:634:  child environment: None
DEBUG util.py:556:  Executing command: ['/bin/mount', '-n', '-o', 'rbind', '/var/lib/mock/rocky-10-x86_64/root', '/var/lib/mock/rocky-10-x86_64-bootstrap/root/var/lib/mock/rocky-10-x86_64/root'] with env {'TERM': 'vt100', 'SHELL': '/bin/sh', 'HOME': '/builddir', 'HOSTNAME': 'mock', 'PATH': '/usr/bin:/bin:/usr/sbin:/sbin', 'LANG': 'C.UTF-8'} and shell False
DEBUG util.py:608:  Child return code was: 0
DEBUG util.py:634:  child environment: None
DEBUG util.py:556:  Executing command: ['/bin/mount', '-n', '-o', 'remount,private,rbind', '--target', '/var/lib/mock/rocky-10-x86_64-bootstrap/root/var/lib/mock/rocky-10-x86_64/root'] with env {'TERM': 'vt100', 'SHELL': '/bin/sh', 'HOME': '/builddir', 'HOSTNAME': 'mock', 'PATH': '/usr/bin:/bin:/usr/sbin:/sbin', 'LANG': 'C.UTF-8'} and shell False
DEBUG util.py:608:  Child return code was: 0
DEBUG util.py:634:  child environment: None
DEBUG util.py:556:  Executing command: ['/bin/rpm', '-qa', '--root', '/var/lib/mock/rocky-10-x86_64/root'] with env {'TERM': 'vt100', 'SHELL': '/bin/bash', 'HOME': '/builddir', 'HOSTNAME': 'mock', 'PATH': '/usr/bin:/bin:/usr/sbin:/sbin', 'PROMPT_COMMAND': 'printf "\\033]0;<mock-chroot>\\007"', 'PS1': '<mock-chroot> \\s-\\v\\$ ', 'LANG': 'C.UTF-8'} and shell False
DEBUG util.py:461:  gpg-pubkey-6fedfc85-682ae1a9
DEBUG util.py:461:  libgcc-14.3.1-2.1.el10.x86_64
DEBUG util.py:461:  rust-toolset-srpm-macros-1.88.0-1.el10.noarch
DEBUG util.py:461:  qt6-srpm-macros-6.9.1-1.el10.noarch
DEBUG util.py:461:  perl-srpm-macros-1-57.el10.noarch
DEBUG util.py:461:  package-notes-srpm-macros-0.5-13.el10.noarch
DEBUG util.py:461:  openblas-srpm-macros-2-19.el10.noarch
DEBUG util.py:461:  ocaml-srpm-macros-10-4.el10.noarch
DEBUG util.py:461:  kernel-srpm-macros-1.0-26.el10.noarch
DEBUG util.py:461:  rocky-gpg-keys-10.1-1.4.el10.noarch
DEBUG util.py:461:  rocky-release-10.1-1.4.el10.noarch
DEBUG util.py:461:  rocky-repos-10.1-1.4.el10.noarch
DEBUG util.py:461:  setup-2.14.5-7.el10.noarch
DEBUG util.py:461:  filesystem-3.18-17.el10.x86_64
DEBUG util.py:461:  basesystem-11-22.el10.noarch
DEBUG util.py:461:  publicsuffix-list-dafsa-20240107-5.el10.noarch
DEBUG util.py:461:  pkgconf-m4-2.1.0-3.el10.noarch
DEBUG util.py:461:  pcre2-syntax-10.44-1.el10.3.noarch
DEBUG util.py:461:  ncurses-base-6.4-14.20240127.el10.noarch
DEBUG util.py:461:  glibc-gconv-extra-2.39-58.el10_1.7.x86_64
DEBUG util.py:461:  glibc-minimal-langpack-2.39-58.el10_1.7.x86_64
DEBUG util.py:461:  glibc-common-2.39-58.el10_1.7.x86_64
DEBUG util.py:461:  glibc-2.39-58.el10_1.7.x86_64
DEBUG util.py:461:  ncurses-libs-6.4-14.20240127.el10.x86_64
DEBUG util.py:461:  bash-5.2.26-6.el10.x86_64
DEBUG util.py:461:  zlib-ng-compat-2.2.3-3.el10_1.x86_64
DEBUG util.py:461:  bzip2-libs-1.0.8-25.el10.x86_64
DEBUG util.py:461:  xz-libs-5.6.2-4.el10_0.x86_64
DEBUG util.py:461:  readline-8.2-11.el10.x86_64
DEBUG util.py:461:  libstdc++-14.3.1-2.1.el10.x86_64
DEBUG util.py:461:  libuuid-2.40.2-15.el10_1.x86_64
DEBUG util.py:461:  popt-1.19-8.el10.x86_64
DEBUG util.py:461:  libblkid-2.40.2-15.el10_1.x86_64
DEBUG util.py:461:  gmp-6.2.1-12.el10.x86_64
DEBUG util.py:461:  libattr-2.5.2-5.el10.x86_64
DEBUG util.py:461:  libacl-2.3.2-4.el10.x86_64
DEBUG util.py:461:  libxcrypt-4.4.36-10.el10.x86_64
DEBUG util.py:461:  libzstd-1.5.5-9.el10.x86_64
DEBUG util.py:461:  elfutils-libelf-0.193-1.el10.rocky.0.1.x86_64
DEBUG util.py:461:  crypto-policies-20250905-2.gitc7eb7b2.el10_1.1.noarch
DEBUG util.py:461:  gdbm-libs-1.23-13.el10.x86_64
DEBUG util.py:461:  libeconf-0.6.2-4.el10.x86_64
DEBUG util.py:461:  dwz-0.16-1.el10.x86_64
DEBUG util.py:461:  mpfr-4.2.1-5.el10.x86_64
DEBUG util.py:461:  gawk-5.3.0-6.el10.x86_64
DEBUG util.py:461:  unzip-6.0-69.el10.x86_64
DEBUG util.py:461:  file-libs-5.45-8.el10.x86_64
DEBUG util.py:461:  file-5.45-8.el10.x86_64
DEBUG util.py:461:  alternatives-1.30-2.el10.x86_64
DEBUG util.py:461:  jansson-2.14-3.el10.x86_64
DEBUG util.py:461:  libcap-ng-0.8.4-6.el10.x86_64
DEBUG util.py:461:  audit-libs-4.0.3-4.el10.x86_64
DEBUG util.py:461:  pam-libs-1.6.1-8.el10.x86_64
DEBUG util.py:461:  libcap-2.69-7.el10.x86_64
DEBUG util.py:461:  systemd-libs-257-13.el10.rocky.0.1.x86_64
DEBUG util.py:461:  libffi-3.4.4-10.el10.x86_64
DEBUG util.py:461:  libsepol-3.9-1.el10.x86_64
DEBUG util.py:461:  libsmartcols-2.40.2-15.el10_1.x86_64
DEBUG util.py:461:  libtasn1-4.20.0-1.el10.x86_64
DEBUG util.py:461:  libunistring-1.1-10.el10.x86_64
DEBUG util.py:461:  libidn2-2.3.7-3.el10.x86_64
DEBUG util.py:461:  lua-libs-5.4.6-7.el10.x86_64
DEBUG util.py:461:  lz4-libs-1.9.4-8.el10.x86_64
DEBUG util.py:461:  pcre2-10.44-1.el10.3.x86_64
DEBUG util.py:461:  libselinux-3.9-1.el10.x86_64
DEBUG util.py:461:  sed-4.9-3.el10.x86_64
DEBUG util.py:461:  findutils-4.10.0-5.el10.x86_64
DEBUG util.py:461:  grep-3.11-10.el10.x86_64
DEBUG util.py:461:  xz-5.6.2-4.el10_0.x86_64
DEBUG util.py:461:  libmount-2.40.2-15.el10_1.x86_64
DEBUG util.py:461:  util-linux-core-2.40.2-15.el10_1.x86_64
DEBUG util.py:461:  libsemanage-3.9-1.el10.x86_64
DEBUG util.py:461:  shadow-utils-4.15.0-8.el10.x86_64
DEBUG util.py:461:  libutempter-1.2.1-15.el10.x86_64
DEBUG util.py:461:  tar-1.35-9.el10_1.x86_64
DEBUG util.py:461:  zstd-1.5.5-9.el10.x86_64
DEBUG util.py:461:  libpsl-0.21.5-6.el10.x86_64
DEBUG util.py:461:  p11-kit-0.25.5-7.el10.x86_64
DEBUG util.py:461:  p11-kit-trust-0.25.5-7.el10.x86_64
DEBUG util.py:461:  zip-3.0-45.el10.x86_64
DEBUG util.py:461:  cyrus-sasl-lib-2.1.28-29.el10.x86_64
DEBUG util.py:461:  gdbm-1.23-13.el10.x86_64
DEBUG util.py:461:  libfdisk-2.40.2-15.el10_1.x86_64
DEBUG util.py:461:  libxml2-2.12.5-9.el10_0.x86_64
DEBUG util.py:461:  bzip2-1.0.8-25.el10.x86_64
DEBUG util.py:461:  sqlite-libs-3.46.1-5.el10_1.x86_64
DEBUG util.py:461:  ed-1.20-5.el10.x86_64
DEBUG util.py:461:  patch-2.7.6-26.el10.x86_64
DEBUG util.py:461:  elfutils-default-yama-scope-0.193-1.el10.rocky.0.1.noarch
DEBUG util.py:461:  cpio-2.15-3.el10.x86_64
DEBUG util.py:461:  diffutils-3.10-8.el10.x86_64
DEBUG util.py:461:  json-c-0.18-3.el10.x86_64
DEBUG util.py:461:  keyutils-libs-1.6.3-5.el10.x86_64
DEBUG util.py:461:  libbrotli-1.1.0-7.el10_1.x86_64
DEBUG util.py:461:  libcom_err-1.47.1-4.el10.x86_64
DEBUG util.py:461:  libgomp-14.3.1-2.1.el10.x86_64
DEBUG util.py:461:  libnghttp2-1.64.0-2.el10.x86_64
DEBUG util.py:461:  libpkgconf-2.1.0-3.el10.x86_64
DEBUG util.py:461:  pkgconf-2.1.0-3.el10.x86_64
DEBUG util.py:461:  pkgconf-pkg-config-2.1.0-3.el10.x86_64
DEBUG util.py:461:  libverto-0.3.2-10.el10.x86_64
DEBUG util.py:461:  libssh-config-0.11.1-5.el10_1.noarch
DEBUG util.py:461:  coreutils-common-9.5-6.el10.x86_64
DEBUG util.py:461:  openssl-fips-provider-3.5.1-7.el10_1.x86_64
DEBUG util.py:461:  openssl-libs-3.5.1-7.el10_1.x86_64
DEBUG util.py:461:  coreutils-9.5-6.el10.x86_64
DEBUG util.py:461:  ca-certificates-2025.2.80_v9.0.305-102.el10.noarch
DEBUG util.py:461:  authselect-libs-1.5.0-8.el10.x86_64
DEBUG util.py:461:  gzip-1.13-3.el10.x86_64
DEBUG util.py:461:  cracklib-2.9.11-8.el10.x86_64
DEBUG util.py:461:  krb5-libs-1.21.3-8.el10_0.x86_64
DEBUG util.py:461:  libarchive-3.7.7-4.el10_0.x86_64
DEBUG util.py:461:  libssh-0.11.1-5.el10_1.x86_64
DEBUG util.py:461:  cracklib-dicts-2.9.11-8.el10.x86_64
DEBUG util.py:461:  libpwquality-1.4.5-12.el10.x86_64
DEBUG util.py:461:  pam-1.6.1-8.el10.x86_64
DEBUG util.py:461:  libevent-2.1.12-16.el10.x86_64
DEBUG util.py:461:  openldap-2.6.9-1.el10.x86_64
DEBUG util.py:461:  libcurl-8.12.1-2.el10_1.2.x86_64
DEBUG util.py:461:  elfutils-libs-0.193-1.el10.rocky.0.1.x86_64
DEBUG util.py:461:  elfutils-debuginfod-client-0.193-1.el10.rocky.0.1.x86_64
DEBUG util.py:461:  binutils-gold-2.41-58.el10_1.2.x86_64
DEBUG util.py:461:  binutils-2.41-58.el10_1.2.x86_64
DEBUG util.py:461:  elfutils-0.193-1.el10.rocky.0.1.x86_64
DEBUG util.py:461:  gdb-minimal-16.3-2.el10.x86_64
DEBUG util.py:461:  debugedit-5.1-8.el10.x86_64
DEBUG util.py:461:  curl-8.12.1-2.el10_1.2.x86_64
DEBUG util.py:461:  rpm-sequoia-1.9.0.3-1.el10_1.x86_64
DEBUG util.py:461:  rpm-libs-4.19.1.1-20.el10.x86_64
DEBUG util.py:461:  rpm-4.19.1.1-20.el10.x86_64
DEBUG util.py:461:  efi-srpm-macros-6-7.el10.noarch
DEBUG util.py:461:  lua-srpm-macros-1-15.el10.noarch
DEBUG util.py:461:  rpm-build-libs-4.19.1.1-20.el10.x86_64
DEBUG util.py:461:  fonts-srpm-macros-2.0.5-18.el10.noarch
DEBUG util.py:461:  forge-srpm-macros-0.4.0-6.el10.noarch
DEBUG util.py:461:  go-srpm-macros-3.6.0-7.el10_1.noarch
DEBUG util.py:461:  python-srpm-macros-3.12-10.el10.noarch
DEBUG util.py:461:  redhat-rpm-config-293-1.el10.rocky.0.2.noarch
DEBUG util.py:461:  rpm-build-4.19.1.1-20.el10.x86_64
DEBUG util.py:461:  pyproject-srpm-macros-1.16.2-1.el10.noarch
DEBUG util.py:461:  util-linux-2.40.2-15.el10_1.x86_64
DEBUG util.py:461:  authselect-1.5.0-8.el10.x86_64
DEBUG util.py:461:  which-2.21-44.el10_0.x86_64
DEBUG util.py:461:  info-7.1-6.el10.x86_64
DEBUG util.py:608:  Child return code was: 0
DEBUG util.py:183:  kill orphans in chroot /var/lib/mock/rocky-10-x86_64/root
DEBUG util.py:183:  kill orphans in chroot /var/lib/mock/rocky-10-x86_64-bootstrap/root/var/lib/mock/rocky-10-x86_64/root
DEBUG util.py:634:  child environment: None
DEBUG util.py:556:  Executing command: ['/bin/umount', '-n', '-l', '/var/lib/mock/rocky-10-x86_64-bootstrap/root/var/lib/mock/rocky-10-x86_64/root'] with env {'TERM': 'vt100', 'SHELL': '/bin/sh', 'HOME': '/builddir', 'HOSTNAME': 'mock', 'PATH': '/usr/bin:/bin:/usr/sbin:/sbin', 'LANG': 'C.UTF-8'} and shell False
DEBUG util.py:608:  Child return code was: 0
DEBUG util.py:634:  child environment: None
DEBUG util.py:556:  Executing command: ['/bin/umount', '-n', '-l', '/var/lib/mock/rocky-10-x86_64-bootstrap/root/var/lib/mock/rocky-10-x86_64/root'] with env {'TERM': 'vt100', 'SHELL': '/bin/sh', 'HOME': '/builddir', 'HOSTNAME': 'mock', 'PATH': '/usr/bin:/bin:/usr/sbin:/sbin', 'LANG': 'C.UTF-8'} and shell False
DEBUG util.py:608:  Child return code was: 0
DEBUG file_util.py:18:  ensuring that dir exists: /var/lib/mock/rocky-10-x86_64/root/builddir/build
DEBUG file_util.py:18:  ensuring that dir exists: /var/lib/mock/rocky-10-x86_64/root/builddir/build/RPMS
DEBUG file_util.py:21:  created dir: /var/lib/mock/rocky-10-x86_64/root/builddir/build/RPMS
DEBUG file_util.py:18:  ensuring that dir exists: /var/lib/mock/rocky-10-x86_64/root/builddir/build/SPECS
DEBUG file_util.py:21:  created dir: /var/lib/mock/rocky-10-x86_64/root/builddir/build/SPECS
DEBUG file_util.py:18:  ensuring that dir exists: /var/lib/mock/rocky-10-x86_64/root/builddir/build/SRPMS
DEBUG file_util.py:21:  created dir: /var/lib/mock/rocky-10-x86_64/root/builddir/build/SRPMS
DEBUG file_util.py:18:  ensuring that dir exists: /var/lib/mock/rocky-10-x86_64/root/builddir/build/SOURCES
DEBUG file_util.py:18:  ensuring that dir exists: /var/lib/mock/rocky-10-x86_64/root/builddir/build/BUILD
DEBUG file_util.py:21:  created dir: /var/lib/mock/rocky-10-x86_64/root/builddir/build/BUILD
DEBUG file_util.py:18:  ensuring that dir exists: /var/lib/mock/rocky-10-x86_64/root/builddir/build/BUILDROOT
DEBUG file_util.py:21:  created dir: /var/lib/mock/rocky-10-x86_64/root/builddir/build/BUILDROOT
DEBUG file_util.py:18:  ensuring that dir exists: /var/lib/mock/rocky-10-x86_64/root/builddir/build/originals
DEBUG file_util.py:21:  created dir: /var/lib/mock/rocky-10-x86_64/root/builddir/build/originals
DEBUG file_util.py:18:  ensuring that dir exists: /var/lib/mock/rocky-10-x86_64/root/builddir
DEBUG util.py:634:  child environment: None
DEBUG util.py:556:  Executing command: ['userdel', '-f', 'mockbuild', '--prefix', '/var/lib/mock/rocky-10-x86_64/root'] with env {'TERM': 'vt100', 'SHELL': '/bin/sh', 'HOME': '/builddir', 'HOSTNAME': 'mock', 'PATH': '/usr/bin:/bin:/usr/sbin:/sbin', 'LANG': 'C.UTF-8'} and shell False
DEBUG util.py:608:  Child return code was: 0
DEBUG util.py:634:  child environment: None
DEBUG util.py:556:  Executing command: ['groupdel', 'mock', '--prefix', '/var/lib/mock/rocky-10-x86_64/root'] with env {'TERM': 'vt100', 'SHELL': '/bin/sh', 'HOME': '/builddir', 'HOSTNAME': 'mock', 'PATH': '/usr/bin:/bin:/usr/sbin:/sbin', 'LANG': 'C.UTF-8'} and shell False
DEBUG util.py:608:  Child return code was: 0
DEBUG util.py:634:  child environment: None
DEBUG util.py:556:  Executing command: ['groupadd', 'mock', '-g', '135', '--prefix', '/var/lib/mock/rocky-10-x86_64/root'] with env {'TERM': 'vt100', 'SHELL': '/bin/sh', 'HOME': '/builddir', 'HOSTNAME': 'mock', 'PATH': '/usr/bin:/bin:/usr/sbin:/sbin', 'LANG': 'C.UTF-8'} and shell False
DEBUG util.py:608:  Child return code was: 0
DEBUG util.py:634:  child environment: None
DEBUG util.py:556:  Executing command: ['useradd', 'mockbuild', '-o', '-u', '1001', '-g', '135', '-N', '-d', '/builddir', '--prefix', '/var/lib/mock/rocky-10-x86_64/root'] with env {'TERM': 'vt100', 'SHELL': '/bin/sh', 'HOME': '/builddir', 'HOSTNAME': 'mock', 'PATH': '/usr/bin:/bin:/usr/sbin:/sbin', 'LANG': 'C.UTF-8'} and shell False
DEBUG util.py:459:  useradd: warning: the home directory /builddir already exists.
DEBUG util.py:459:  useradd: Not copying any file from skel directory into it.
DEBUG util.py:459:  Creating mailbox file: File exists
DEBUG util.py:608:  Child return code was: 0
DEBUG file_util.py:30:  touching file: /var/lib/mock/rocky-10-x86_64/root/.initialized
DEBUG util.py:634:  child environment: None
DEBUG backend.py:613:  Copying package to result dir
DEBUG util.py:183:  kill orphans in chroot /var/lib/mock/rocky-10-x86_64/root
DEBUG util.py:634:  child environment: None
DEBUG util.py:556:  Executing command: ['/bin/umount', '-n', '/var/lib/mock/rocky-10-x86_64/root/var/cache/dnf'] with env {'TERM': 'vt100', 'SHELL': '/bin/sh', 'HOME': '/builddir', 'HOSTNAME': 'mock', 'PATH': '/usr/bin:/bin:/usr/sbin:/sbin', 'LANG': 'C.UTF-8'} and shell False
DEBUG util.py:608:  Child return code was: 0
DEBUG util.py:634:  child environment: None
DEBUG util.py:556:  Executing command: ['/bin/umount', '-n', '/var/lib/mock/rocky-10-x86_64/root/var/cache/yum'] with env {'TERM': 'vt100', 'SHELL': '/bin/sh', 'HOME': '/builddir', 'HOSTNAME': 'mock', 'PATH': '/usr/bin:/bin:/usr/sbin:/sbin', 'LANG': 'C.UTF-8'} and shell False
DEBUG util.py:608:  Child return code was: 0
DEBUG util.py:634:  child environment: None
DEBUG util.py:556:  Executing command: ['/bin/umount', '-n', '-l', '/var/lib/mock/rocky-10-x86_64/root/sys/fs/selinux'] with env {'TERM': 'vt100', 'SHELL': '/bin/sh', 'HOME': '/builddir', 'HOSTNAME': 'mock', 'PATH': '/usr/bin:/bin:/usr/sbin:/sbin', 'LANG': 'C.UTF-8'} and shell False
DEBUG util.py:608:  Child return code was: 0
DEBUG util.py:634:  child environment: None
DEBUG util.py:556:  Executing command: ['/bin/umount', '-n', '/var/lib/mock/rocky-10-x86_64/root/proc/filesystems'] with env {'TERM': 'vt100', 'SHELL': '/bin/sh', 'HOME': '/builddir', 'HOSTNAME': 'mock', 'PATH': '/usr/bin:/bin:/usr/sbin:/sbin', 'LANG': 'C.UTF-8'} and shell False
DEBUG util.py:608:  Child return code was: 0
DEBUG util.py:634:  child environment: None
DEBUG util.py:556:  Executing command: ['/bin/umount', '-n', '-l', '/var/lib/mock/rocky-10-x86_64/root/dev/pts'] with env {'TERM': 'vt100', 'SHELL': '/bin/sh', 'HOME': '/builddir', 'HOSTNAME': 'mock', 'PATH': '/usr/bin:/bin:/usr/sbin:/sbin', 'LANG': 'C.UTF-8'} and shell False
DEBUG util.py:608:  Child return code was: 0
DEBUG util.py:634:  child environment: None
DEBUG util.py:556:  Executing command: ['/bin/umount', '-n', '-l', '/var/lib/mock/rocky-10-x86_64/root/dev/shm'] with env {'TERM': 'vt100', 'SHELL': '/bin/sh', 'HOME': '/builddir', 'HOSTNAME': 'mock', 'PATH': '/usr/bin:/bin:/usr/sbin:/sbin', 'LANG': 'C.UTF-8'} and shell False
DEBUG util.py:608:  Child return code was: 0
DEBUG util.py:634:  child environment: None
DEBUG util.py:556:  Executing command: ['/bin/umount', '-n', '-l', '/var/lib/mock/rocky-10-x86_64/root/sys'] with env {'TERM': 'vt100', 'SHELL': '/bin/sh', 'HOME': '/builddir', 'HOSTNAME': 'mock', 'PATH': '/usr/bin:/bin:/usr/sbin:/sbin', 'LANG': 'C.UTF-8'} and shell False
DEBUG util.py:608:  Child return code was: 0
DEBUG util.py:634:  child environment: None
DEBUG util.py:556:  Executing command: ['/bin/umount', '-n', '-l', '/var/lib/mock/rocky-10-x86_64/root/sys'] with env {'TERM': 'vt100', 'SHELL': '/bin/sh', 'HOME': '/builddir', 'HOSTNAME': 'mock', 'PATH': '/usr/bin:/bin:/usr/sbin:/sbin', 'LANG': 'C.UTF-8'} and shell False
DEBUG util.py:608:  Child return code was: 0
DEBUG util.py:634:  child environment: None
DEBUG util.py:556:  Executing command: ['/bin/umount', '-n', '-l', '/var/lib/mock/rocky-10-x86_64/root/proc'] with env {'TERM': 'vt100', 'SHELL': '/bin/sh', 'HOME': '/builddir', 'HOSTNAME': 'mock', 'PATH': '/usr/bin:/bin:/usr/sbin:/sbin', 'LANG': 'C.UTF-8'} and shell False
DEBUG util.py:608:  Child return code was: 0
DEBUG util.py:634:  child environment: None
DEBUG util.py:556:  Executing command: ['/bin/umount', '-n', '-l', '/var/lib/mock/rocky-10-x86_64/root/proc'] with env {'TERM': 'vt100', 'SHELL': '/bin/sh', 'HOME': '/builddir', 'HOSTNAME': 'mock', 'PATH': '/usr/bin:/bin:/usr/sbin:/sbin', 'LANG': 'C.UTF-8'} and shell False
DEBUG util.py:608:  Child return code was: 0
DEBUG util.py:634:  child environment: None
DEBUG util.py:556:  Executing command: ['btrfs', 'subv', 'list', '/var/lib/mock'] with env {'TERM': 'vt100', 'SHELL': '/bin/sh', 'HOME': '/builddir', 'HOSTNAME': 'mock', 'PATH': '/usr/bin:/bin:/usr/sbin:/sbin', 'LANG': 'C.UTF-8'} and shell False
DEBUG file_downloader.py:55:  Local file: /home/sherif/shim_dbx_r10/results/r10/shim-unsigned-x64-16.1-1.el10.src.rpm
DEBUG file_util.py:18:  ensuring that dir exists: /var/lib/mock/rocky-10-x86_64/root
DEBUG file_util.py:21:  created dir: /var/lib/mock/rocky-10-x86_64/root
DEBUG file_util.py:18:  ensuring that dir exists: /var/lib/mock/rocky-10-x86_64-bootstrap/root
DEBUG file_util.py:18:  ensuring that dir exists: /var/lib/mock/rocky-10-x86_64-bootstrap/results
INFO buildroot.py:318:  calling preinit hooks
DEBUG file_util.py:18:  ensuring that dir exists: /var/cache/mock/rocky-10-x86_64-bootstrap/root_cache/
DEBUG file_util.py:18:  ensuring that dir exists: /var/cache/mock/rocky-10-x86_64-bootstrap/yum_cache
DEBUG file_util.py:18:  ensuring that dir exists: /var/cache/mock/rocky-10-x86_64-bootstrap/dnf_cache
DEBUG buildroot.py:723:  create skeleton dirs
DEBUG file_util.py:18:  ensuring that dir exists: /var/lib/mock/rocky-10-x86_64-bootstrap/root/var/lib/rpm
DEBUG file_util.py:18:  ensuring that dir exists: /var/lib/mock/rocky-10-x86_64-bootstrap/root/var/lib/yum
DEBUG file_util.py:18:  ensuring that dir exists: /var/lib/mock/rocky-10-x86_64-bootstrap/root/var/lib/dbus
DEBUG file_util.py:18:  ensuring that dir exists: /var/lib/mock/rocky-10-x86_64-bootstrap/root/var/log
DEBUG file_util.py:18:  ensuring that dir exists: /var/lib/mock/rocky-10-x86_64-bootstrap/root/var/cache/dnf
DEBUG file_util.py:18:  ensuring that dir exists: /var/lib/mock/rocky-10-x86_64-bootstrap/root/var/cache/yum
DEBUG file_util.py:18:  ensuring that dir exists: /var/lib/mock/rocky-10-x86_64-bootstrap/root/etc/rpm
DEBUG file_util.py:18:  ensuring that dir exists: /var/lib/mock/rocky-10-x86_64-bootstrap/root/tmp
DEBUG file_util.py:18:  ensuring that dir exists: /var/lib/mock/rocky-10-x86_64-bootstrap/root/tmp/ccache
DEBUG file_util.py:18:  ensuring that dir exists: /var/lib/mock/rocky-10-x86_64-bootstrap/root/var/tmp
DEBUG file_util.py:18:  ensuring that dir exists: /var/lib/mock/rocky-10-x86_64-bootstrap/root/etc/dnf
DEBUG file_util.py:18:  ensuring that dir exists: /var/lib/mock/rocky-10-x86_64-bootstrap/root/etc/dnf/vars
DEBUG file_util.py:18:  ensuring that dir exists: /var/lib/mock/rocky-10-x86_64-bootstrap/root/etc/yum.repos.d
DEBUG file_util.py:21:  created dir: /var/lib/mock/rocky-10-x86_64-bootstrap/root/etc/yum.repos.d
DEBUG file_util.py:18:  ensuring that dir exists: /var/lib/mock/rocky-10-x86_64-bootstrap/root/etc/yum
DEBUG file_util.py:18:  ensuring that dir exists: /var/lib/mock/rocky-10-x86_64-bootstrap/root/proc
DEBUG file_util.py:18:  ensuring that dir exists: /var/lib/mock/rocky-10-x86_64-bootstrap/root/sys
DEBUG file_util.py:18:  ensuring that dir exists: /var/lib/mock/rocky-10-x86_64-bootstrap/root/run/lock
DEBUG file_util.py:18:  ensuring that dir exists: /var/lib/mock/rocky-10-x86_64-bootstrap/root/dev/pts
DEBUG file_util.py:18:  ensuring that dir exists: /var/lib/mock/rocky-10-x86_64-bootstrap/root/dev/shm
DEBUG file_util.py:18:  ensuring that dir exists: /var/lib/mock/rocky-10-x86_64-bootstrap/root/dev/mapper
DEBUG file_util.py:21:  created dir: /var/lib/mock/rocky-10-x86_64-bootstrap/root/dev/mapper
DEBUG buildroot.py:867:  kernel version == 5.14.0-611.34.1.el9_7.x86_64
DEBUG file_util.py:30:  touching file: /var/lib/mock/rocky-10-x86_64-bootstrap/root/etc/fstab
DEBUG file_util.py:30:  touching file: /var/lib/mock/rocky-10-x86_64-bootstrap/root/etc/yum/yum.conf
DEBUG file_util.py:30:  touching file: /var/lib/mock/rocky-10-x86_64-bootstrap/root/etc/dnf/dnf.conf
DEBUG file_util.py:30:  touching file: /var/lib/mock/rocky-10-x86_64-bootstrap/root/var/log/yum.log
DEBUG buildroot.py:332:  rootdir = /var/lib/mock/rocky-10-x86_64-bootstrap/root
DEBUG buildroot.py:333:  resultdir = /var/lib/mock/rocky-10-x86_64-bootstrap/results
DEBUG package_manager.py:63:  searching for 'dnf4' package manager or alternatives
DEBUG file_util.py:18:  ensuring that dir exists: /var/lib/mock/rocky-10-x86_64-bootstrap/root/etc/pki/mock
DEBUG package_manager.py:404:  copying CA trust dir into chroot: /etc/pki/ca-trust => /etc/pki/ca-trust
DEBUG file_util.py:158:  Updating files in /var/lib/mock/rocky-10-x86_64-bootstrap/root/etc/pki/ca-trust with files from /etc/pki/ca-trust
DEBUG file_util.py:18:  ensuring that dir exists: /var/lib/mock/rocky-10-x86_64-bootstrap/root/etc/pki/ca-trust
DEBUG file_util.py:18:  ensuring that dir exists: /var/lib/mock/rocky-10-x86_64-bootstrap/root/etc/pki/ca-trust/./extracted
DEBUG file_util.py:18:  ensuring that dir exists: /var/lib/mock/rocky-10-x86_64-bootstrap/root/etc/pki/ca-trust/./source
DEBUG file_util.py:18:  ensuring that dir exists: /var/lib/mock/rocky-10-x86_64-bootstrap/root/etc/pki/ca-trust/extracted/edk2
DEBUG file_util.py:18:  ensuring that dir exists: /var/lib/mock/rocky-10-x86_64-bootstrap/root/etc/pki/ca-trust/extracted/java
DEBUG file_util.py:18:  ensuring that dir exists: /var/lib/mock/rocky-10-x86_64-bootstrap/root/etc/pki/ca-trust/extracted/openssl
DEBUG file_util.py:18:  ensuring that dir exists: /var/lib/mock/rocky-10-x86_64-bootstrap/root/etc/pki/ca-trust/extracted/pem
DEBUG file_util.py:18:  ensuring that dir exists: /var/lib/mock/rocky-10-x86_64-bootstrap/root/etc/pki/ca-trust/extracted/pem/directory-hash
DEBUG file_util.py:18:  ensuring that dir exists: /var/lib/mock/rocky-10-x86_64-bootstrap/root/etc/pki/ca-trust/source/anchors
DEBUG file_util.py:18:  ensuring that dir exists: /var/lib/mock/rocky-10-x86_64-bootstrap/root/etc/pki/ca-trust/source/blocklist
DEBUG package_manager.py:404:  copying CA trust dir into chroot: /usr/share/pki/ca-trust-source => /usr/share/pki/ca-trust-source
DEBUG file_util.py:158:  Updating files in /var/lib/mock/rocky-10-x86_64-bootstrap/root/usr/share/pki/ca-trust-source with files from /usr/share/pki/ca-trust-source
DEBUG file_util.py:18:  ensuring that dir exists: /var/lib/mock/rocky-10-x86_64-bootstrap/root/usr/share/pki/ca-trust-source
DEBUG file_util.py:18:  ensuring that dir exists: /var/lib/mock/rocky-10-x86_64-bootstrap/root/usr/share/pki/ca-trust-source/./anchors
DEBUG file_util.py:18:  ensuring that dir exists: /var/lib/mock/rocky-10-x86_64-bootstrap/root/usr/share/pki/ca-trust-source/./blocklist
DEBUG file_util.py:18:  ensuring that dir exists: /var/lib/mock/rocky-10-x86_64-bootstrap/root/usr/share
DEBUG package_manager.py:388:  Copying /usr/share/distribution-gpg-keys to the bootstrap chroot
DEBUG util.py:634:  child environment: None
DEBUG util.py:556:  Executing command: ['cp', '-a', '/usr/share/distribution-gpg-keys', '/var/lib/mock/rocky-10-x86_64-bootstrap/root/usr/share'] with env {'TERM': 'vt100', 'SHELL': '/bin/sh', 'HOME': '/builddir', 'HOSTNAME': 'mock', 'PATH': '/usr/bin:/bin:/usr/sbin:/sbin', 'LANG': 'C.UTF-8'} and shell False
DEBUG util.py:608:  Child return code was: 0
DEBUG file_util.py:18:  ensuring that dir exists: /var/lib/mock/rocky-10-x86_64-bootstrap/root/etc/dnf
DEBUG package_manager.py:691:  configure DNF vars
DEBUG file_util.py:18:  ensuring that dir exists: /var/lib/mock/rocky-10-x86_64-bootstrap/root/etc
DEBUG file_util.py:18:  ensuring that dir exists: /var/lib/mock/rocky-10-x86_64-bootstrap/root/etc
DEBUG buildroot.py:38:  method _cleanup_homedir skipped in bootstrap
DEBUG buildroot.py:38:  method _setup_build_dirs skipped in bootstrap
DEBUG buildroot.py:38:  method _make_users skipped in bootstrap
DEBUG file_util.py:30:  touching file: /var/lib/mock/rocky-10-x86_64-bootstrap/root/.initialized
DEBUG file_util.py:18:  ensuring that dir exists: /var/lib/mock/rocky-10-x86_64
DEBUG file_util.py:18:  ensuring that dir exists: /var/lib/mock/rocky-10-x86_64/root
DEBUG file_util.py:18:  ensuring that dir exists: /home/sherif/shim_dbx_r10/results/r10
INFO buildroot.py:318:  calling preinit hooks
DEBUG file_util.py:18:  ensuring that dir exists: /var/cache/mock/rocky-10-x86_64/root_cache/
DEBUG file_util.py:18:  ensuring that dir exists: /var/lib/mock/rocky-10-x86_64/root
DEBUG util.py:634:  child environment: None
DEBUG util.py:556:  Executing command: ['/bin/tar', '--use-compress-program', 'pigz', '-xf', '/var/cache/mock/rocky-10-x86_64/root_cache/cache.tar.gz', '-C', '/var/lib/mock/rocky-10-x86_64/root'] with env {'TERM': 'vt100', 'SHELL': '/bin/sh', 'HOME': '/builddir', 'HOSTNAME': 'mock', 'PATH': '/usr/bin:/bin:/usr/sbin:/sbin', 'LANG': 'C.UTF-8'} and shell False
DEBUG util.py:608:  Child return code was: 0
DEBUG file_util.py:18:  ensuring that dir exists: /var/lib/mock/rocky-10-x86_64/root/./proc
DEBUG file_util.py:21:  created dir: /var/lib/mock/rocky-10-x86_64/root/./proc
DEBUG file_util.py:18:  ensuring that dir exists: /var/lib/mock/rocky-10-x86_64/root/./sys
DEBUG file_util.py:21:  created dir: /var/lib/mock/rocky-10-x86_64/root/./sys
DEBUG file_util.py:18:  ensuring that dir exists: /var/lib/mock/rocky-10-x86_64/root/./dev
DEBUG file_util.py:21:  created dir: /var/lib/mock/rocky-10-x86_64/root/./dev
DEBUG file_util.py:18:  ensuring that dir exists: /var/lib/mock/rocky-10-x86_64/root/./tmp/ccache
DEBUG file_util.py:21:  created dir: /var/lib/mock/rocky-10-x86_64/root/./tmp/ccache
DEBUG file_util.py:18:  ensuring that dir exists: /var/lib/mock/rocky-10-x86_64/root/./var/cache/yum
DEBUG file_util.py:21:  created dir: /var/lib/mock/rocky-10-x86_64/root/./var/cache/yum
DEBUG file_util.py:18:  ensuring that dir exists: /var/lib/mock/rocky-10-x86_64/root/./var/cache/dnf
DEBUG file_util.py:21:  created dir: /var/lib/mock/rocky-10-x86_64/root/./var/cache/dnf
DEBUG file_util.py:18:  ensuring that dir exists: /var/lib/mock/rocky-10-x86_64/root/./var/log
DEBUG file_util.py:21:  created dir: /var/lib/mock/rocky-10-x86_64/root/./var/log
DEBUG file_util.py:18:  ensuring that dir exists: /var/cache/mock/rocky-10-x86_64/yum_cache
DEBUG file_util.py:18:  ensuring that dir exists: /var/cache/mock/rocky-10-x86_64/dnf_cache
DEBUG util.py:634:  child environment: None
DEBUG util.py:556:  Executing command: ['/usr/bin/lscpu'] with env {'TERM': 'vt100', 'SHELL': '/bin/sh', 'HOME': '/builddir', 'HOSTNAME': 'mock', 'PATH': '/usr/bin:/bin:/usr/sbin:/sbin', 'LANG': 'C.UTF-8'} and shell False
DEBUG util.py:461:  Architecture:                            x86_64
DEBUG util.py:461:  CPU op-mode(s):                          32-bit, 64-bit
DEBUG util.py:461:  Address sizes:                           48 bits physical, 48 bits virtual
DEBUG util.py:461:  Byte Order:                              Little Endian
DEBUG util.py:461:  CPU(s):                                  48
DEBUG util.py:461:  On-line CPU(s) list:                     0-47
DEBUG util.py:461:  Vendor ID:                               AuthenticAMD
DEBUG util.py:461:  Model name:                              AMD EPYC 7R13 Processor
DEBUG util.py:461:  CPU family:                              25
DEBUG util.py:461:  Model:                                   1
DEBUG util.py:461:  Thread(s) per core:                      2
DEBUG util.py:461:  Core(s) per socket:                      24
DEBUG util.py:461:  Socket(s):                               1
DEBUG util.py:461:  Stepping:                                1
DEBUG util.py:461:  BogoMIPS:                                5299.99
DEBUG util.py:461:  Flags:                                   fpu vme de pse tsc msr pae mce cx8 apic sep mtrr pge mca cmov pat pse36 clflush mmx fxsr sse sse2 ht syscall nx mmxext fxsr_opt pdpe1gb rdtscp lm constant_tsc rep_good nopl xtopology nonstop_tsc cpuid extd_apicid aperfmperf tsc_known_freq pni pclmulqdq ssse3 fma cx16 pcid sse4_1 sse4_2 x2apic movbe popcnt aes xsave avx f16c rdrand hypervisor lahf_lm cmp_legacy cr8_legacy abm sse4a misalignsse 3dnowprefetch topoext ssbd ibrs ibpb stibp vmmcall fsgsbase bmi1 avx2 smep bmi2 invpcid rdseed adx smap clflushopt clwb sha_ni xsaveopt xsavec xgetbv1 clzero xsaveerptr rdpru wbnoinvd arat npt nrip_save vaes vpclmulqdq rdpid
DEBUG util.py:461:  Hypervisor vendor:                       KVM
DEBUG util.py:461:  Virtualization type:                     full
DEBUG util.py:461:  L1d cache:                               768 KiB (24 instances)
DEBUG util.py:461:  L1i cache:                               768 KiB (24 instances)
DEBUG util.py:461:  L2 cache:                                12 MiB (24 instances)
DEBUG util.py:461:  L3 cache:                                96 MiB (3 instances)
DEBUG util.py:461:  NUMA node(s):                            1
DEBUG util.py:461:  NUMA node0 CPU(s):                       0-47
DEBUG util.py:461:  Vulnerability Gather data sampling:      Not affected
DEBUG util.py:461:  Vulnerability Indirect target selection: Not affected
DEBUG util.py:461:  Vulnerability Itlb multihit:             Not affected
DEBUG util.py:461:  Vulnerability L1tf:                      Not affected
DEBUG util.py:461:  Vulnerability Mds:                       Not affected
DEBUG util.py:461:  Vulnerability Meltdown:                  Not affected
DEBUG util.py:461:  Vulnerability Mmio stale data:           Not affected
DEBUG util.py:461:  Vulnerability Reg file data sampling:    Not affected
DEBUG util.py:461:  Vulnerability Retbleed:                  Not affected
DEBUG util.py:461:  Vulnerability Spec rstack overflow:      Mitigation; Safe RET
DEBUG util.py:461:  Vulnerability Spec store bypass:         Mitigation; Speculative Store Bypass disabled via prctl
DEBUG util.py:461:  Vulnerability Spectre v1:                Mitigation; usercopy/swapgs barriers and __user pointer sanitization
DEBUG util.py:461:  Vulnerability Spectre v2:                Mitigation; Retpolines; IBPB conditional; IBRS_FW; STIBP always-on; RSB filling; PBRSB-eIBRS Not affected; BHI Not affected
DEBUG util.py:461:  Vulnerability Srbds:                     Not affected
DEBUG util.py:461:  Vulnerability Tsa:                       Mitigation; Clear CPU buffers
DEBUG util.py:461:  Vulnerability Tsx async abort:           Not affected
DEBUG util.py:461:  Vulnerability Vmscape:                   Not affected
DEBUG util.py:608:  Child return code was: 0
DEBUG util.py:634:  child environment: None
DEBUG util.py:556:  Executing command: ['/bin/free', '--human'] with env {'TERM': 'vt100', 'SHELL': '/bin/sh', 'HOME': '/builddir', 'HOSTNAME': 'mock', 'PATH': '/usr/bin:/bin:/usr/sbin:/sbin', 'LANG': 'C.UTF-8'} and shell False
DEBUG util.py:461:                 total        used        free      shared  buff/cache   available
DEBUG util.py:461:  Mem:            91Gi       1.9Gi        87Gi        16Mi       3.2Gi        89Gi
DEBUG util.py:461:  Swap:             0B          0B          0B
DEBUG util.py:608:  Child return code was: 0
DEBUG util.py:634:  child environment: None
DEBUG util.py:556:  Executing command: ['/bin/df', '-H', '-T', '/var/lib/mock/rocky-10-x86_64/root', '/var/cache/mock'] with env {'TERM': 'vt100', 'SHELL': '/bin/sh', 'HOME': '/builddir', 'HOSTNAME': 'mock', 'PATH': '/usr/bin:/bin:/usr/sbin:/sbin', 'LANG': 'C.UTF-8'} and shell False
DEBUG util.py:461:  Filesystem     Type  Size  Used Avail Use% Mounted on
DEBUG util.py:461:  /dev/nvme0n1p2 xfs   322G   57G  265G  18% /
DEBUG util.py:461:  /dev/nvme0n1p2 xfs   322G   57G  265G  18% /
DEBUG util.py:608:  Child return code was: 0
DEBUG buildroot.py:723:  create skeleton dirs
DEBUG file_util.py:18:  ensuring that dir exists: /var/lib/mock/rocky-10-x86_64/root/var/lib/rpm
DEBUG file_util.py:18:  ensuring that dir exists: /var/lib/mock/rocky-10-x86_64/root/var/lib/yum
DEBUG file_util.py:18:  ensuring that dir exists: /var/lib/mock/rocky-10-x86_64/root/var/lib/dbus
DEBUG file_util.py:18:  ensuring that dir exists: /var/lib/mock/rocky-10-x86_64/root/var/log
DEBUG file_util.py:18:  ensuring that dir exists: /var/lib/mock/rocky-10-x86_64/root/var/cache/dnf
DEBUG file_util.py:18:  ensuring that dir exists: /var/lib/mock/rocky-10-x86_64/root/var/cache/yum
DEBUG file_util.py:18:  ensuring that dir exists: /var/lib/mock/rocky-10-x86_64/root/etc/rpm
DEBUG file_util.py:18:  ensuring that dir exists: /var/lib/mock/rocky-10-x86_64/root/tmp
DEBUG file_util.py:18:  ensuring that dir exists: /var/lib/mock/rocky-10-x86_64/root/tmp/ccache
DEBUG file_util.py:18:  ensuring that dir exists: /var/lib/mock/rocky-10-x86_64/root/var/tmp
DEBUG file_util.py:18:  ensuring that dir exists: /var/lib/mock/rocky-10-x86_64/root/etc/dnf
DEBUG file_util.py:18:  ensuring that dir exists: /var/lib/mock/rocky-10-x86_64/root/etc/dnf/vars
DEBUG file_util.py:18:  ensuring that dir exists: /var/lib/mock/rocky-10-x86_64/root/etc/yum.repos.d
DEBUG file_util.py:18:  ensuring that dir exists: /var/lib/mock/rocky-10-x86_64/root/etc/yum
DEBUG file_util.py:18:  ensuring that dir exists: /var/lib/mock/rocky-10-x86_64/root/proc
DEBUG file_util.py:18:  ensuring that dir exists: /var/lib/mock/rocky-10-x86_64/root/sys
DEBUG file_util.py:18:  ensuring that dir exists: /var/lib/mock/rocky-10-x86_64/root/run/lock
DEBUG file_util.py:18:  ensuring that dir exists: /var/lib/mock/rocky-10-x86_64/root/dev/pts
DEBUG file_util.py:21:  created dir: /var/lib/mock/rocky-10-x86_64/root/dev/pts
DEBUG file_util.py:18:  ensuring that dir exists: /var/lib/mock/rocky-10-x86_64/root/dev/shm
DEBUG file_util.py:21:  created dir: /var/lib/mock/rocky-10-x86_64/root/dev/shm
DEBUG file_util.py:18:  ensuring that dir exists: /var/lib/mock/rocky-10-x86_64/root/dev/mapper
DEBUG file_util.py:21:  created dir: /var/lib/mock/rocky-10-x86_64/root/dev/mapper
DEBUG buildroot.py:867:  kernel version == 5.14.0-611.34.1.el9_7.x86_64
DEBUG file_util.py:30:  touching file: /var/lib/mock/rocky-10-x86_64/root/etc/fstab
DEBUG file_util.py:30:  touching file: /var/lib/mock/rocky-10-x86_64/root/etc/yum/yum.conf
DEBUG file_util.py:30:  touching file: /var/lib/mock/rocky-10-x86_64/root/etc/dnf/dnf.conf
DEBUG file_util.py:30:  touching file: /var/lib/mock/rocky-10-x86_64/root/var/log/yum.log
DEBUG buildroot.py:332:  rootdir = /var/lib/mock/rocky-10-x86_64/root
DEBUG buildroot.py:333:  resultdir = /home/sherif/shim_dbx_r10/results/r10
DEBUG file_util.py:18:  ensuring that dir exists: /var/lib/mock/rocky-10-x86_64/root/etc/pki/mock
DEBUG package_manager.py:404:  copying CA trust dir into chroot: /etc/pki/ca-trust => /etc/pki/ca-trust
DEBUG file_util.py:158:  Updating files in /var/lib/mock/rocky-10-x86_64/root/etc/pki/ca-trust with files from /etc/pki/ca-trust
DEBUG file_util.py:18:  ensuring that dir exists: /var/lib/mock/rocky-10-x86_64/root/etc/pki/ca-trust
DEBUG file_util.py:18:  ensuring that dir exists: /var/lib/mock/rocky-10-x86_64/root/etc/pki/ca-trust/./extracted
DEBUG file_util.py:18:  ensuring that dir exists: /var/lib/mock/rocky-10-x86_64/root/etc/pki/ca-trust/./source
DEBUG file_util.py:18:  ensuring that dir exists: /var/lib/mock/rocky-10-x86_64/root/etc/pki/ca-trust/extracted/edk2
DEBUG file_util.py:18:  ensuring that dir exists: /var/lib/mock/rocky-10-x86_64/root/etc/pki/ca-trust/extracted/java
DEBUG file_util.py:18:  ensuring that dir exists: /var/lib/mock/rocky-10-x86_64/root/etc/pki/ca-trust/extracted/openssl
DEBUG file_util.py:18:  ensuring that dir exists: /var/lib/mock/rocky-10-x86_64/root/etc/pki/ca-trust/extracted/pem
DEBUG file_util.py:18:  ensuring that dir exists: /var/lib/mock/rocky-10-x86_64/root/etc/pki/ca-trust/extracted/pem/directory-hash
DEBUG file_util.py:18:  ensuring that dir exists: /var/lib/mock/rocky-10-x86_64/root/etc/pki/ca-trust/source/anchors
DEBUG file_util.py:18:  ensuring that dir exists: /var/lib/mock/rocky-10-x86_64/root/etc/pki/ca-trust/source/blocklist
DEBUG package_manager.py:404:  copying CA trust dir into chroot: /usr/share/pki/ca-trust-source => /usr/share/pki/ca-trust-source
DEBUG file_util.py:158:  Updating files in /var/lib/mock/rocky-10-x86_64/root/usr/share/pki/ca-trust-source with files from /usr/share/pki/ca-trust-source
DEBUG file_util.py:18:  ensuring that dir exists: /var/lib/mock/rocky-10-x86_64/root/usr/share/pki/ca-trust-source
DEBUG file_util.py:18:  ensuring that dir exists: /var/lib/mock/rocky-10-x86_64/root/usr/share/pki/ca-trust-source/./anchors
DEBUG file_util.py:18:  ensuring that dir exists: /var/lib/mock/rocky-10-x86_64/root/usr/share/pki/ca-trust-source/./blocklist
DEBUG file_util.py:18:  ensuring that dir exists: /var/lib/mock/rocky-10-x86_64/root/etc/dnf
DEBUG package_manager.py:691:  configure DNF vars
DEBUG file_util.py:18:  ensuring that dir exists: /var/lib/mock/rocky-10-x86_64/root/proc
DEBUG util.py:634:  child environment: None
DEBUG util.py:556:  Executing command: ['/bin/mount', '-n', '-t', 'tmpfs', '-o', 'rprivate,mode=0755', 'tmpfs', '/var/lib/mock/rocky-10-x86_64/root/proc'] with env {'TERM': 'vt100', 'SHELL': '/bin/sh', 'HOME': '/builddir', 'HOSTNAME': 'mock', 'PATH': '/usr/bin:/bin:/usr/sbin:/sbin', 'LANG': 'C.UTF-8'} and shell False
DEBUG util.py:608:  Child return code was: 0
DEBUG file_util.py:18:  ensuring that dir exists: /var/lib/mock/rocky-10-x86_64/root/proc
DEBUG util.py:634:  child environment: None
DEBUG util.py:556:  Executing command: ['/bin/mount', '-n', '-o', 'rbind', '/proc', '/var/lib/mock/rocky-10-x86_64/root/proc'] with env {'TERM': 'vt100', 'SHELL': '/bin/sh', 'HOME': '/builddir', 'HOSTNAME': 'mock', 'PATH': '/usr/bin:/bin:/usr/sbin:/sbin', 'LANG': 'C.UTF-8'} and shell False
DEBUG util.py:608:  Child return code was: 0
DEBUG util.py:634:  child environment: None
DEBUG util.py:556:  Executing command: ['/bin/mount', '-n', '-o', 'remount,nodev,noexec,nosuid,readonly,rprivate,rbind', '--target', '/var/lib/mock/rocky-10-x86_64/root/proc'] with env {'TERM': 'vt100', 'SHELL': '/bin/sh', 'HOME': '/builddir', 'HOSTNAME': 'mock', 'PATH': '/usr/bin:/bin:/usr/sbin:/sbin', 'LANG': 'C.UTF-8'} and shell False
DEBUG util.py:608:  Child return code was: 0
DEBUG file_util.py:18:  ensuring that dir exists: /var/lib/mock/rocky-10-x86_64/root/sys
DEBUG util.py:634:  child environment: None
DEBUG util.py:556:  Executing command: ['/bin/mount', '-n', '-t', 'tmpfs', '-o', 'rprivate,mode=0755', 'tmpfs', '/var/lib/mock/rocky-10-x86_64/root/sys'] with env {'TERM': 'vt100', 'SHELL': '/bin/sh', 'HOME': '/builddir', 'HOSTNAME': 'mock', 'PATH': '/usr/bin:/bin:/usr/sbin:/sbin', 'LANG': 'C.UTF-8'} and shell False
DEBUG util.py:608:  Child return code was: 0
DEBUG file_util.py:18:  ensuring that dir exists: /var/lib/mock/rocky-10-x86_64/root/sys
DEBUG util.py:634:  child environment: None
DEBUG util.py:556:  Executing command: ['/bin/mount', '-n', '-o', 'rbind', '/sys', '/var/lib/mock/rocky-10-x86_64/root/sys'] with env {'TERM': 'vt100', 'SHELL': '/bin/sh', 'HOME': '/builddir', 'HOSTNAME': 'mock', 'PATH': '/usr/bin:/bin:/usr/sbin:/sbin', 'LANG': 'C.UTF-8'} and shell False
DEBUG util.py:608:  Child return code was: 0
DEBUG util.py:634:  child environment: None
DEBUG util.py:556:  Executing command: ['/bin/mount', '-n', '-o', 'remount,nodev,noexec,nosuid,readonly,rprivate,rbind', '--target', '/var/lib/mock/rocky-10-x86_64/root/sys'] with env {'TERM': 'vt100', 'SHELL': '/bin/sh', 'HOME': '/builddir', 'HOSTNAME': 'mock', 'PATH': '/usr/bin:/bin:/usr/sbin:/sbin', 'LANG': 'C.UTF-8'} and shell False
DEBUG util.py:608:  Child return code was: 0
DEBUG file_util.py:18:  ensuring that dir exists: /var/lib/mock/rocky-10-x86_64/root/dev/shm
DEBUG util.py:634:  child environment: None
DEBUG util.py:556:  Executing command: ['/bin/mount', '-n', '-t', 'tmpfs', 'tmpfs', '/var/lib/mock/rocky-10-x86_64/root/dev/shm'] with env {'TERM': 'vt100', 'SHELL': '/bin/sh', 'HOME': '/builddir', 'HOSTNAME': 'mock', 'PATH': '/usr/bin:/bin:/usr/sbin:/sbin', 'LANG': 'C.UTF-8'} and shell False
DEBUG util.py:608:  Child return code was: 0
DEBUG file_util.py:18:  ensuring that dir exists: /var/lib/mock/rocky-10-x86_64/root/dev/pts
DEBUG util.py:634:  child environment: None
DEBUG util.py:556:  Executing command: ['/bin/mount', '-n', '-t', 'devpts', '-o', 'gid=5,mode=0620,ptmxmode=0666,newinstance', 'devpts', '/var/lib/mock/rocky-10-x86_64/root/dev/pts'] with env {'TERM': 'vt100', 'SHELL': '/bin/sh', 'HOME': '/builddir', 'HOSTNAME': 'mock', 'PATH': '/usr/bin:/bin:/usr/sbin:/sbin', 'LANG': 'C.UTF-8'} and shell False
DEBUG util.py:608:  Child return code was: 0
DEBUG util.py:634:  child environment: None
DEBUG util.py:556:  Executing command: ['/bin/mount', '-n', '-o', 'bind', '/tmp/mock-selinux-plugin.ixid56r0', '/var/lib/mock/rocky-10-x86_64/root/proc/filesystems'] with env {'TERM': 'vt100', 'SHELL': '/bin/sh', 'HOME': '/builddir', 'HOSTNAME': 'mock', 'PATH': '/usr/bin:/bin:/usr/sbin:/sbin', 'LANG': 'C.UTF-8'} and shell False
DEBUG util.py:608:  Child return code was: 0
DEBUG file_util.py:18:  ensuring that dir exists: /var/lib/mock/rocky-10-x86_64/root/sys/fs/selinux
DEBUG util.py:634:  child environment: None
DEBUG util.py:556:  Executing command: ['/bin/mount', '-n', '-t', 'tmpfs', 'tmpfs', '/var/lib/mock/rocky-10-x86_64/root/sys/fs/selinux'] with env {'TERM': 'vt100', 'SHELL': '/bin/sh', 'HOME': '/builddir', 'HOSTNAME': 'mock', 'PATH': '/usr/bin:/bin:/usr/sbin:/sbin', 'LANG': 'C.UTF-8'} and shell False
DEBUG util.py:608:  Child return code was: 0
DEBUG file_util.py:18:  ensuring that dir exists: /var/lib/mock/rocky-10-x86_64/root/var/cache/yum
DEBUG util.py:634:  child environment: None
DEBUG util.py:556:  Executing command: ['/bin/mount', '-n', '-o', 'bind', '/var/cache/mock/rocky-10-x86_64/yum_cache', '/var/lib/mock/rocky-10-x86_64/root/var/cache/yum'] with env {'TERM': 'vt100', 'SHELL': '/bin/sh', 'HOME': '/builddir', 'HOSTNAME': 'mock', 'PATH': '/usr/bin:/bin:/usr/sbin:/sbin', 'LANG': 'C.UTF-8'} and shell False
DEBUG util.py:608:  Child return code was: 0
DEBUG file_util.py:18:  ensuring that dir exists: /var/lib/mock/rocky-10-x86_64/root/var/cache/dnf
DEBUG util.py:634:  child environment: None
DEBUG util.py:556:  Executing command: ['/bin/mount', '-n', '-o', 'bind', '/var/cache/mock/rocky-10-x86_64/dnf_cache', '/var/lib/mock/rocky-10-x86_64/root/var/cache/dnf'] with env {'TERM': 'vt100', 'SHELL': '/bin/sh', 'HOME': '/builddir', 'HOSTNAME': 'mock', 'PATH': '/usr/bin:/bin:/usr/sbin:/sbin', 'LANG': 'C.UTF-8'} and shell False
DEBUG util.py:608:  Child return code was: 0
DEBUG util.py:634:  child environment: None
DEBUG util.py:556:  Executing command: ['rpm', '-q', 'rpm', 'rpm-sequoia', 'python3-dnf', 'python3-dnf-plugins-core', 'yum', 'yum-utils', 'dnf5', 'dnf5-plugins'] with env {'TERM': 'vt100', 'SHELL': '/bin/sh', 'HOME': '/builddir', 'HOSTNAME': 'mock', 'PATH': '/usr/bin:/bin:/usr/sbin:/sbin', 'LANG': 'C.UTF-8'} and shell False
DEBUG util.py:461:  rpm-4.19.1.1-20.el10.x86_64
DEBUG util.py:461:  rpm-sequoia-1.9.0.3-1.el10_1.x86_64
DEBUG util.py:461:  python3-dnf-4.20.0-18.el10.rocky.0.1.noarch
DEBUG util.py:461:  python3-dnf-plugins-core-4.7.0-9.el10.noarch
DEBUG util.py:461:  yum-4.20.0-18.el10.rocky.0.1.noarch
DEBUG util.py:461:  package yum-utils is not installed
DEBUG util.py:461:  package dnf5 is not installed
DEBUG util.py:461:  package dnf5-plugins is not installed
DEBUG util.py:608:  Child return code was: 3
INFO package_manager.py:201:  Buildroot is handled by package management downloaded with a bootstrap image:
  rpm-4.19.1.1-20.el10.x86_64
  rpm-sequoia-1.9.0.3-1.el10_1.x86_64
  python3-dnf-4.20.0-18.el10.rocky.0.1.noarch
  python3-dnf-plugins-core-4.7.0-9.el10.noarch
  yum-4.20.0-18.el10.rocky.0.1.noarch
DEBUG file_util.py:18:  ensuring that dir exists: /var/lib/mock/rocky-10-x86_64/root/builddir/build
DEBUG file_util.py:18:  ensuring that dir exists: /var/lib/mock/rocky-10-x86_64/root/builddir/build/RPMS
DEBUG file_util.py:21:  created dir: /var/lib/mock/rocky-10-x86_64/root/builddir/build/RPMS
DEBUG file_util.py:18:  ensuring that dir exists: /var/lib/mock/rocky-10-x86_64/root/builddir/build/SPECS
DEBUG file_util.py:21:  created dir: /var/lib/mock/rocky-10-x86_64/root/builddir/build/SPECS
DEBUG file_util.py:18:  ensuring that dir exists: /var/lib/mock/rocky-10-x86_64/root/builddir/build/SRPMS
DEBUG file_util.py:21:  created dir: /var/lib/mock/rocky-10-x86_64/root/builddir/build/SRPMS
DEBUG file_util.py:18:  ensuring that dir exists: /var/lib/mock/rocky-10-x86_64/root/builddir/build/SOURCES
DEBUG file_util.py:18:  ensuring that dir exists: /var/lib/mock/rocky-10-x86_64/root/builddir/build/BUILD
DEBUG file_util.py:21:  created dir: /var/lib/mock/rocky-10-x86_64/root/builddir/build/BUILD
DEBUG file_util.py:18:  ensuring that dir exists: /var/lib/mock/rocky-10-x86_64/root/builddir/build/BUILDROOT
DEBUG file_util.py:21:  created dir: /var/lib/mock/rocky-10-x86_64/root/builddir/build/BUILDROOT
DEBUG file_util.py:18:  ensuring that dir exists: /var/lib/mock/rocky-10-x86_64/root/builddir/build/originals
DEBUG file_util.py:21:  created dir: /var/lib/mock/rocky-10-x86_64/root/builddir/build/originals
DEBUG file_util.py:18:  ensuring that dir exists: /var/lib/mock/rocky-10-x86_64/root/builddir
DEBUG util.py:634:  child environment: None
DEBUG util.py:556:  Executing command: ['userdel', '-f', 'mockbuild', '--prefix', '/var/lib/mock/rocky-10-x86_64/root'] with env {'TERM': 'vt100', 'SHELL': '/bin/sh', 'HOME': '/builddir', 'HOSTNAME': 'mock', 'PATH': '/usr/bin:/bin:/usr/sbin:/sbin', 'LANG': 'C.UTF-8'} and shell False
DEBUG util.py:608:  Child return code was: 0
DEBUG util.py:634:  child environment: None
DEBUG util.py:556:  Executing command: ['groupdel', 'mock', '--prefix', '/var/lib/mock/rocky-10-x86_64/root'] with env {'TERM': 'vt100', 'SHELL': '/bin/sh', 'HOME': '/builddir', 'HOSTNAME': 'mock', 'PATH': '/usr/bin:/bin:/usr/sbin:/sbin', 'LANG': 'C.UTF-8'} and shell False
DEBUG util.py:608:  Child return code was: 0
DEBUG util.py:634:  child environment: None
DEBUG util.py:556:  Executing command: ['groupadd', 'mock', '-g', '135', '--prefix', '/var/lib/mock/rocky-10-x86_64/root'] with env {'TERM': 'vt100', 'SHELL': '/bin/sh', 'HOME': '/builddir', 'HOSTNAME': 'mock', 'PATH': '/usr/bin:/bin:/usr/sbin:/sbin', 'LANG': 'C.UTF-8'} and shell False
DEBUG util.py:608:  Child return code was: 0
DEBUG util.py:634:  child environment: None
DEBUG util.py:556:  Executing command: ['useradd', 'mockbuild', '-o', '-u', '1001', '-g', '135', '-N', '-d', '/builddir', '--prefix', '/var/lib/mock/rocky-10-x86_64/root'] with env {'TERM': 'vt100', 'SHELL': '/bin/sh', 'HOME': '/builddir', 'HOSTNAME': 'mock', 'PATH': '/usr/bin:/bin:/usr/sbin:/sbin', 'LANG': 'C.UTF-8'} and shell False
DEBUG util.py:459:  useradd: warning: the home directory /builddir already exists.
DEBUG util.py:459:  useradd: Not copying any file from skel directory into it.
DEBUG util.py:459:  Creating mailbox file: File exists
DEBUG util.py:608:  Child return code was: 0
DEBUG file_util.py:30:  touching file: /var/lib/mock/rocky-10-x86_64/root/.initialized
DEBUG util.py:634:  child environment: None
DEBUG util.py:556:  Executing command: ['/bin/rpm', '-Uvh', '--nodeps', '/builddir/build/originals/shim-unsigned-x64-16.1-1.el10.src.rpm'] with env {'TERM': 'vt100', 'SHELL': '/bin/bash', 'HOME': '/builddir', 'HOSTNAME': 'mock', 'PATH': '/usr/bin:/bin:/usr/sbin:/sbin', 'PROMPT_COMMAND': 'printf "\\033]0;<mock-chroot>\\007"', 'PS1': '<mock-chroot> \\s-\\v\\$ ', 'LANG': 'C.UTF-8'} and shell False
DEBUG util.py:461:  Updating / installing...
DEBUG util.py:461:  shim-unsigned-x64-16.1-1.el10         ########################################
DEBUG util.py:608:  Child return code was: 0
DEBUG file_util.py:18:  ensuring that dir exists: /var/lib/mock/rocky-10-x86_64-bootstrap/root/var/lib/mock/rocky-10-x86_64/root
DEBUG util.py:634:  child environment: None
DEBUG util.py:556:  Executing command: ['/bin/mount', '-n', '-t', 'tmpfs', '-o', 'private,mode=0755', 'tmpfs', '/var/lib/mock/rocky-10-x86_64-bootstrap/root/var/lib/mock/rocky-10-x86_64/root'] with env {'TERM': 'vt100', 'SHELL': '/bin/sh', 'HOME': '/builddir', 'HOSTNAME': 'mock', 'PATH': '/usr/bin:/bin:/usr/sbin:/sbin', 'LANG': 'C.UTF-8'} and shell False
DEBUG util.py:608:  Child return code was: 0
DEBUG file_util.py:18:  ensuring that dir exists: /var/lib/mock/rocky-10-x86_64-bootstrap/root/var/lib/mock/rocky-10-x86_64/root
DEBUG util.py:634:  child environment: None
DEBUG util.py:556:  Executing command: ['/bin/mount', '-n', '-o', 'rbind', '/var/lib/mock/rocky-10-x86_64/root', '/var/lib/mock/rocky-10-x86_64-bootstrap/root/var/lib/mock/rocky-10-x86_64/root'] with env {'TERM': 'vt100', 'SHELL': '/bin/sh', 'HOME': '/builddir', 'HOSTNAME': 'mock', 'PATH': '/usr/bin:/bin:/usr/sbin:/sbin', 'LANG': 'C.UTF-8'} and shell False
DEBUG util.py:608:  Child return code was: 0
DEBUG util.py:634:  child environment: None
DEBUG util.py:556:  Executing command: ['/bin/mount', '-n', '-o', 'remount,private,rbind', '--target', '/var/lib/mock/rocky-10-x86_64-bootstrap/root/var/lib/mock/rocky-10-x86_64/root'] with env {'TERM': 'vt100', 'SHELL': '/bin/sh', 'HOME': '/builddir', 'HOSTNAME': 'mock', 'PATH': '/usr/bin:/bin:/usr/sbin:/sbin', 'LANG': 'C.UTF-8'} and shell False
DEBUG util.py:608:  Child return code was: 0
DEBUG util.py:634:  child environment: None
DEBUG util.py:556:  Executing command: ['/bin/rpm', '-qa', '--root', '/var/lib/mock/rocky-10-x86_64/root'] with env {'TERM': 'vt100', 'SHELL': '/bin/bash', 'HOME': '/builddir', 'HOSTNAME': 'mock', 'PATH': '/usr/bin:/bin:/usr/sbin:/sbin', 'PROMPT_COMMAND': 'printf "\\033]0;<mock-chroot>\\007"', 'PS1': '<mock-chroot> \\s-\\v\\$ ', 'LANG': 'C.UTF-8'} and shell False
DEBUG util.py:461:  gpg-pubkey-6fedfc85-682ae1a9
DEBUG util.py:461:  libgcc-14.3.1-2.1.el10.x86_64
DEBUG util.py:461:  rust-toolset-srpm-macros-1.88.0-1.el10.noarch
DEBUG util.py:461:  qt6-srpm-macros-6.9.1-1.el10.noarch
DEBUG util.py:461:  perl-srpm-macros-1-57.el10.noarch
DEBUG util.py:461:  package-notes-srpm-macros-0.5-13.el10.noarch
DEBUG util.py:461:  openblas-srpm-macros-2-19.el10.noarch
DEBUG util.py:461:  ocaml-srpm-macros-10-4.el10.noarch
DEBUG util.py:461:  kernel-srpm-macros-1.0-26.el10.noarch
DEBUG util.py:461:  rocky-gpg-keys-10.1-1.4.el10.noarch
DEBUG util.py:461:  rocky-release-10.1-1.4.el10.noarch
DEBUG util.py:461:  rocky-repos-10.1-1.4.el10.noarch
DEBUG util.py:461:  setup-2.14.5-7.el10.noarch
DEBUG util.py:461:  filesystem-3.18-17.el10.x86_64
DEBUG util.py:461:  basesystem-11-22.el10.noarch
DEBUG util.py:461:  publicsuffix-list-dafsa-20240107-5.el10.noarch
DEBUG util.py:461:  pkgconf-m4-2.1.0-3.el10.noarch
DEBUG util.py:461:  pcre2-syntax-10.44-1.el10.3.noarch
DEBUG util.py:461:  ncurses-base-6.4-14.20240127.el10.noarch
DEBUG util.py:461:  glibc-gconv-extra-2.39-58.el10_1.7.x86_64
DEBUG util.py:461:  glibc-minimal-langpack-2.39-58.el10_1.7.x86_64
DEBUG util.py:461:  glibc-common-2.39-58.el10_1.7.x86_64
DEBUG util.py:461:  glibc-2.39-58.el10_1.7.x86_64
DEBUG util.py:461:  ncurses-libs-6.4-14.20240127.el10.x86_64
DEBUG util.py:461:  bash-5.2.26-6.el10.x86_64
DEBUG util.py:461:  zlib-ng-compat-2.2.3-3.el10_1.x86_64
DEBUG util.py:461:  bzip2-libs-1.0.8-25.el10.x86_64
DEBUG util.py:461:  xz-libs-5.6.2-4.el10_0.x86_64
DEBUG util.py:461:  readline-8.2-11.el10.x86_64
DEBUG util.py:461:  libstdc++-14.3.1-2.1.el10.x86_64
DEBUG util.py:461:  libuuid-2.40.2-15.el10_1.x86_64
DEBUG util.py:461:  popt-1.19-8.el10.x86_64
DEBUG util.py:461:  libblkid-2.40.2-15.el10_1.x86_64
DEBUG util.py:461:  gmp-6.2.1-12.el10.x86_64
DEBUG util.py:461:  libattr-2.5.2-5.el10.x86_64
DEBUG util.py:461:  libacl-2.3.2-4.el10.x86_64
DEBUG util.py:461:  libxcrypt-4.4.36-10.el10.x86_64
DEBUG util.py:461:  libzstd-1.5.5-9.el10.x86_64
DEBUG util.py:461:  elfutils-libelf-0.193-1.el10.rocky.0.1.x86_64
DEBUG util.py:461:  crypto-policies-20250905-2.gitc7eb7b2.el10_1.1.noarch
DEBUG util.py:461:  gdbm-libs-1.23-13.el10.x86_64
DEBUG util.py:461:  libeconf-0.6.2-4.el10.x86_64
DEBUG util.py:461:  dwz-0.16-1.el10.x86_64
DEBUG util.py:461:  mpfr-4.2.1-5.el10.x86_64
DEBUG util.py:461:  gawk-5.3.0-6.el10.x86_64
DEBUG util.py:461:  unzip-6.0-69.el10.x86_64
DEBUG util.py:461:  file-libs-5.45-8.el10.x86_64
DEBUG util.py:461:  file-5.45-8.el10.x86_64
DEBUG util.py:461:  alternatives-1.30-2.el10.x86_64
DEBUG util.py:461:  jansson-2.14-3.el10.x86_64
DEBUG util.py:461:  libcap-ng-0.8.4-6.el10.x86_64
DEBUG util.py:461:  audit-libs-4.0.3-4.el10.x86_64
DEBUG util.py:461:  pam-libs-1.6.1-8.el10.x86_64
DEBUG util.py:461:  libcap-2.69-7.el10.x86_64
DEBUG util.py:461:  systemd-libs-257-13.el10.rocky.0.1.x86_64
DEBUG util.py:461:  libffi-3.4.4-10.el10.x86_64
DEBUG util.py:461:  libsepol-3.9-1.el10.x86_64
DEBUG util.py:461:  libsmartcols-2.40.2-15.el10_1.x86_64
DEBUG util.py:461:  libtasn1-4.20.0-1.el10.x86_64
DEBUG util.py:461:  libunistring-1.1-10.el10.x86_64
DEBUG util.py:461:  libidn2-2.3.7-3.el10.x86_64
DEBUG util.py:461:  lua-libs-5.4.6-7.el10.x86_64
DEBUG util.py:461:  lz4-libs-1.9.4-8.el10.x86_64
DEBUG util.py:461:  pcre2-10.44-1.el10.3.x86_64
DEBUG util.py:461:  libselinux-3.9-1.el10.x86_64
DEBUG util.py:461:  sed-4.9-3.el10.x86_64
DEBUG util.py:461:  findutils-4.10.0-5.el10.x86_64
DEBUG util.py:461:  grep-3.11-10.el10.x86_64
DEBUG util.py:461:  xz-5.6.2-4.el10_0.x86_64
DEBUG util.py:461:  libmount-2.40.2-15.el10_1.x86_64
DEBUG util.py:461:  util-linux-core-2.40.2-15.el10_1.x86_64
DEBUG util.py:461:  libsemanage-3.9-1.el10.x86_64
DEBUG util.py:461:  shadow-utils-4.15.0-8.el10.x86_64
DEBUG util.py:461:  libutempter-1.2.1-15.el10.x86_64
DEBUG util.py:461:  tar-1.35-9.el10_1.x86_64
DEBUG util.py:461:  zstd-1.5.5-9.el10.x86_64
DEBUG util.py:461:  libpsl-0.21.5-6.el10.x86_64
DEBUG util.py:461:  p11-kit-0.25.5-7.el10.x86_64
DEBUG util.py:461:  p11-kit-trust-0.25.5-7.el10.x86_64
DEBUG util.py:461:  zip-3.0-45.el10.x86_64
DEBUG util.py:461:  cyrus-sasl-lib-2.1.28-29.el10.x86_64
DEBUG util.py:461:  gdbm-1.23-13.el10.x86_64
DEBUG util.py:461:  libfdisk-2.40.2-15.el10_1.x86_64
DEBUG util.py:461:  libxml2-2.12.5-9.el10_0.x86_64
DEBUG util.py:461:  bzip2-1.0.8-25.el10.x86_64
DEBUG util.py:461:  sqlite-libs-3.46.1-5.el10_1.x86_64
DEBUG util.py:461:  ed-1.20-5.el10.x86_64
DEBUG util.py:461:  patch-2.7.6-26.el10.x86_64
DEBUG util.py:461:  elfutils-default-yama-scope-0.193-1.el10.rocky.0.1.noarch
DEBUG util.py:461:  cpio-2.15-3.el10.x86_64
DEBUG util.py:461:  diffutils-3.10-8.el10.x86_64
DEBUG util.py:461:  json-c-0.18-3.el10.x86_64
DEBUG util.py:461:  keyutils-libs-1.6.3-5.el10.x86_64
DEBUG util.py:461:  libbrotli-1.1.0-7.el10_1.x86_64
DEBUG util.py:461:  libcom_err-1.47.1-4.el10.x86_64
DEBUG util.py:461:  libgomp-14.3.1-2.1.el10.x86_64
DEBUG util.py:461:  libnghttp2-1.64.0-2.el10.x86_64
DEBUG util.py:461:  libpkgconf-2.1.0-3.el10.x86_64
DEBUG util.py:461:  pkgconf-2.1.0-3.el10.x86_64
DEBUG util.py:461:  pkgconf-pkg-config-2.1.0-3.el10.x86_64
DEBUG util.py:461:  libverto-0.3.2-10.el10.x86_64
DEBUG util.py:461:  libssh-config-0.11.1-5.el10_1.noarch
DEBUG util.py:461:  coreutils-common-9.5-6.el10.x86_64
DEBUG util.py:461:  openssl-fips-provider-3.5.1-7.el10_1.x86_64
DEBUG util.py:461:  openssl-libs-3.5.1-7.el10_1.x86_64
DEBUG util.py:461:  coreutils-9.5-6.el10.x86_64
DEBUG util.py:461:  ca-certificates-2025.2.80_v9.0.305-102.el10.noarch
DEBUG util.py:461:  authselect-libs-1.5.0-8.el10.x86_64
DEBUG util.py:461:  gzip-1.13-3.el10.x86_64
DEBUG util.py:461:  cracklib-2.9.11-8.el10.x86_64
DEBUG util.py:461:  krb5-libs-1.21.3-8.el10_0.x86_64
DEBUG util.py:461:  libarchive-3.7.7-4.el10_0.x86_64
DEBUG util.py:461:  libssh-0.11.1-5.el10_1.x86_64
DEBUG util.py:461:  cracklib-dicts-2.9.11-8.el10.x86_64
DEBUG util.py:461:  libpwquality-1.4.5-12.el10.x86_64
DEBUG util.py:461:  pam-1.6.1-8.el10.x86_64
DEBUG util.py:461:  libevent-2.1.12-16.el10.x86_64
DEBUG util.py:461:  openldap-2.6.9-1.el10.x86_64
DEBUG util.py:461:  libcurl-8.12.1-2.el10_1.2.x86_64
DEBUG util.py:461:  elfutils-libs-0.193-1.el10.rocky.0.1.x86_64
DEBUG util.py:461:  elfutils-debuginfod-client-0.193-1.el10.rocky.0.1.x86_64
DEBUG util.py:461:  binutils-gold-2.41-58.el10_1.2.x86_64
DEBUG util.py:461:  binutils-2.41-58.el10_1.2.x86_64
DEBUG util.py:461:  elfutils-0.193-1.el10.rocky.0.1.x86_64
DEBUG util.py:461:  gdb-minimal-16.3-2.el10.x86_64
DEBUG util.py:461:  debugedit-5.1-8.el10.x86_64
DEBUG util.py:461:  curl-8.12.1-2.el10_1.2.x86_64
DEBUG util.py:461:  rpm-sequoia-1.9.0.3-1.el10_1.x86_64
DEBUG util.py:461:  rpm-libs-4.19.1.1-20.el10.x86_64
DEBUG util.py:461:  rpm-4.19.1.1-20.el10.x86_64
DEBUG util.py:461:  efi-srpm-macros-6-7.el10.noarch
DEBUG util.py:461:  lua-srpm-macros-1-15.el10.noarch
DEBUG util.py:461:  rpm-build-libs-4.19.1.1-20.el10.x86_64
DEBUG util.py:461:  fonts-srpm-macros-2.0.5-18.el10.noarch
DEBUG util.py:461:  forge-srpm-macros-0.4.0-6.el10.noarch
DEBUG util.py:461:  go-srpm-macros-3.6.0-7.el10_1.noarch
DEBUG util.py:461:  python-srpm-macros-3.12-10.el10.noarch
DEBUG util.py:461:  redhat-rpm-config-293-1.el10.rocky.0.2.noarch
DEBUG util.py:461:  rpm-build-4.19.1.1-20.el10.x86_64
DEBUG util.py:461:  pyproject-srpm-macros-1.16.2-1.el10.noarch
DEBUG util.py:461:  util-linux-2.40.2-15.el10_1.x86_64
DEBUG util.py:461:  authselect-1.5.0-8.el10.x86_64
DEBUG util.py:461:  which-2.21-44.el10_0.x86_64
DEBUG util.py:461:  info-7.1-6.el10.x86_64
DEBUG util.py:608:  Child return code was: 0
DEBUG util.py:183:  kill orphans in chroot /var/lib/mock/rocky-10-x86_64/root
DEBUG util.py:183:  kill orphans in chroot /var/lib/mock/rocky-10-x86_64-bootstrap/root/var/lib/mock/rocky-10-x86_64/root
DEBUG util.py:634:  child environment: None
DEBUG util.py:556:  Executing command: ['/bin/umount', '-n', '-l', '/var/lib/mock/rocky-10-x86_64-bootstrap/root/var/lib/mock/rocky-10-x86_64/root'] with env {'TERM': 'vt100', 'SHELL': '/bin/sh', 'HOME': '/builddir', 'HOSTNAME': 'mock', 'PATH': '/usr/bin:/bin:/usr/sbin:/sbin', 'LANG': 'C.UTF-8'} and shell False
DEBUG util.py:608:  Child return code was: 0
DEBUG util.py:634:  child environment: None
DEBUG util.py:556:  Executing command: ['/bin/umount', '-n', '-l', '/var/lib/mock/rocky-10-x86_64-bootstrap/root/var/lib/mock/rocky-10-x86_64/root'] with env {'TERM': 'vt100', 'SHELL': '/bin/sh', 'HOME': '/builddir', 'HOSTNAME': 'mock', 'PATH': '/usr/bin:/bin:/usr/sbin:/sbin', 'LANG': 'C.UTF-8'} and shell False
DEBUG util.py:608:  Child return code was: 0
DEBUG util.py:634:  child environment: None
DEBUG file_util.py:18:  ensuring that dir exists: /var/lib/mock/rocky-10-x86_64-bootstrap/root/var/lib/mock/rocky-10-x86_64/root
DEBUG util.py:634:  child environment: None
DEBUG util.py:556:  Executing command: ['/bin/mount', '-n', '-t', 'tmpfs', '-o', 'private,mode=0755', 'tmpfs', '/var/lib/mock/rocky-10-x86_64-bootstrap/root/var/lib/mock/rocky-10-x86_64/root'] with env {'TERM': 'vt100', 'SHELL': '/bin/sh', 'HOME': '/builddir', 'HOSTNAME': 'mock', 'PATH': '/usr/bin:/bin:/usr/sbin:/sbin', 'LANG': 'C.UTF-8'} and shell False
DEBUG util.py:608:  Child return code was: 0
DEBUG file_util.py:18:  ensuring that dir exists: /var/lib/mock/rocky-10-x86_64-bootstrap/root/var/lib/mock/rocky-10-x86_64/root
DEBUG util.py:634:  child environment: None
DEBUG util.py:556:  Executing command: ['/bin/mount', '-n', '-o', 'rbind', '/var/lib/mock/rocky-10-x86_64/root', '/var/lib/mock/rocky-10-x86_64-bootstrap/root/var/lib/mock/rocky-10-x86_64/root'] with env {'TERM': 'vt100', 'SHELL': '/bin/sh', 'HOME': '/builddir', 'HOSTNAME': 'mock', 'PATH': '/usr/bin:/bin:/usr/sbin:/sbin', 'LANG': 'C.UTF-8'} and shell False
DEBUG util.py:608:  Child return code was: 0
DEBUG util.py:634:  child environment: None
DEBUG util.py:556:  Executing command: ['/bin/mount', '-n', '-o', 'remount,private,rbind', '--target', '/var/lib/mock/rocky-10-x86_64-bootstrap/root/var/lib/mock/rocky-10-x86_64/root'] with env {'TERM': 'vt100', 'SHELL': '/bin/sh', 'HOME': '/builddir', 'HOSTNAME': 'mock', 'PATH': '/usr/bin:/bin:/usr/sbin:/sbin', 'LANG': 'C.UTF-8'} and shell False
DEBUG util.py:608:  Child return code was: 0
DEBUG file_util.py:18:  ensuring that dir exists: /var/lib/mock/rocky-10-x86_64/root/installation-homedir
DEBUG package_manager.py:295:  ['/usr/bin/dnf-3', 'builddep', '--installroot', '/var/lib/mock/rocky-10-x86_64/root/', '--releasever', '10', '--setopt=deltarpm=False', '--setopt=allow_vendor_change=yes', '--allowerasing', '--disableplugin=local', '--disableplugin=spacewalk', '--disableplugin=versionlock', '/var/lib/mock/rocky-10-x86_64/root//builddir/build/SRPMS/shim-unsigned-x64-16.1-1.el10.src.rpm']
DEBUG util.py:634:  child environment: None
DEBUG util.py:556:  Executing command: ['/usr/bin/dnf-3', 'builddep', '--installroot', '/var/lib/mock/rocky-10-x86_64/root/', '--releasever', '10', '--setopt=deltarpm=False', '--setopt=allow_vendor_change=yes', '--allowerasing', '--disableplugin=local', '--disableplugin=spacewalk', '--disableplugin=versionlock', '/var/lib/mock/rocky-10-x86_64/root//builddir/build/SRPMS/shim-unsigned-x64-16.1-1.el10.src.rpm', '--setopt=tsflags=nocontexts'] with env {'TERM': 'vt100', 'SHELL': '/bin/bash', 'HOME': '/var/lib/mock/rocky-10-x86_64/root/installation-homedir', 'HOSTNAME': 'mock', 'PATH': '/usr/bin:/bin:/usr/sbin:/sbin', 'PROMPT_COMMAND': 'printf "\\033]0;<mock-chroot>\\007"', 'PS1': '<mock-chroot> \\s-\\v\\$ ', 'LANG': 'C.UTF-8', 'LC_MESSAGES': 'C.UTF-8'} and shell False
DEBUG util.py:459:  No matches found for the following disable plugin patterns: local, spacewalk, versionlock
DEBUG util.py:461:  Rocky Linux 10 - BaseOS                                                                                        10 kB/s | 4.3 kB     00:00    
DEBUG util.py:461:  Rocky Linux 10 - AppStream                                                                                     12 kB/s | 4.3 kB     00:00    
DEBUG util.py:461:  Rocky Linux 10 - CRB                                                                                           16 kB/s | 4.3 kB     00:00    
DEBUG util.py:461:  Rocky Linux 10 - Extras                                                                                       4.5 kB/s | 3.1 kB     00:00    
DEBUG util.py:461:  Package findutils-1:4.10.0-5.el10.x86_64 is already installed.
DEBUG util.py:461:  Dependencies resolved.
DEBUG util.py:461:  ==============================================================================================================================================
DEBUG util.py:461:   Package                                 Architecture            Version                                     Repository                  Size
DEBUG util.py:461:  ==============================================================================================================================================
DEBUG util.py:461:  Installing:
DEBUG util.py:461:   dos2unix                                x86_64                  7.5.2-3.el10                                baseos                     305 k
DEBUG util.py:461:   elfutils-libelf-devel                   x86_64                  0.193-1.el10.rocky.0.1                      appstream                   48 k
DEBUG util.py:461:   gcc                                     x86_64                  14.3.1-2.1.el10                             appstream                   38 M
DEBUG util.py:461:   git                                     x86_64                  2.47.3-1.el10                               appstream                   50 k
DEBUG util.py:461:   make                                    x86_64                  1:4.4.1-9.el10                              baseos                     590 k
DEBUG util.py:461:   openssl                                 x86_64                  1:3.5.1-7.el10_1                            baseos                     1.2 M
DEBUG util.py:461:   openssl-devel                           x86_64                  1:3.5.1-7.el10_1                            appstream                  3.0 M
DEBUG util.py:461:   pesign                                  x86_64                  116-6.el10                                  appstream                  195 k
DEBUG util.py:461:   rocky-sb-certs                          noarch                  10.1-1.4.el10                               crb                         61 k
DEBUG util.py:461:  Installing dependencies:
DEBUG util.py:461:   annobin-docs                            noarch                  12.99-1.el10                                appstream                   88 k
DEBUG util.py:461:   annobin-plugin-gcc                      x86_64                  12.99-1.el10                                appstream                  998 k
DEBUG util.py:461:   cmake-filesystem                        x86_64                  3.30.5-3.el10_0                             appstream                   15 k
DEBUG util.py:461:   cpp                                     x86_64                  14.3.1-2.1.el10                             appstream                   13 M
DEBUG util.py:461:   efivar-libs                             x86_64                  39-3.el10                                   baseos                     127 k
DEBUG util.py:461:   expat                                   x86_64                  2.7.1-1.el10_0.3                            baseos                     119 k
DEBUG util.py:461:   gcc-plugin-annobin                      x86_64                  14.3.1-2.1.el10                             appstream                   67 k
DEBUG util.py:461:   git-core                                x86_64                  2.47.3-1.el10                               appstream                  4.8 M
DEBUG util.py:461:   git-core-doc                            noarch                  2.47.3-1.el10                               appstream                  3.1 M
DEBUG util.py:461:   glibc-devel                             x86_64                  2.39-58.el10_1.7                            appstream                  579 k
DEBUG util.py:461:   groff-base                              x86_64                  1.23.0-10.el10                              baseos                     1.1 M
DEBUG util.py:461:   kernel-headers                          x86_64                  6.12.0-124.40.1.el10_1                      appstream                  3.2 M
DEBUG util.py:461:   less                                    x86_64                  661-3.el10                                  baseos                     189 k
DEBUG util.py:461:   libcbor                                 x86_64                  0.11.0-3.el10                               baseos                      33 k
DEBUG util.py:461:   libedit                                 x86_64                  3.1-52.20230828cvs.el10                     baseos                     105 k
DEBUG util.py:461:   libfido2                                x86_64                  1.14.0-7.el10                               baseos                      97 k
DEBUG util.py:461:   libmpc                                  x86_64                  1.3.1-7.el10                                appstream                   70 k
DEBUG util.py:461:   libxcrypt-devel                         x86_64                  4.4.36-10.el10                              appstream                   29 k
DEBUG util.py:461:   libzstd-devel                           x86_64                  1.5.5-9.el10                                appstream                   51 k
DEBUG util.py:461:   mpdecimal                               x86_64                  2.5.1-12.el10                               baseos                      89 k
DEBUG util.py:461:   ncurses                                 x86_64                  6.4-14.20240127.el10                        baseos                     423 k
DEBUG util.py:461:   nspr                                    x86_64                  4.36.0-4.el10_0                             appstream                  135 k
DEBUG util.py:461:   nss                                     x86_64                  3.112.0-4.el10_0                            appstream                  737 k
DEBUG util.py:461:   nss-softokn                             x86_64                  3.112.0-4.el10_0                            appstream                  400 k
DEBUG util.py:461:   nss-softokn-freebl                      x86_64                  3.112.0-4.el10_0                            appstream                  416 k
DEBUG util.py:461:   nss-sysinit                             x86_64                  3.112.0-4.el10_0                            appstream                   19 k
DEBUG util.py:461:   nss-tools                               x86_64                  3.112.0-4.el10_0                            appstream                  447 k
DEBUG util.py:461:   nss-util                                x86_64                  3.112.0-4.el10_0                            appstream                   85 k
DEBUG util.py:461:   openssh                                 x86_64                  9.9p1-12.el10_1.rocky.0.1                   baseos                     354 k
DEBUG util.py:461:   openssh-clients                         x86_64                  9.9p1-12.el10_1.rocky.0.1                   baseos                     761 k
DEBUG util.py:461:   perl-AutoLoader                         noarch                  5.74-512.2.el10_0                           appstream                   21 k
DEBUG util.py:461:   perl-B                                  x86_64                  1.89-512.2.el10_0                           appstream                  180 k
DEBUG util.py:461:   perl-Carp                               noarch                  1.54-511.el10                               appstream                   29 k
DEBUG util.py:461:   perl-Class-Struct                       noarch                  0.68-512.2.el10_0                           appstream                   22 k
DEBUG util.py:461:   perl-Data-Dumper                        x86_64                  2.189-512.el10                              appstream                   56 k
DEBUG util.py:461:   perl-Digest                             noarch                  1.20-511.el10                               appstream                   25 k
DEBUG util.py:461:   perl-Digest-MD5                         x86_64                  2.59-6.el10                                 appstream                   36 k
DEBUG util.py:461:   perl-DynaLoader                         x86_64                  1.56-512.2.el10_0                           appstream                   26 k
DEBUG util.py:461:   perl-Encode                             x86_64                  4:3.21-511.el10                             appstream                  1.1 M
DEBUG util.py:461:   perl-Errno                              x86_64                  1.38-512.2.el10_0                           appstream                   15 k
DEBUG util.py:461:   perl-Error                              noarch                  1:0.17029-18.el10                           appstream                   40 k
DEBUG util.py:461:   perl-Exporter                           noarch                  5.78-511.el10                               appstream                   31 k
DEBUG util.py:461:   perl-Fcntl                              x86_64                  1.18-512.2.el10_0                           appstream                   30 k
DEBUG util.py:461:   perl-File-Basename                      noarch                  2.86-512.2.el10_0                           appstream                   17 k
DEBUG util.py:461:   perl-File-Find                          noarch                  1.44-512.2.el10_0                           appstream                   25 k
DEBUG util.py:461:   perl-File-Path                          noarch                  2.18-511.el10                               appstream                   35 k
DEBUG util.py:461:   perl-File-Temp                          noarch                  1:0.231.100-512.el10                        appstream                   59 k
DEBUG util.py:461:   perl-File-stat                          noarch                  1.14-512.2.el10_0                           appstream                   17 k
DEBUG util.py:461:   perl-FileHandle                         noarch                  2.05-512.2.el10_0                           appstream                   15 k
DEBUG util.py:461:   perl-Getopt-Long                        noarch                  1:2.58-3.el10                               appstream                   64 k
DEBUG util.py:461:   perl-Getopt-Std                         noarch                  1.14-512.2.el10_0                           appstream                   15 k
DEBUG util.py:461:   perl-Git                                noarch                  2.47.3-1.el10                               appstream                   37 k
DEBUG util.py:461:   perl-HTTP-Tiny                          noarch                  0.088-512.el10                              appstream                   56 k
DEBUG util.py:461:   perl-IO                                 x86_64                  1.55-512.2.el10_0                           appstream                   83 k
DEBUG util.py:461:   perl-IO-Socket-IP                       noarch                  0.42-512.el10                               appstream                   42 k
DEBUG util.py:461:   perl-IO-Socket-SSL                      noarch                  2.085-3.el10                                appstream                  229 k
DEBUG util.py:461:   perl-IPC-Open3                          noarch                  1.22-512.2.el10_0                           appstream                   22 k
DEBUG util.py:461:   perl-MIME-Base64                        x86_64                  3.16-511.el10                               appstream                   30 k
DEBUG util.py:461:   perl-Mozilla-CA                         noarch                  20231213-5.el10                             appstream                   14 k
DEBUG util.py:461:   perl-Net-SSLeay                         x86_64                  1.94-8.el10                                 appstream                  382 k
DEBUG util.py:461:   perl-POSIX                              x86_64                  2.20-512.2.el10_0                           appstream                   96 k
DEBUG util.py:461:   perl-PathTools                          x86_64                  3.91-512.el10                               appstream                   88 k
DEBUG util.py:461:   perl-Pod-Escapes                        noarch                  1:1.07-511.el10                             appstream                   20 k
DEBUG util.py:461:   perl-Pod-Perldoc                        noarch                  3.28.01-512.el10                            appstream                   87 k
DEBUG util.py:461:   perl-Pod-Simple                         noarch                  1:3.45-511.el10                             appstream                  221 k
DEBUG util.py:461:   perl-Pod-Usage                          noarch                  4:2.03-511.el10                             appstream                   40 k
DEBUG util.py:461:   perl-Scalar-List-Utils                  x86_64                  5:1.63-511.el10                             appstream                   73 k
DEBUG util.py:461:   perl-SelectSaver                        noarch                  1.02-512.2.el10_0                           appstream                   11 k
DEBUG util.py:461:   perl-Socket                             x86_64                  4:2.038-511.el10                            appstream                   55 k
DEBUG util.py:461:   perl-Storable                           x86_64                  1:3.32-511.el10                             appstream                   98 k
DEBUG util.py:461:   perl-Symbol                             noarch                  1.09-512.2.el10_0                           appstream                   14 k
DEBUG util.py:461:   perl-Term-ANSIColor                     noarch                  5.01-512.el10                               appstream                   48 k
DEBUG util.py:461:   perl-Term-Cap                           noarch                  1.18-511.el10                               appstream                   22 k
DEBUG util.py:461:   perl-TermReadKey                        x86_64                  2.38-24.el10                                appstream                   36 k
DEBUG util.py:461:   perl-Text-ParseWords                    noarch                  3.31-511.el10                               appstream                   16 k
DEBUG util.py:461:   perl-Text-Tabs+Wrap                     noarch                  2024.001-511.el10                           appstream                   22 k
DEBUG util.py:461:   perl-Time-Local                         noarch                  2:1.350-511.el10                            appstream                   34 k
DEBUG util.py:461:   perl-URI                                noarch                  5.27-3.el10                                 appstream                  136 k
DEBUG util.py:461:   perl-base                               noarch                  2.27-512.2.el10_0                           appstream                   16 k
DEBUG util.py:461:   perl-constant                           noarch                  1.33-512.el10                               appstream                   23 k
DEBUG util.py:461:   perl-if                                 noarch                  0.61.000-512.2.el10_0                       appstream                   14 k
DEBUG util.py:461:   perl-interpreter                        x86_64                  4:5.40.2-512.2.el10_0                       appstream                   72 k
DEBUG util.py:461:   perl-lib                                x86_64                  0.65-512.2.el10_0                           appstream                   15 k
DEBUG util.py:461:   perl-libnet                             noarch                  3.15-512.el10                               appstream                  130 k
DEBUG util.py:461:   perl-libs                               x86_64                  4:5.40.2-512.2.el10_0                       appstream                  2.4 M
DEBUG util.py:461:   perl-locale                             noarch                  1.12-512.2.el10_0                           appstream                   13 k
DEBUG util.py:461:   perl-mro                                x86_64                  1.29-512.2.el10_0                           appstream                   30 k
DEBUG util.py:461:   perl-overload                           noarch                  1.37-512.2.el10_0                           appstream                   45 k
DEBUG util.py:461:   perl-overloading                        noarch                  0.02-512.2.el10_0                           appstream                   13 k
DEBUG util.py:461:   perl-parent                             noarch                  1:0.241-512.el10                            appstream                   15 k
DEBUG util.py:461:   perl-podlators                          noarch                  1:5.01-511.el10                             appstream                  126 k
DEBUG util.py:461:   perl-vars                               noarch                  1.05-512.2.el10_0                           appstream                   13 k
DEBUG util.py:461:   python3                                 x86_64                  3.12.12-3.el10_1                            baseos                      28 k
DEBUG util.py:461:   python3-libs                            x86_64                  3.12.12-3.el10_1                            baseos                     9.4 M
DEBUG util.py:461:   python3-pip-wheel                       noarch                  23.3.2-7.el10                               baseos                     1.5 M
DEBUG util.py:461:   tzdata                                  noarch                  2025c-1.el10                                baseos                     894 k
DEBUG util.py:461:   zlib-ng-compat-devel                    x86_64                  2.2.3-3.el10_1                              appstream                   36 k
DEBUG util.py:461:  Transaction Summary
DEBUG util.py:461:  ==============================================================================================================================================
DEBUG util.py:461:  Install  106 Packages
DEBUG util.py:461:  Total size: 93 M
DEBUG util.py:461:  Installed size: 288 M
DEBUG util.py:461:  Downloading Packages:
DEBUG util.py:461:  [SKIPPED] dos2unix-7.5.2-3.el10.x86_64.rpm: Already downloaded                                                                               
DEBUG util.py:461:  [SKIPPED] efivar-libs-39-3.el10.x86_64.rpm: Already downloaded                                                                               
DEBUG util.py:461:  [SKIPPED] expat-2.7.1-1.el10_0.3.x86_64.rpm: Already downloaded                                                                              
DEBUG util.py:461:  [SKIPPED] groff-base-1.23.0-10.el10.x86_64.rpm: Already downloaded                                                                           
DEBUG util.py:461:  [SKIPPED] less-661-3.el10.x86_64.rpm: Already downloaded                                                                                     
DEBUG util.py:461:  [SKIPPED] libcbor-0.11.0-3.el10.x86_64.rpm: Already downloaded                                                                               
DEBUG util.py:461:  [SKIPPED] libedit-3.1-52.20230828cvs.el10.x86_64.rpm: Already downloaded                                                                     
DEBUG util.py:461:  [SKIPPED] libfido2-1.14.0-7.el10.x86_64.rpm: Already downloaded                                                                              
DEBUG util.py:461:  [SKIPPED] make-4.4.1-9.el10.x86_64.rpm: Already downloaded                                                                                   
DEBUG util.py:461:  [SKIPPED] mpdecimal-2.5.1-12.el10.x86_64.rpm: Already downloaded                                                                             
DEBUG util.py:461:  [SKIPPED] ncurses-6.4-14.20240127.el10.x86_64.rpm: Already downloaded                                                                        
DEBUG util.py:461:  [SKIPPED] openssh-9.9p1-12.el10_1.rocky.0.1.x86_64.rpm: Already downloaded                                                                   
DEBUG util.py:461:  [SKIPPED] openssh-clients-9.9p1-12.el10_1.rocky.0.1.x86_64.rpm: Already downloaded                                                           
DEBUG util.py:461:  [SKIPPED] openssl-3.5.1-7.el10_1.x86_64.rpm: Already downloaded                                                                              
DEBUG util.py:461:  [SKIPPED] python3-3.12.12-3.el10_1.x86_64.rpm: Already downloaded                                                                            
DEBUG util.py:461:  [SKIPPED] python3-libs-3.12.12-3.el10_1.x86_64.rpm: Already downloaded                                                                       
DEBUG util.py:461:  [SKIPPED] python3-pip-wheel-23.3.2-7.el10.noarch.rpm: Already downloaded                                                                     
DEBUG util.py:461:  [SKIPPED] tzdata-2025c-1.el10.noarch.rpm: Already downloaded                                                                                 
DEBUG util.py:461:  [SKIPPED] annobin-docs-12.99-1.el10.noarch.rpm: Already downloaded                                                                           
DEBUG util.py:461:  [SKIPPED] annobin-plugin-gcc-12.99-1.el10.x86_64.rpm: Already downloaded                                                                     
DEBUG util.py:461:  [SKIPPED] cmake-filesystem-3.30.5-3.el10_0.x86_64.rpm: Already downloaded                                                                    
DEBUG util.py:461:  [SKIPPED] cpp-14.3.1-2.1.el10.x86_64.rpm: Already downloaded                                                                                 
DEBUG util.py:461:  [SKIPPED] elfutils-libelf-devel-0.193-1.el10.rocky.0.1.x86_64.rpm: Already downloaded                                                        
DEBUG util.py:461:  [SKIPPED] gcc-14.3.1-2.1.el10.x86_64.rpm: Already downloaded                                                                                 
DEBUG util.py:461:  [SKIPPED] gcc-plugin-annobin-14.3.1-2.1.el10.x86_64.rpm: Already downloaded                                                                  
DEBUG util.py:461:  [SKIPPED] git-2.47.3-1.el10.x86_64.rpm: Already downloaded                                                                                   
DEBUG util.py:461:  [SKIPPED] git-core-2.47.3-1.el10.x86_64.rpm: Already downloaded                                                                              
DEBUG util.py:461:  [SKIPPED] git-core-doc-2.47.3-1.el10.noarch.rpm: Already downloaded                                                                          
DEBUG util.py:461:  [SKIPPED] glibc-devel-2.39-58.el10_1.7.x86_64.rpm: Already downloaded                                                                        
DEBUG util.py:461:  [SKIPPED] kernel-headers-6.12.0-124.40.1.el10_1.x86_64.rpm: Already downloaded                                                               
DEBUG util.py:461:  [SKIPPED] libmpc-1.3.1-7.el10.x86_64.rpm: Already downloaded                                                                                 
DEBUG util.py:461:  [SKIPPED] libxcrypt-devel-4.4.36-10.el10.x86_64.rpm: Already downloaded                                                                      
DEBUG util.py:461:  [SKIPPED] libzstd-devel-1.5.5-9.el10.x86_64.rpm: Already downloaded                                                                          
DEBUG util.py:461:  [SKIPPED] nspr-4.36.0-4.el10_0.x86_64.rpm: Already downloaded                                                                                
DEBUG util.py:461:  [SKIPPED] nss-3.112.0-4.el10_0.x86_64.rpm: Already downloaded                                                                                
DEBUG util.py:461:  [SKIPPED] nss-softokn-3.112.0-4.el10_0.x86_64.rpm: Already downloaded                                                                        
DEBUG util.py:461:  [SKIPPED] nss-softokn-freebl-3.112.0-4.el10_0.x86_64.rpm: Already downloaded                                                                 
DEBUG util.py:461:  [SKIPPED] nss-sysinit-3.112.0-4.el10_0.x86_64.rpm: Already downloaded                                                                        
DEBUG util.py:461:  [SKIPPED] nss-tools-3.112.0-4.el10_0.x86_64.rpm: Already downloaded                                                                          
DEBUG util.py:461:  [SKIPPED] nss-util-3.112.0-4.el10_0.x86_64.rpm: Already downloaded                                                                           
DEBUG util.py:461:  [SKIPPED] openssl-devel-3.5.1-7.el10_1.x86_64.rpm: Already downloaded                                                                        
DEBUG util.py:461:  [SKIPPED] perl-AutoLoader-5.74-512.2.el10_0.noarch.rpm: Already downloaded                                                                   
DEBUG util.py:461:  [SKIPPED] perl-B-1.89-512.2.el10_0.x86_64.rpm: Already downloaded                                                                            
DEBUG util.py:461:  [SKIPPED] perl-Carp-1.54-511.el10.noarch.rpm: Already downloaded                                                                             
DEBUG util.py:461:  [SKIPPED] perl-Class-Struct-0.68-512.2.el10_0.noarch.rpm: Already downloaded                                                                 
DEBUG util.py:461:  [SKIPPED] perl-Data-Dumper-2.189-512.el10.x86_64.rpm: Already downloaded                                                                     
DEBUG util.py:461:  [SKIPPED] perl-Digest-1.20-511.el10.noarch.rpm: Already downloaded                                                                           
DEBUG util.py:461:  [SKIPPED] perl-Digest-MD5-2.59-6.el10.x86_64.rpm: Already downloaded                                                                         
DEBUG util.py:461:  [SKIPPED] perl-DynaLoader-1.56-512.2.el10_0.x86_64.rpm: Already downloaded                                                                   
DEBUG util.py:461:  [SKIPPED] perl-Encode-3.21-511.el10.x86_64.rpm: Already downloaded                                                                           
DEBUG util.py:461:  [SKIPPED] perl-Errno-1.38-512.2.el10_0.x86_64.rpm: Already downloaded                                                                        
DEBUG util.py:461:  [SKIPPED] perl-Error-0.17029-18.el10.noarch.rpm: Already downloaded                                                                          
DEBUG util.py:461:  [SKIPPED] perl-Exporter-5.78-511.el10.noarch.rpm: Already downloaded                                                                         
DEBUG util.py:461:  [SKIPPED] perl-Fcntl-1.18-512.2.el10_0.x86_64.rpm: Already downloaded                                                                        
DEBUG util.py:461:  [SKIPPED] perl-File-Basename-2.86-512.2.el10_0.noarch.rpm: Already downloaded                                                                
DEBUG util.py:461:  [SKIPPED] perl-File-Find-1.44-512.2.el10_0.noarch.rpm: Already downloaded                                                                    
DEBUG util.py:461:  [SKIPPED] perl-File-Path-2.18-511.el10.noarch.rpm: Already downloaded                                                                        
DEBUG util.py:461:  [SKIPPED] perl-File-Temp-0.231.100-512.el10.noarch.rpm: Already downloaded                                                                   
DEBUG util.py:461:  [SKIPPED] perl-File-stat-1.14-512.2.el10_0.noarch.rpm: Already downloaded                                                                    
DEBUG util.py:461:  [SKIPPED] perl-FileHandle-2.05-512.2.el10_0.noarch.rpm: Already downloaded                                                                   
DEBUG util.py:461:  [SKIPPED] perl-Getopt-Long-2.58-3.el10.noarch.rpm: Already downloaded                                                                        
DEBUG util.py:461:  [SKIPPED] perl-Getopt-Std-1.14-512.2.el10_0.noarch.rpm: Already downloaded                                                                   
DEBUG util.py:461:  [SKIPPED] perl-Git-2.47.3-1.el10.noarch.rpm: Already downloaded                                                                              
DEBUG util.py:461:  [SKIPPED] perl-HTTP-Tiny-0.088-512.el10.noarch.rpm: Already downloaded                                                                       
DEBUG util.py:461:  [SKIPPED] perl-IO-1.55-512.2.el10_0.x86_64.rpm: Already downloaded                                                                           
DEBUG util.py:461:  [SKIPPED] perl-IO-Socket-IP-0.42-512.el10.noarch.rpm: Already downloaded                                                                     
DEBUG util.py:461:  [SKIPPED] perl-IO-Socket-SSL-2.085-3.el10.noarch.rpm: Already downloaded                                                                     
DEBUG util.py:461:  [SKIPPED] perl-IPC-Open3-1.22-512.2.el10_0.noarch.rpm: Already downloaded                                                                    
DEBUG util.py:461:  [SKIPPED] perl-MIME-Base64-3.16-511.el10.x86_64.rpm: Already downloaded                                                                      
DEBUG util.py:461:  [SKIPPED] perl-Mozilla-CA-20231213-5.el10.noarch.rpm: Already downloaded                                                                     
DEBUG util.py:461:  [SKIPPED] perl-Net-SSLeay-1.94-8.el10.x86_64.rpm: Already downloaded                                                                         
DEBUG util.py:461:  [SKIPPED] perl-POSIX-2.20-512.2.el10_0.x86_64.rpm: Already downloaded                                                                        
DEBUG util.py:461:  [SKIPPED] perl-PathTools-3.91-512.el10.x86_64.rpm: Already downloaded                                                                        
DEBUG util.py:461:  [SKIPPED] perl-Pod-Escapes-1.07-511.el10.noarch.rpm: Already downloaded                                                                      
DEBUG util.py:461:  [SKIPPED] perl-Pod-Perldoc-3.28.01-512.el10.noarch.rpm: Already downloaded                                                                   
DEBUG util.py:461:  [SKIPPED] perl-Pod-Simple-3.45-511.el10.noarch.rpm: Already downloaded                                                                       
DEBUG util.py:461:  [SKIPPED] perl-Pod-Usage-2.03-511.el10.noarch.rpm: Already downloaded                                                                        
DEBUG util.py:461:  [SKIPPED] perl-Scalar-List-Utils-1.63-511.el10.x86_64.rpm: Already downloaded                                                                
DEBUG util.py:461:  [SKIPPED] perl-SelectSaver-1.02-512.2.el10_0.noarch.rpm: Already downloaded                                                                  
DEBUG util.py:461:  [SKIPPED] perl-Socket-2.038-511.el10.x86_64.rpm: Already downloaded                                                                          
DEBUG util.py:461:  [SKIPPED] perl-Storable-3.32-511.el10.x86_64.rpm: Already downloaded                                                                         
DEBUG util.py:461:  [SKIPPED] perl-Symbol-1.09-512.2.el10_0.noarch.rpm: Already downloaded                                                                       
DEBUG util.py:461:  [SKIPPED] perl-Term-ANSIColor-5.01-512.el10.noarch.rpm: Already downloaded                                                                   
DEBUG util.py:461:  [SKIPPED] perl-Term-Cap-1.18-511.el10.noarch.rpm: Already downloaded                                                                         
DEBUG util.py:461:  [SKIPPED] perl-TermReadKey-2.38-24.el10.x86_64.rpm: Already downloaded                                                                       
DEBUG util.py:461:  [SKIPPED] perl-Text-ParseWords-3.31-511.el10.noarch.rpm: Already downloaded                                                                  
DEBUG util.py:461:  [SKIPPED] perl-Text-Tabs+Wrap-2024.001-511.el10.noarch.rpm: Already downloaded                                                               
DEBUG util.py:461:  [SKIPPED] perl-Time-Local-1.350-511.el10.noarch.rpm: Already downloaded                                                                      
DEBUG util.py:461:  [SKIPPED] perl-URI-5.27-3.el10.noarch.rpm: Already downloaded                                                                                
DEBUG util.py:461:  [SKIPPED] perl-base-2.27-512.2.el10_0.noarch.rpm: Already downloaded                                                                         
DEBUG util.py:461:  [SKIPPED] perl-constant-1.33-512.el10.noarch.rpm: Already downloaded                                                                         
DEBUG util.py:461:  [SKIPPED] perl-if-0.61.000-512.2.el10_0.noarch.rpm: Already downloaded                                                                       
DEBUG util.py:461:  [SKIPPED] perl-interpreter-5.40.2-512.2.el10_0.x86_64.rpm: Already downloaded                                                                
DEBUG util.py:461:  [SKIPPED] perl-lib-0.65-512.2.el10_0.x86_64.rpm: Already downloaded                                                                          
DEBUG util.py:461:  [SKIPPED] perl-libnet-3.15-512.el10.noarch.rpm: Already downloaded                                                                           
DEBUG util.py:461:  [SKIPPED] perl-libs-5.40.2-512.2.el10_0.x86_64.rpm: Already downloaded                                                                       
DEBUG util.py:461:  [SKIPPED] perl-locale-1.12-512.2.el10_0.noarch.rpm: Already downloaded                                                                       
DEBUG util.py:461:  [SKIPPED] perl-mro-1.29-512.2.el10_0.x86_64.rpm: Already downloaded                                                                          
DEBUG util.py:461:  [SKIPPED] perl-overload-1.37-512.2.el10_0.noarch.rpm: Already downloaded                                                                     
DEBUG util.py:461:  [SKIPPED] perl-overloading-0.02-512.2.el10_0.noarch.rpm: Already downloaded                                                                  
DEBUG util.py:461:  [SKIPPED] perl-parent-0.241-512.el10.noarch.rpm: Already downloaded                                                                          
DEBUG util.py:461:  [SKIPPED] perl-podlators-5.01-511.el10.noarch.rpm: Already downloaded                                                                        
DEBUG util.py:461:  [SKIPPED] perl-vars-1.05-512.2.el10_0.noarch.rpm: Already downloaded                                                                         
DEBUG util.py:461:  [SKIPPED] pesign-116-6.el10.x86_64.rpm: Already downloaded                                                                                   
DEBUG util.py:461:  [SKIPPED] zlib-ng-compat-devel-2.2.3-3.el10_1.x86_64.rpm: Already downloaded                                                                 
DEBUG util.py:461:  [SKIPPED] rocky-sb-certs-10.1-1.4.el10.noarch.rpm: Already downloaded                                                                        
DEBUG util.py:461:  Running transaction check
DEBUG util.py:461:  Transaction check succeeded.
DEBUG util.py:461:  Running transaction test
DEBUG util.py:461:  Transaction test succeeded.
DEBUG util.py:461:  Running transaction
DEBUG util.py:461:    Preparing        :                                                                                                                      1/1 
DEBUG util.py:461:    Installing       : nspr-4.36.0-4.el10_0.x86_64                                                                                        1/106 
DEBUG util.py:461:    Installing       : nss-util-3.112.0-4.el10_0.x86_64                                                                                   2/106 
DEBUG util.py:461:    Installing       : libmpc-1.3.1-7.el10.x86_64                                                                                         3/106 
DEBUG util.py:461:    Installing       : expat-2.7.1-1.el10_0.3.x86_64                                                                                      4/106 
DEBUG util.py:461:    Installing       : cpp-14.3.1-2.1.el10.x86_64                                                                                         5/106 
DEBUG util.py:461:    Installing       : nss-softokn-freebl-3.112.0-4.el10_0.x86_64                                                                         6/106 
DEBUG util.py:461:    Installing       : nss-softokn-3.112.0-4.el10_0.x86_64                                                                                7/106 
DEBUG util.py:461:    Installing       : nss-3.112.0-4.el10_0.x86_64                                                                                        8/106 
DEBUG util.py:461:    Running scriptlet: nss-3.112.0-4.el10_0.x86_64                                                                                        8/106 
DEBUG util.py:461:    Installing       : nss-sysinit-3.112.0-4.el10_0.x86_64                                                                                9/106 
DEBUG util.py:461:    Installing       : nss-tools-3.112.0-4.el10_0.x86_64                                                                                 10/106 
DEBUG util.py:461:    Installing       : libzstd-devel-1.5.5-9.el10.x86_64                                                                                 11/106 
DEBUG util.py:461:    Installing       : kernel-headers-6.12.0-124.40.1.el10_1.x86_64                                                                      12/106 
DEBUG util.py:461:    Installing       : libxcrypt-devel-4.4.36-10.el10.x86_64                                                                             13/106 
DEBUG util.py:461:    Installing       : glibc-devel-2.39-58.el10_1.7.x86_64                                                                               14/106 
DEBUG util.py:461:    Installing       : cmake-filesystem-3.30.5-3.el10_0.x86_64                                                                           15/106 
DEBUG util.py:461:    Installing       : zlib-ng-compat-devel-2.2.3-3.el10_1.x86_64                                                                        16/106 
DEBUG util.py:461:    Installing       : annobin-docs-12.99-1.el10.noarch                                                                                  17/106 
DEBUG util.py:461:    Installing       : tzdata-2025c-1.el10.noarch                                                                                        18/106 
DEBUG util.py:461:    Installing       : python3-pip-wheel-23.3.2-7.el10.noarch                                                                            19/106 
DEBUG util.py:461:    Installing       : openssh-9.9p1-12.el10_1.rocky.0.1.x86_64                                                                          20/106 
DEBUG util.py:461:    Installing       : ncurses-6.4-14.20240127.el10.x86_64                                                                               21/106 
DEBUG util.py:461:    Installing       : mpdecimal-2.5.1-12.el10.x86_64                                                                                    22/106 
DEBUG util.py:461:    Installing       : python3-3.12.12-3.el10_1.x86_64                                                                                   23/106 
DEBUG util.py:461:    Installing       : python3-libs-3.12.12-3.el10_1.x86_64                                                                              24/106 
DEBUG util.py:461:    Installing       : make-1:4.4.1-9.el10.x86_64                                                                                        25/106 
DEBUG util.py:461:    Installing       : gcc-14.3.1-2.1.el10.x86_64                                                                                        26/106 
DEBUG util.py:461:    Running scriptlet: gcc-14.3.1-2.1.el10.x86_64                                                                                        26/106 
DEBUG util.py:461:    Installing       : libedit-3.1-52.20230828cvs.el10.x86_64                                                                            27/106 
DEBUG util.py:461:    Installing       : libcbor-0.11.0-3.el10.x86_64                                                                                      28/106 
DEBUG util.py:461:    Installing       : libfido2-1.14.0-7.el10.x86_64                                                                                     29/106 
DEBUG util.py:461:    Installing       : openssh-clients-9.9p1-12.el10_1.rocky.0.1.x86_64                                                                  30/106 
DEBUG util.py:461:    Running scriptlet: openssh-clients-9.9p1-12.el10_1.rocky.0.1.x86_64                                                                  30/106 
DEBUG util.py:461:    Installing       : less-661-3.el10.x86_64                                                                                            31/106 
DEBUG util.py:461:    Installing       : git-core-2.47.3-1.el10.x86_64                                                                                     32/106 
DEBUG util.py:461:    Installing       : git-core-doc-2.47.3-1.el10.noarch                                                                                 33/106 
DEBUG util.py:461:    Running scriptlet: groff-base-1.23.0-10.el10.x86_64                                                                                  34/106 
DEBUG util.py:461:    Installing       : groff-base-1.23.0-10.el10.x86_64                                                                                  34/106 
DEBUG util.py:461:    Running scriptlet: groff-base-1.23.0-10.el10.x86_64                                                                                  34/106 
DEBUG util.py:461:    Installing       : perl-Digest-1.20-511.el10.noarch                                                                                  35/106 
DEBUG util.py:461:    Installing       : perl-Digest-MD5-2.59-6.el10.x86_64                                                                                36/106 
DEBUG util.py:461:    Installing       : perl-B-1.89-512.2.el10_0.x86_64                                                                                   37/106 
DEBUG util.py:461:    Installing       : perl-FileHandle-2.05-512.2.el10_0.noarch                                                                          38/106 
DEBUG util.py:461:    Installing       : perl-Data-Dumper-2.189-512.el10.x86_64                                                                            39/106 
DEBUG util.py:461:    Installing       : perl-libnet-3.15-512.el10.noarch                                                                                  40/106 
DEBUG util.py:461:    Installing       : perl-AutoLoader-5.74-512.2.el10_0.noarch                                                                          41/106 
DEBUG util.py:461:    Installing       : perl-URI-5.27-3.el10.noarch                                                                                       42/106 
DEBUG util.py:461:    Installing       : perl-Text-Tabs+Wrap-2024.001-511.el10.noarch                                                                      43/106 
DEBUG util.py:461:    Installing       : perl-Mozilla-CA-20231213-5.el10.noarch                                                                            44/106 
DEBUG util.py:461:    Installing       : perl-if-0.61.000-512.2.el10_0.noarch                                                                              45/106 
DEBUG util.py:461:    Installing       : perl-locale-1.12-512.2.el10_0.noarch                                                                              46/106 
DEBUG util.py:461:    Installing       : perl-IO-Socket-IP-0.42-512.el10.noarch                                                                            47/106 
DEBUG util.py:461:    Installing       : perl-Time-Local-2:1.350-511.el10.noarch                                                                           48/106 
DEBUG util.py:461:    Installing       : perl-File-Path-2.18-511.el10.noarch                                                                               49/106 
DEBUG util.py:461:    Installing       : perl-IO-Socket-SSL-2.085-3.el10.noarch                                                                            50/106 
DEBUG util.py:461:    Installing       : perl-Net-SSLeay-1.94-8.el10.x86_64                                                                                51/106 
DEBUG util.py:461:    Installing       : perl-Pod-Escapes-1:1.07-511.el10.noarch                                                                           52/106 
DEBUG util.py:461:    Installing       : perl-Class-Struct-0.68-512.2.el10_0.noarch                                                                        53/106 
DEBUG util.py:461:    Installing       : perl-Term-ANSIColor-5.01-512.el10.noarch                                                                          54/106 
DEBUG util.py:461:    Installing       : perl-POSIX-2.20-512.2.el10_0.x86_64                                                                               55/106 
DEBUG util.py:461:    Installing       : perl-IPC-Open3-1.22-512.2.el10_0.noarch                                                                           56/106 
DEBUG util.py:461:    Installing       : perl-File-Temp-1:0.231.100-512.el10.noarch                                                                        57/106 
DEBUG util.py:461:    Installing       : perl-HTTP-Tiny-0.088-512.el10.noarch                                                                              58/106 
DEBUG util.py:461:    Installing       : perl-Term-Cap-1.18-511.el10.noarch                                                                                59/106 
DEBUG util.py:461:    Installing       : perl-Pod-Simple-1:3.45-511.el10.noarch                                                                            60/106 
DEBUG util.py:461:    Installing       : perl-Socket-4:2.038-511.el10.x86_64                                                                               61/106 
DEBUG util.py:461:    Installing       : perl-SelectSaver-1.02-512.2.el10_0.noarch                                                                         62/106 
DEBUG util.py:461:    Installing       : perl-Symbol-1.09-512.2.el10_0.noarch                                                                              63/106 
DEBUG util.py:461:    Installing       : perl-File-stat-1.14-512.2.el10_0.noarch                                                                           64/106 
DEBUG util.py:461:    Installing       : perl-podlators-1:5.01-511.el10.noarch                                                                             65/106 
DEBUG util.py:461:    Installing       : perl-Pod-Perldoc-3.28.01-512.el10.noarch                                                                          66/106 
DEBUG util.py:461:    Installing       : perl-Fcntl-1.18-512.2.el10_0.x86_64                                                                               67/106 
DEBUG util.py:461:    Installing       : perl-Text-ParseWords-3.31-511.el10.noarch                                                                         68/106 
DEBUG util.py:461:    Installing       : perl-base-2.27-512.2.el10_0.noarch                                                                                69/106 
DEBUG util.py:461:    Installing       : perl-mro-1.29-512.2.el10_0.x86_64                                                                                 70/106 
DEBUG util.py:461:    Installing       : perl-IO-1.55-512.2.el10_0.x86_64                                                                                  71/106 
DEBUG util.py:461:    Installing       : perl-overloading-0.02-512.2.el10_0.noarch                                                                         72/106 
DEBUG util.py:461:    Installing       : perl-Pod-Usage-4:2.03-511.el10.noarch                                                                             73/106 
DEBUG util.py:461:    Installing       : perl-Errno-1.38-512.2.el10_0.x86_64                                                                               74/106 
DEBUG util.py:461:    Installing       : perl-File-Basename-2.86-512.2.el10_0.noarch                                                                       75/106 
DEBUG util.py:461:    Installing       : perl-Getopt-Std-1.14-512.2.el10_0.noarch                                                                          76/106 
DEBUG util.py:461:    Installing       : perl-MIME-Base64-3.16-511.el10.x86_64                                                                             77/106 
DEBUG util.py:461:    Installing       : perl-Scalar-List-Utils-5:1.63-511.el10.x86_64                                                                     78/106 
DEBUG util.py:461:    Installing       : perl-constant-1.33-512.el10.noarch                                                                                79/106 
DEBUG util.py:461:    Installing       : perl-Storable-1:3.32-511.el10.x86_64                                                                              80/106 
DEBUG util.py:461:    Installing       : perl-overload-1.37-512.2.el10_0.noarch                                                                            81/106 
DEBUG util.py:461:    Installing       : perl-parent-1:0.241-512.el10.noarch                                                                               82/106 
DEBUG util.py:461:    Installing       : perl-vars-1.05-512.2.el10_0.noarch                                                                                83/106 
DEBUG util.py:461:    Installing       : perl-Getopt-Long-1:2.58-3.el10.noarch                                                                             84/106 
DEBUG util.py:461:    Installing       : perl-Carp-1.54-511.el10.noarch                                                                                    85/106 
DEBUG util.py:461:    Installing       : perl-Exporter-5.78-511.el10.noarch                                                                                86/106 
DEBUG util.py:461:    Installing       : perl-PathTools-3.91-512.el10.x86_64                                                                               87/106 
DEBUG util.py:461:    Installing       : perl-DynaLoader-1.56-512.2.el10_0.x86_64                                                                          88/106 
DEBUG util.py:461:    Installing       : perl-Encode-4:3.21-511.el10.x86_64                                                                                89/106 
DEBUG util.py:461:    Installing       : perl-libs-4:5.40.2-512.2.el10_0.x86_64                                                                            90/106 
DEBUG util.py:461:    Installing       : perl-interpreter-4:5.40.2-512.2.el10_0.x86_64                                                                     91/106 
DEBUG util.py:461:    Installing       : perl-Error-1:0.17029-18.el10.noarch                                                                               92/106 
DEBUG util.py:461:    Installing       : perl-File-Find-1.44-512.2.el10_0.noarch                                                                           93/106 
DEBUG util.py:461:    Installing       : perl-TermReadKey-2.38-24.el10.x86_64                                                                              94/106 
DEBUG util.py:461:    Installing       : perl-lib-0.65-512.2.el10_0.x86_64                                                                                 95/106 
DEBUG util.py:461:    Installing       : perl-Git-2.47.3-1.el10.noarch                                                                                     96/106 
DEBUG util.py:461:    Installing       : git-2.47.3-1.el10.x86_64                                                                                          97/106 
DEBUG util.py:461:    Installing       : efivar-libs-39-3.el10.x86_64                                                                                      98/106 
DEBUG util.py:461:    Running scriptlet: pesign-116-6.el10.x86_64                                                                                          99/106 
DEBUG util.py:461:    Installing       : pesign-116-6.el10.x86_64                                                                                          99/106 
DEBUG util.py:461:    Running scriptlet: pesign-116-6.el10.x86_64                                                                                          99/106 
DEBUG util.py:461:    Installing       : annobin-plugin-gcc-12.99-1.el10.x86_64                                                                           100/106 
DEBUG util.py:461:    Running scriptlet: annobin-plugin-gcc-12.99-1.el10.x86_64                                                                           100/106 
DEBUG util.py:461:    Installing       : gcc-plugin-annobin-14.3.1-2.1.el10.x86_64                                                                        101/106 
DEBUG util.py:461:    Running scriptlet: gcc-plugin-annobin-14.3.1-2.1.el10.x86_64                                                                        101/106 
DEBUG util.py:461:    Installing       : elfutils-libelf-devel-0.193-1.el10.rocky.0.1.x86_64                                                              102/106 
DEBUG util.py:461:    Installing       : rocky-sb-certs-10.1-1.4.el10.noarch                                                                              103/106 
DEBUG util.py:461:    Installing       : openssl-devel-1:3.5.1-7.el10_1.x86_64                                                                            104/106 
DEBUG util.py:461:    Installing       : openssl-1:3.5.1-7.el10_1.x86_64                                                                                  105/106 
DEBUG util.py:461:    Installing       : dos2unix-7.5.2-3.el10.x86_64                                                                                     106/106 
DEBUG util.py:461:    Running scriptlet: pesign-116-6.el10.x86_64                                                                                         106/106 
DEBUG util.py:461:    Running scriptlet: dos2unix-7.5.2-3.el10.x86_64                                                                                     106/106 
DEBUG util.py:461:  Installed:
DEBUG util.py:461:    annobin-docs-12.99-1.el10.noarch                                         annobin-plugin-gcc-12.99-1.el10.x86_64                            
DEBUG util.py:461:    cmake-filesystem-3.30.5-3.el10_0.x86_64                                  cpp-14.3.1-2.1.el10.x86_64                                        
DEBUG util.py:461:    dos2unix-7.5.2-3.el10.x86_64                                             efivar-libs-39-3.el10.x86_64                                      
DEBUG util.py:461:    elfutils-libelf-devel-0.193-1.el10.rocky.0.1.x86_64                      expat-2.7.1-1.el10_0.3.x86_64                                     
DEBUG util.py:461:    gcc-14.3.1-2.1.el10.x86_64                                               gcc-plugin-annobin-14.3.1-2.1.el10.x86_64                         
DEBUG util.py:461:    git-2.47.3-1.el10.x86_64                                                 git-core-2.47.3-1.el10.x86_64                                     
DEBUG util.py:461:    git-core-doc-2.47.3-1.el10.noarch                                        glibc-devel-2.39-58.el10_1.7.x86_64                               
DEBUG util.py:461:    groff-base-1.23.0-10.el10.x86_64                                         kernel-headers-6.12.0-124.40.1.el10_1.x86_64                      
DEBUG util.py:461:    less-661-3.el10.x86_64                                                   libcbor-0.11.0-3.el10.x86_64                                      
DEBUG util.py:461:    libedit-3.1-52.20230828cvs.el10.x86_64                                   libfido2-1.14.0-7.el10.x86_64                                     
DEBUG util.py:461:    libmpc-1.3.1-7.el10.x86_64                                               libxcrypt-devel-4.4.36-10.el10.x86_64                             
DEBUG util.py:461:    libzstd-devel-1.5.5-9.el10.x86_64                                        make-1:4.4.1-9.el10.x86_64                                        
DEBUG util.py:461:    mpdecimal-2.5.1-12.el10.x86_64                                           ncurses-6.4-14.20240127.el10.x86_64                               
DEBUG util.py:461:    nspr-4.36.0-4.el10_0.x86_64                                              nss-3.112.0-4.el10_0.x86_64                                       
DEBUG util.py:461:    nss-softokn-3.112.0-4.el10_0.x86_64                                      nss-softokn-freebl-3.112.0-4.el10_0.x86_64                        
DEBUG util.py:461:    nss-sysinit-3.112.0-4.el10_0.x86_64                                      nss-tools-3.112.0-4.el10_0.x86_64                                 
DEBUG util.py:461:    nss-util-3.112.0-4.el10_0.x86_64                                         openssh-9.9p1-12.el10_1.rocky.0.1.x86_64                          
DEBUG util.py:461:    openssh-clients-9.9p1-12.el10_1.rocky.0.1.x86_64                         openssl-1:3.5.1-7.el10_1.x86_64                                   
DEBUG util.py:461:    openssl-devel-1:3.5.1-7.el10_1.x86_64                                    perl-AutoLoader-5.74-512.2.el10_0.noarch                          
DEBUG util.py:461:    perl-B-1.89-512.2.el10_0.x86_64                                          perl-Carp-1.54-511.el10.noarch                                    
DEBUG util.py:461:    perl-Class-Struct-0.68-512.2.el10_0.noarch                               perl-Data-Dumper-2.189-512.el10.x86_64                            
DEBUG util.py:461:    perl-Digest-1.20-511.el10.noarch                                         perl-Digest-MD5-2.59-6.el10.x86_64                                
DEBUG util.py:461:    perl-DynaLoader-1.56-512.2.el10_0.x86_64                                 perl-Encode-4:3.21-511.el10.x86_64                                
DEBUG util.py:461:    perl-Errno-1.38-512.2.el10_0.x86_64                                      perl-Error-1:0.17029-18.el10.noarch                               
DEBUG util.py:461:    perl-Exporter-5.78-511.el10.noarch                                       perl-Fcntl-1.18-512.2.el10_0.x86_64                               
DEBUG util.py:461:    perl-File-Basename-2.86-512.2.el10_0.noarch                              perl-File-Find-1.44-512.2.el10_0.noarch                           
DEBUG util.py:461:    perl-File-Path-2.18-511.el10.noarch                                      perl-File-Temp-1:0.231.100-512.el10.noarch                        
DEBUG util.py:461:    perl-File-stat-1.14-512.2.el10_0.noarch                                  perl-FileHandle-2.05-512.2.el10_0.noarch                          
DEBUG util.py:461:    perl-Getopt-Long-1:2.58-3.el10.noarch                                    perl-Getopt-Std-1.14-512.2.el10_0.noarch                          
DEBUG util.py:461:    perl-Git-2.47.3-1.el10.noarch                                            perl-HTTP-Tiny-0.088-512.el10.noarch                              
DEBUG util.py:461:    perl-IO-1.55-512.2.el10_0.x86_64                                         perl-IO-Socket-IP-0.42-512.el10.noarch                            
DEBUG util.py:461:    perl-IO-Socket-SSL-2.085-3.el10.noarch                                   perl-IPC-Open3-1.22-512.2.el10_0.noarch                           
DEBUG util.py:461:    perl-MIME-Base64-3.16-511.el10.x86_64                                    perl-Mozilla-CA-20231213-5.el10.noarch                            
DEBUG util.py:461:    perl-Net-SSLeay-1.94-8.el10.x86_64                                       perl-POSIX-2.20-512.2.el10_0.x86_64                               
DEBUG util.py:461:    perl-PathTools-3.91-512.el10.x86_64                                      perl-Pod-Escapes-1:1.07-511.el10.noarch                           
DEBUG util.py:461:    perl-Pod-Perldoc-3.28.01-512.el10.noarch                                 perl-Pod-Simple-1:3.45-511.el10.noarch                            
DEBUG util.py:461:    perl-Pod-Usage-4:2.03-511.el10.noarch                                    perl-Scalar-List-Utils-5:1.63-511.el10.x86_64                     
DEBUG util.py:461:    perl-SelectSaver-1.02-512.2.el10_0.noarch                                perl-Socket-4:2.038-511.el10.x86_64                               
DEBUG util.py:461:    perl-Storable-1:3.32-511.el10.x86_64                                     perl-Symbol-1.09-512.2.el10_0.noarch                              
DEBUG util.py:461:    perl-Term-ANSIColor-5.01-512.el10.noarch                                 perl-Term-Cap-1.18-511.el10.noarch                                
DEBUG util.py:461:    perl-TermReadKey-2.38-24.el10.x86_64                                     perl-Text-ParseWords-3.31-511.el10.noarch                         
DEBUG util.py:461:    perl-Text-Tabs+Wrap-2024.001-511.el10.noarch                             perl-Time-Local-2:1.350-511.el10.noarch                           
DEBUG util.py:461:    perl-URI-5.27-3.el10.noarch                                              perl-base-2.27-512.2.el10_0.noarch                                
DEBUG util.py:461:    perl-constant-1.33-512.el10.noarch                                       perl-if-0.61.000-512.2.el10_0.noarch                              
DEBUG util.py:461:    perl-interpreter-4:5.40.2-512.2.el10_0.x86_64                            perl-lib-0.65-512.2.el10_0.x86_64                                 
DEBUG util.py:461:    perl-libnet-3.15-512.el10.noarch                                         perl-libs-4:5.40.2-512.2.el10_0.x86_64                            
DEBUG util.py:461:    perl-locale-1.12-512.2.el10_0.noarch                                     perl-mro-1.29-512.2.el10_0.x86_64                                 
DEBUG util.py:461:    perl-overload-1.37-512.2.el10_0.noarch                                   perl-overloading-0.02-512.2.el10_0.noarch                         
DEBUG util.py:461:    perl-parent-1:0.241-512.el10.noarch                                      perl-podlators-1:5.01-511.el10.noarch                             
DEBUG util.py:461:    perl-vars-1.05-512.2.el10_0.noarch                                       pesign-116-6.el10.x86_64                                          
DEBUG util.py:461:    python3-3.12.12-3.el10_1.x86_64                                          python3-libs-3.12.12-3.el10_1.x86_64                              
DEBUG util.py:461:    python3-pip-wheel-23.3.2-7.el10.noarch                                   rocky-sb-certs-10.1-1.4.el10.noarch                               
DEBUG util.py:461:    tzdata-2025c-1.el10.noarch                                               zlib-ng-compat-devel-2.2.3-3.el10_1.x86_64                        
DEBUG util.py:461:  Complete!
DEBUG util.py:608:  Child return code was: 0
DEBUG util.py:183:  kill orphans in chroot /var/lib/mock/rocky-10-x86_64/root
DEBUG util.py:183:  kill orphans in chroot /var/lib/mock/rocky-10-x86_64-bootstrap/root/var/lib/mock/rocky-10-x86_64/root
DEBUG util.py:634:  child environment: None
DEBUG util.py:556:  Executing command: ['/bin/umount', '-n', '-l', '/var/lib/mock/rocky-10-x86_64-bootstrap/root/var/lib/mock/rocky-10-x86_64/root'] with env {'TERM': 'vt100', 'SHELL': '/bin/sh', 'HOME': '/builddir', 'HOSTNAME': 'mock', 'PATH': '/usr/bin:/bin:/usr/sbin:/sbin', 'LANG': 'C.UTF-8'} and shell False
DEBUG util.py:608:  Child return code was: 0
DEBUG util.py:634:  child environment: None
DEBUG util.py:556:  Executing command: ['/bin/umount', '-n', '-l', '/var/lib/mock/rocky-10-x86_64-bootstrap/root/var/lib/mock/rocky-10-x86_64/root'] with env {'TERM': 'vt100', 'SHELL': '/bin/sh', 'HOME': '/builddir', 'HOSTNAME': 'mock', 'PATH': '/usr/bin:/bin:/usr/sbin:/sbin', 'LANG': 'C.UTF-8'} and shell False
DEBUG util.py:608:  Child return code was: 0
DEBUG file_util.py:18:  ensuring that dir exists: /var/lib/mock/rocky-10-x86_64-bootstrap/root/var/lib/mock/rocky-10-x86_64/root
DEBUG util.py:634:  child environment: None
DEBUG util.py:556:  Executing command: ['/bin/mount', '-n', '-t', 'tmpfs', '-o', 'private,mode=0755', 'tmpfs', '/var/lib/mock/rocky-10-x86_64-bootstrap/root/var/lib/mock/rocky-10-x86_64/root'] with env {'TERM': 'vt100', 'SHELL': '/bin/sh', 'HOME': '/builddir', 'HOSTNAME': 'mock', 'PATH': '/usr/bin:/bin:/usr/sbin:/sbin', 'LANG': 'C.UTF-8'} and shell False
DEBUG util.py:608:  Child return code was: 0
DEBUG file_util.py:18:  ensuring that dir exists: /var/lib/mock/rocky-10-x86_64-bootstrap/root/var/lib/mock/rocky-10-x86_64/root
DEBUG util.py:634:  child environment: None
DEBUG util.py:556:  Executing command: ['/bin/mount', '-n', '-o', 'rbind', '/var/lib/mock/rocky-10-x86_64/root', '/var/lib/mock/rocky-10-x86_64-bootstrap/root/var/lib/mock/rocky-10-x86_64/root'] with env {'TERM': 'vt100', 'SHELL': '/bin/sh', 'HOME': '/builddir', 'HOSTNAME': 'mock', 'PATH': '/usr/bin:/bin:/usr/sbin:/sbin', 'LANG': 'C.UTF-8'} and shell False
DEBUG util.py:608:  Child return code was: 0
DEBUG util.py:634:  child environment: None
DEBUG util.py:556:  Executing command: ['/bin/mount', '-n', '-o', 'remount,private,rbind', '--target', '/var/lib/mock/rocky-10-x86_64-bootstrap/root/var/lib/mock/rocky-10-x86_64/root'] with env {'TERM': 'vt100', 'SHELL': '/bin/sh', 'HOME': '/builddir', 'HOSTNAME': 'mock', 'PATH': '/usr/bin:/bin:/usr/sbin:/sbin', 'LANG': 'C.UTF-8'} and shell False
DEBUG util.py:608:  Child return code was: 0
DEBUG util.py:634:  child environment: None
DEBUG util.py:556:  Executing command: ['/bin/rpm', '-qa', '--root', '/var/lib/mock/rocky-10-x86_64/root'] with env {'TERM': 'vt100', 'SHELL': '/bin/bash', 'HOME': '/builddir', 'HOSTNAME': 'mock', 'PATH': '/usr/bin:/bin:/usr/sbin:/sbin', 'PROMPT_COMMAND': 'printf "\\033]0;<mock-chroot>\\007"', 'PS1': '<mock-chroot> \\s-\\v\\$ ', 'LANG': 'C.UTF-8'} and shell False
DEBUG util.py:461:  gpg-pubkey-6fedfc85-682ae1a9
DEBUG util.py:461:  libgcc-14.3.1-2.1.el10.x86_64
DEBUG util.py:461:  rust-toolset-srpm-macros-1.88.0-1.el10.noarch
DEBUG util.py:461:  qt6-srpm-macros-6.9.1-1.el10.noarch
DEBUG util.py:461:  perl-srpm-macros-1-57.el10.noarch
DEBUG util.py:461:  package-notes-srpm-macros-0.5-13.el10.noarch
DEBUG util.py:461:  openblas-srpm-macros-2-19.el10.noarch
DEBUG util.py:461:  ocaml-srpm-macros-10-4.el10.noarch
DEBUG util.py:461:  kernel-srpm-macros-1.0-26.el10.noarch
DEBUG util.py:461:  rocky-gpg-keys-10.1-1.4.el10.noarch
DEBUG util.py:461:  rocky-release-10.1-1.4.el10.noarch
DEBUG util.py:461:  rocky-repos-10.1-1.4.el10.noarch
DEBUG util.py:461:  setup-2.14.5-7.el10.noarch
DEBUG util.py:461:  filesystem-3.18-17.el10.x86_64
DEBUG util.py:461:  basesystem-11-22.el10.noarch
DEBUG util.py:461:  publicsuffix-list-dafsa-20240107-5.el10.noarch
DEBUG util.py:461:  pkgconf-m4-2.1.0-3.el10.noarch
DEBUG util.py:461:  pcre2-syntax-10.44-1.el10.3.noarch
DEBUG util.py:461:  ncurses-base-6.4-14.20240127.el10.noarch
DEBUG util.py:461:  glibc-gconv-extra-2.39-58.el10_1.7.x86_64
DEBUG util.py:461:  glibc-minimal-langpack-2.39-58.el10_1.7.x86_64
DEBUG util.py:461:  glibc-common-2.39-58.el10_1.7.x86_64
DEBUG util.py:461:  glibc-2.39-58.el10_1.7.x86_64
DEBUG util.py:461:  ncurses-libs-6.4-14.20240127.el10.x86_64
DEBUG util.py:461:  bash-5.2.26-6.el10.x86_64
DEBUG util.py:461:  zlib-ng-compat-2.2.3-3.el10_1.x86_64
DEBUG util.py:461:  bzip2-libs-1.0.8-25.el10.x86_64
DEBUG util.py:461:  xz-libs-5.6.2-4.el10_0.x86_64
DEBUG util.py:461:  readline-8.2-11.el10.x86_64
DEBUG util.py:461:  libstdc++-14.3.1-2.1.el10.x86_64
DEBUG util.py:461:  libuuid-2.40.2-15.el10_1.x86_64
DEBUG util.py:461:  popt-1.19-8.el10.x86_64
DEBUG util.py:461:  libblkid-2.40.2-15.el10_1.x86_64
DEBUG util.py:461:  gmp-6.2.1-12.el10.x86_64
DEBUG util.py:461:  libattr-2.5.2-5.el10.x86_64
DEBUG util.py:461:  libacl-2.3.2-4.el10.x86_64
DEBUG util.py:461:  libxcrypt-4.4.36-10.el10.x86_64
DEBUG util.py:461:  libzstd-1.5.5-9.el10.x86_64
DEBUG util.py:461:  elfutils-libelf-0.193-1.el10.rocky.0.1.x86_64
DEBUG util.py:461:  crypto-policies-20250905-2.gitc7eb7b2.el10_1.1.noarch
DEBUG util.py:461:  gdbm-libs-1.23-13.el10.x86_64
DEBUG util.py:461:  libeconf-0.6.2-4.el10.x86_64
DEBUG util.py:461:  dwz-0.16-1.el10.x86_64
DEBUG util.py:461:  mpfr-4.2.1-5.el10.x86_64
DEBUG util.py:461:  gawk-5.3.0-6.el10.x86_64
DEBUG util.py:461:  unzip-6.0-69.el10.x86_64
DEBUG util.py:461:  file-libs-5.45-8.el10.x86_64
DEBUG util.py:461:  file-5.45-8.el10.x86_64
DEBUG util.py:461:  alternatives-1.30-2.el10.x86_64
DEBUG util.py:461:  jansson-2.14-3.el10.x86_64
DEBUG util.py:461:  libcap-ng-0.8.4-6.el10.x86_64
DEBUG util.py:461:  audit-libs-4.0.3-4.el10.x86_64
DEBUG util.py:461:  pam-libs-1.6.1-8.el10.x86_64
DEBUG util.py:461:  libcap-2.69-7.el10.x86_64
DEBUG util.py:461:  systemd-libs-257-13.el10.rocky.0.1.x86_64
DEBUG util.py:461:  libffi-3.4.4-10.el10.x86_64
DEBUG util.py:461:  libsepol-3.9-1.el10.x86_64
DEBUG util.py:461:  libsmartcols-2.40.2-15.el10_1.x86_64
DEBUG util.py:461:  libtasn1-4.20.0-1.el10.x86_64
DEBUG util.py:461:  libunistring-1.1-10.el10.x86_64
DEBUG util.py:461:  libidn2-2.3.7-3.el10.x86_64
DEBUG util.py:461:  lua-libs-5.4.6-7.el10.x86_64
DEBUG util.py:461:  lz4-libs-1.9.4-8.el10.x86_64
DEBUG util.py:461:  pcre2-10.44-1.el10.3.x86_64
DEBUG util.py:461:  libselinux-3.9-1.el10.x86_64
DEBUG util.py:461:  sed-4.9-3.el10.x86_64
DEBUG util.py:461:  findutils-4.10.0-5.el10.x86_64
DEBUG util.py:461:  grep-3.11-10.el10.x86_64
DEBUG util.py:461:  xz-5.6.2-4.el10_0.x86_64
DEBUG util.py:461:  libmount-2.40.2-15.el10_1.x86_64
DEBUG util.py:461:  util-linux-core-2.40.2-15.el10_1.x86_64
DEBUG util.py:461:  libsemanage-3.9-1.el10.x86_64
DEBUG util.py:461:  shadow-utils-4.15.0-8.el10.x86_64
DEBUG util.py:461:  libutempter-1.2.1-15.el10.x86_64
DEBUG util.py:461:  tar-1.35-9.el10_1.x86_64
DEBUG util.py:461:  zstd-1.5.5-9.el10.x86_64
DEBUG util.py:461:  libpsl-0.21.5-6.el10.x86_64
DEBUG util.py:461:  p11-kit-0.25.5-7.el10.x86_64
DEBUG util.py:461:  p11-kit-trust-0.25.5-7.el10.x86_64
DEBUG util.py:461:  zip-3.0-45.el10.x86_64
DEBUG util.py:461:  cyrus-sasl-lib-2.1.28-29.el10.x86_64
DEBUG util.py:461:  gdbm-1.23-13.el10.x86_64
DEBUG util.py:461:  libfdisk-2.40.2-15.el10_1.x86_64
DEBUG util.py:461:  libxml2-2.12.5-9.el10_0.x86_64
DEBUG util.py:461:  bzip2-1.0.8-25.el10.x86_64
DEBUG util.py:461:  sqlite-libs-3.46.1-5.el10_1.x86_64
DEBUG util.py:461:  ed-1.20-5.el10.x86_64
DEBUG util.py:461:  patch-2.7.6-26.el10.x86_64
DEBUG util.py:461:  elfutils-default-yama-scope-0.193-1.el10.rocky.0.1.noarch
DEBUG util.py:461:  cpio-2.15-3.el10.x86_64
DEBUG util.py:461:  diffutils-3.10-8.el10.x86_64
DEBUG util.py:461:  json-c-0.18-3.el10.x86_64
DEBUG util.py:461:  keyutils-libs-1.6.3-5.el10.x86_64
DEBUG util.py:461:  libbrotli-1.1.0-7.el10_1.x86_64
DEBUG util.py:461:  libcom_err-1.47.1-4.el10.x86_64
DEBUG util.py:461:  libgomp-14.3.1-2.1.el10.x86_64
DEBUG util.py:461:  libnghttp2-1.64.0-2.el10.x86_64
DEBUG util.py:461:  libpkgconf-2.1.0-3.el10.x86_64
DEBUG util.py:461:  pkgconf-2.1.0-3.el10.x86_64
DEBUG util.py:461:  pkgconf-pkg-config-2.1.0-3.el10.x86_64
DEBUG util.py:461:  libverto-0.3.2-10.el10.x86_64
DEBUG util.py:461:  libssh-config-0.11.1-5.el10_1.noarch
DEBUG util.py:461:  coreutils-common-9.5-6.el10.x86_64
DEBUG util.py:461:  openssl-fips-provider-3.5.1-7.el10_1.x86_64
DEBUG util.py:461:  openssl-libs-3.5.1-7.el10_1.x86_64
DEBUG util.py:461:  coreutils-9.5-6.el10.x86_64
DEBUG util.py:461:  ca-certificates-2025.2.80_v9.0.305-102.el10.noarch
DEBUG util.py:461:  authselect-libs-1.5.0-8.el10.x86_64
DEBUG util.py:461:  gzip-1.13-3.el10.x86_64
DEBUG util.py:461:  cracklib-2.9.11-8.el10.x86_64
DEBUG util.py:461:  krb5-libs-1.21.3-8.el10_0.x86_64
DEBUG util.py:461:  libarchive-3.7.7-4.el10_0.x86_64
DEBUG util.py:461:  libssh-0.11.1-5.el10_1.x86_64
DEBUG util.py:461:  cracklib-dicts-2.9.11-8.el10.x86_64
DEBUG util.py:461:  libpwquality-1.4.5-12.el10.x86_64
DEBUG util.py:461:  pam-1.6.1-8.el10.x86_64
DEBUG util.py:461:  libevent-2.1.12-16.el10.x86_64
DEBUG util.py:461:  openldap-2.6.9-1.el10.x86_64
DEBUG util.py:461:  libcurl-8.12.1-2.el10_1.2.x86_64
DEBUG util.py:461:  elfutils-libs-0.193-1.el10.rocky.0.1.x86_64
DEBUG util.py:461:  elfutils-debuginfod-client-0.193-1.el10.rocky.0.1.x86_64
DEBUG util.py:461:  binutils-gold-2.41-58.el10_1.2.x86_64
DEBUG util.py:461:  binutils-2.41-58.el10_1.2.x86_64
DEBUG util.py:461:  elfutils-0.193-1.el10.rocky.0.1.x86_64
DEBUG util.py:461:  gdb-minimal-16.3-2.el10.x86_64
DEBUG util.py:461:  debugedit-5.1-8.el10.x86_64
DEBUG util.py:461:  curl-8.12.1-2.el10_1.2.x86_64
DEBUG util.py:461:  rpm-sequoia-1.9.0.3-1.el10_1.x86_64
DEBUG util.py:461:  rpm-libs-4.19.1.1-20.el10.x86_64
DEBUG util.py:461:  rpm-4.19.1.1-20.el10.x86_64
DEBUG util.py:461:  efi-srpm-macros-6-7.el10.noarch
DEBUG util.py:461:  lua-srpm-macros-1-15.el10.noarch
DEBUG util.py:461:  rpm-build-libs-4.19.1.1-20.el10.x86_64
DEBUG util.py:461:  fonts-srpm-macros-2.0.5-18.el10.noarch
DEBUG util.py:461:  forge-srpm-macros-0.4.0-6.el10.noarch
DEBUG util.py:461:  go-srpm-macros-3.6.0-7.el10_1.noarch
DEBUG util.py:461:  python-srpm-macros-3.12-10.el10.noarch
DEBUG util.py:461:  redhat-rpm-config-293-1.el10.rocky.0.2.noarch
DEBUG util.py:461:  rpm-build-4.19.1.1-20.el10.x86_64
DEBUG util.py:461:  pyproject-srpm-macros-1.16.2-1.el10.noarch
DEBUG util.py:461:  util-linux-2.40.2-15.el10_1.x86_64
DEBUG util.py:461:  authselect-1.5.0-8.el10.x86_64
DEBUG util.py:461:  which-2.21-44.el10_0.x86_64
DEBUG util.py:461:  info-7.1-6.el10.x86_64
DEBUG util.py:461:  nspr-4.36.0-4.el10_0.x86_64
DEBUG util.py:461:  nss-util-3.112.0-4.el10_0.x86_64
DEBUG util.py:461:  libmpc-1.3.1-7.el10.x86_64
DEBUG util.py:461:  expat-2.7.1-1.el10_0.3.x86_64
DEBUG util.py:461:  cpp-14.3.1-2.1.el10.x86_64
DEBUG util.py:461:  nss-softokn-freebl-3.112.0-4.el10_0.x86_64
DEBUG util.py:461:  nss-softokn-3.112.0-4.el10_0.x86_64
DEBUG util.py:461:  nss-3.112.0-4.el10_0.x86_64
DEBUG util.py:461:  nss-sysinit-3.112.0-4.el10_0.x86_64
DEBUG util.py:461:  nss-tools-3.112.0-4.el10_0.x86_64
DEBUG util.py:461:  libzstd-devel-1.5.5-9.el10.x86_64
DEBUG util.py:461:  kernel-headers-6.12.0-124.40.1.el10_1.x86_64
DEBUG util.py:461:  libxcrypt-devel-4.4.36-10.el10.x86_64
DEBUG util.py:461:  glibc-devel-2.39-58.el10_1.7.x86_64
DEBUG util.py:461:  cmake-filesystem-3.30.5-3.el10_0.x86_64
DEBUG util.py:461:  zlib-ng-compat-devel-2.2.3-3.el10_1.x86_64
DEBUG util.py:461:  annobin-docs-12.99-1.el10.noarch
DEBUG util.py:461:  tzdata-2025c-1.el10.noarch
DEBUG util.py:461:  python3-pip-wheel-23.3.2-7.el10.noarch
DEBUG util.py:461:  openssh-9.9p1-12.el10_1.rocky.0.1.x86_64
DEBUG util.py:461:  ncurses-6.4-14.20240127.el10.x86_64
DEBUG util.py:461:  mpdecimal-2.5.1-12.el10.x86_64
DEBUG util.py:461:  python3-3.12.12-3.el10_1.x86_64
DEBUG util.py:461:  python3-libs-3.12.12-3.el10_1.x86_64
DEBUG util.py:461:  make-4.4.1-9.el10.x86_64
DEBUG util.py:461:  gcc-14.3.1-2.1.el10.x86_64
DEBUG util.py:461:  libedit-3.1-52.20230828cvs.el10.x86_64
DEBUG util.py:461:  libcbor-0.11.0-3.el10.x86_64
DEBUG util.py:461:  libfido2-1.14.0-7.el10.x86_64
DEBUG util.py:461:  openssh-clients-9.9p1-12.el10_1.rocky.0.1.x86_64
DEBUG util.py:461:  less-661-3.el10.x86_64
DEBUG util.py:461:  git-core-2.47.3-1.el10.x86_64
DEBUG util.py:461:  git-core-doc-2.47.3-1.el10.noarch
DEBUG util.py:461:  groff-base-1.23.0-10.el10.x86_64
DEBUG util.py:461:  perl-Digest-1.20-511.el10.noarch
DEBUG util.py:461:  perl-Digest-MD5-2.59-6.el10.x86_64
DEBUG util.py:461:  perl-B-1.89-512.2.el10_0.x86_64
DEBUG util.py:461:  perl-FileHandle-2.05-512.2.el10_0.noarch
DEBUG util.py:461:  perl-Data-Dumper-2.189-512.el10.x86_64
DEBUG util.py:461:  perl-libnet-3.15-512.el10.noarch
DEBUG util.py:461:  perl-AutoLoader-5.74-512.2.el10_0.noarch
DEBUG util.py:461:  perl-URI-5.27-3.el10.noarch
DEBUG util.py:461:  perl-Text-Tabs+Wrap-2024.001-511.el10.noarch
DEBUG util.py:461:  perl-Mozilla-CA-20231213-5.el10.noarch
DEBUG util.py:461:  perl-if-0.61.000-512.2.el10_0.noarch
DEBUG util.py:461:  perl-locale-1.12-512.2.el10_0.noarch
DEBUG util.py:461:  perl-IO-Socket-IP-0.42-512.el10.noarch
DEBUG util.py:461:  perl-Time-Local-1.350-511.el10.noarch
DEBUG util.py:461:  perl-File-Path-2.18-511.el10.noarch
DEBUG util.py:461:  perl-IO-Socket-SSL-2.085-3.el10.noarch
DEBUG util.py:461:  perl-Net-SSLeay-1.94-8.el10.x86_64
DEBUG util.py:461:  perl-Pod-Escapes-1.07-511.el10.noarch
DEBUG util.py:461:  perl-Class-Struct-0.68-512.2.el10_0.noarch
DEBUG util.py:461:  perl-Term-ANSIColor-5.01-512.el10.noarch
DEBUG util.py:461:  perl-POSIX-2.20-512.2.el10_0.x86_64
DEBUG util.py:461:  perl-IPC-Open3-1.22-512.2.el10_0.noarch
DEBUG util.py:461:  perl-File-Temp-0.231.100-512.el10.noarch
DEBUG util.py:461:  perl-HTTP-Tiny-0.088-512.el10.noarch
DEBUG util.py:461:  perl-Term-Cap-1.18-511.el10.noarch
DEBUG util.py:461:  perl-Pod-Simple-3.45-511.el10.noarch
DEBUG util.py:461:  perl-Socket-2.038-511.el10.x86_64
DEBUG util.py:461:  perl-SelectSaver-1.02-512.2.el10_0.noarch
DEBUG util.py:461:  perl-Symbol-1.09-512.2.el10_0.noarch
DEBUG util.py:461:  perl-File-stat-1.14-512.2.el10_0.noarch
DEBUG util.py:461:  perl-podlators-5.01-511.el10.noarch
DEBUG util.py:461:  perl-Pod-Perldoc-3.28.01-512.el10.noarch
DEBUG util.py:461:  perl-Fcntl-1.18-512.2.el10_0.x86_64
DEBUG util.py:461:  perl-Text-ParseWords-3.31-511.el10.noarch
DEBUG util.py:461:  perl-base-2.27-512.2.el10_0.noarch
DEBUG util.py:461:  perl-mro-1.29-512.2.el10_0.x86_64
DEBUG util.py:461:  perl-IO-1.55-512.2.el10_0.x86_64
DEBUG util.py:461:  perl-overloading-0.02-512.2.el10_0.noarch
DEBUG util.py:461:  perl-Pod-Usage-2.03-511.el10.noarch
DEBUG util.py:461:  perl-Errno-1.38-512.2.el10_0.x86_64
DEBUG util.py:461:  perl-File-Basename-2.86-512.2.el10_0.noarch
DEBUG util.py:461:  perl-Getopt-Std-1.14-512.2.el10_0.noarch
DEBUG util.py:461:  perl-MIME-Base64-3.16-511.el10.x86_64
DEBUG util.py:461:  perl-Scalar-List-Utils-1.63-511.el10.x86_64
DEBUG util.py:461:  perl-constant-1.33-512.el10.noarch
DEBUG util.py:461:  perl-Storable-3.32-511.el10.x86_64
DEBUG util.py:461:  perl-overload-1.37-512.2.el10_0.noarch
DEBUG util.py:461:  perl-parent-0.241-512.el10.noarch
DEBUG util.py:461:  perl-vars-1.05-512.2.el10_0.noarch
DEBUG util.py:461:  perl-Getopt-Long-2.58-3.el10.noarch
DEBUG util.py:461:  perl-Carp-1.54-511.el10.noarch
DEBUG util.py:461:  perl-Exporter-5.78-511.el10.noarch
DEBUG util.py:461:  perl-PathTools-3.91-512.el10.x86_64
DEBUG util.py:461:  perl-DynaLoader-1.56-512.2.el10_0.x86_64
DEBUG util.py:461:  perl-Encode-3.21-511.el10.x86_64
DEBUG util.py:461:  perl-libs-5.40.2-512.2.el10_0.x86_64
DEBUG util.py:461:  perl-interpreter-5.40.2-512.2.el10_0.x86_64
DEBUG util.py:461:  perl-Error-0.17029-18.el10.noarch
DEBUG util.py:461:  perl-File-Find-1.44-512.2.el10_0.noarch
DEBUG util.py:461:  perl-TermReadKey-2.38-24.el10.x86_64
DEBUG util.py:461:  perl-lib-0.65-512.2.el10_0.x86_64
DEBUG util.py:461:  perl-Git-2.47.3-1.el10.noarch
DEBUG util.py:461:  git-2.47.3-1.el10.x86_64
DEBUG util.py:461:  efivar-libs-39-3.el10.x86_64
DEBUG util.py:461:  pesign-116-6.el10.x86_64
DEBUG util.py:461:  annobin-plugin-gcc-12.99-1.el10.x86_64
DEBUG util.py:461:  gcc-plugin-annobin-14.3.1-2.1.el10.x86_64
DEBUG util.py:461:  elfutils-libelf-devel-0.193-1.el10.rocky.0.1.x86_64
DEBUG util.py:461:  rocky-sb-certs-10.1-1.4.el10.noarch
DEBUG util.py:461:  openssl-devel-3.5.1-7.el10_1.x86_64
DEBUG util.py:461:  openssl-3.5.1-7.el10_1.x86_64
DEBUG util.py:461:  dos2unix-7.5.2-3.el10.x86_64
DEBUG util.py:608:  Child return code was: 0
DEBUG util.py:183:  kill orphans in chroot /var/lib/mock/rocky-10-x86_64/root
DEBUG util.py:183:  kill orphans in chroot /var/lib/mock/rocky-10-x86_64-bootstrap/root/var/lib/mock/rocky-10-x86_64/root
DEBUG util.py:634:  child environment: None
DEBUG util.py:556:  Executing command: ['/bin/umount', '-n', '-l', '/var/lib/mock/rocky-10-x86_64-bootstrap/root/var/lib/mock/rocky-10-x86_64/root'] with env {'TERM': 'vt100', 'SHELL': '/bin/sh', 'HOME': '/builddir', 'HOSTNAME': 'mock', 'PATH': '/usr/bin:/bin:/usr/sbin:/sbin', 'LANG': 'C.UTF-8'} and shell False
DEBUG util.py:608:  Child return code was: 0
DEBUG util.py:634:  child environment: None
DEBUG util.py:556:  Executing command: ['/bin/umount', '-n', '-l', '/var/lib/mock/rocky-10-x86_64-bootstrap/root/var/lib/mock/rocky-10-x86_64/root'] with env {'TERM': 'vt100', 'SHELL': '/bin/sh', 'HOME': '/builddir', 'HOSTNAME': 'mock', 'PATH': '/usr/bin:/bin:/usr/sbin:/sbin', 'LANG': 'C.UTF-8'} and shell False
DEBUG util.py:608:  Child return code was: 0
DEBUG file_util.py:18:  ensuring that dir exists: /var/lib/mock/rocky-10-x86_64-bootstrap/root/var/lib/mock/rocky-10-x86_64/root
DEBUG util.py:634:  child environment: None
DEBUG util.py:556:  Executing command: ['/bin/mount', '-n', '-t', 'tmpfs', '-o', 'private,mode=0755', 'tmpfs', '/var/lib/mock/rocky-10-x86_64-bootstrap/root/var/lib/mock/rocky-10-x86_64/root'] with env {'TERM': 'vt100', 'SHELL': '/bin/sh', 'HOME': '/builddir', 'HOSTNAME': 'mock', 'PATH': '/usr/bin:/bin:/usr/sbin:/sbin', 'LANG': 'C.UTF-8'} and shell False
DEBUG util.py:608:  Child return code was: 0
DEBUG file_util.py:18:  ensuring that dir exists: /var/lib/mock/rocky-10-x86_64-bootstrap/root/var/lib/mock/rocky-10-x86_64/root
DEBUG util.py:634:  child environment: None
DEBUG util.py:556:  Executing command: ['/bin/mount', '-n', '-o', 'rbind', '/var/lib/mock/rocky-10-x86_64/root', '/var/lib/mock/rocky-10-x86_64-bootstrap/root/var/lib/mock/rocky-10-x86_64/root'] with env {'TERM': 'vt100', 'SHELL': '/bin/sh', 'HOME': '/builddir', 'HOSTNAME': 'mock', 'PATH': '/usr/bin:/bin:/usr/sbin:/sbin', 'LANG': 'C.UTF-8'} and shell False
DEBUG util.py:608:  Child return code was: 0
DEBUG util.py:634:  child environment: None
DEBUG util.py:556:  Executing command: ['/bin/mount', '-n', '-o', 'remount,private,rbind', '--target', '/var/lib/mock/rocky-10-x86_64-bootstrap/root/var/lib/mock/rocky-10-x86_64/root'] with env {'TERM': 'vt100', 'SHELL': '/bin/sh', 'HOME': '/builddir', 'HOSTNAME': 'mock', 'PATH': '/usr/bin:/bin:/usr/sbin:/sbin', 'LANG': 'C.UTF-8'} and shell False
DEBUG util.py:608:  Child return code was: 0
DEBUG util.py:634:  child environment: None
DEBUG util.py:556:  Executing command: ['/bin/rpm', '-qa', '--root', '/var/lib/mock/rocky-10-x86_64/root'] with env {'TERM': 'vt100', 'SHELL': '/bin/bash', 'HOME': '/builddir', 'HOSTNAME': 'mock', 'PATH': '/usr/bin:/bin:/usr/sbin:/sbin', 'PROMPT_COMMAND': 'printf "\\033]0;<mock-chroot>\\007"', 'PS1': '<mock-chroot> \\s-\\v\\$ ', 'LANG': 'C.UTF-8'} and shell False
DEBUG util.py:461:  gpg-pubkey-6fedfc85-682ae1a9
DEBUG util.py:461:  libgcc-14.3.1-2.1.el10.x86_64
DEBUG util.py:461:  rust-toolset-srpm-macros-1.88.0-1.el10.noarch
DEBUG util.py:461:  qt6-srpm-macros-6.9.1-1.el10.noarch
DEBUG util.py:461:  perl-srpm-macros-1-57.el10.noarch
DEBUG util.py:461:  package-notes-srpm-macros-0.5-13.el10.noarch
DEBUG util.py:461:  openblas-srpm-macros-2-19.el10.noarch
DEBUG util.py:461:  ocaml-srpm-macros-10-4.el10.noarch
DEBUG util.py:461:  kernel-srpm-macros-1.0-26.el10.noarch
DEBUG util.py:461:  rocky-gpg-keys-10.1-1.4.el10.noarch
DEBUG util.py:461:  rocky-release-10.1-1.4.el10.noarch
DEBUG util.py:461:  rocky-repos-10.1-1.4.el10.noarch
DEBUG util.py:461:  setup-2.14.5-7.el10.noarch
DEBUG util.py:461:  filesystem-3.18-17.el10.x86_64
DEBUG util.py:461:  basesystem-11-22.el10.noarch
DEBUG util.py:461:  publicsuffix-list-dafsa-20240107-5.el10.noarch
DEBUG util.py:461:  pkgconf-m4-2.1.0-3.el10.noarch
DEBUG util.py:461:  pcre2-syntax-10.44-1.el10.3.noarch
DEBUG util.py:461:  ncurses-base-6.4-14.20240127.el10.noarch
DEBUG util.py:461:  glibc-gconv-extra-2.39-58.el10_1.7.x86_64
DEBUG util.py:461:  glibc-minimal-langpack-2.39-58.el10_1.7.x86_64
DEBUG util.py:461:  glibc-common-2.39-58.el10_1.7.x86_64
DEBUG util.py:461:  glibc-2.39-58.el10_1.7.x86_64
DEBUG util.py:461:  ncurses-libs-6.4-14.20240127.el10.x86_64
DEBUG util.py:461:  bash-5.2.26-6.el10.x86_64
DEBUG util.py:461:  zlib-ng-compat-2.2.3-3.el10_1.x86_64
DEBUG util.py:461:  bzip2-libs-1.0.8-25.el10.x86_64
DEBUG util.py:461:  xz-libs-5.6.2-4.el10_0.x86_64
DEBUG util.py:461:  readline-8.2-11.el10.x86_64
DEBUG util.py:461:  libstdc++-14.3.1-2.1.el10.x86_64
DEBUG util.py:461:  libuuid-2.40.2-15.el10_1.x86_64
DEBUG util.py:461:  popt-1.19-8.el10.x86_64
DEBUG util.py:461:  libblkid-2.40.2-15.el10_1.x86_64
DEBUG util.py:461:  gmp-6.2.1-12.el10.x86_64
DEBUG util.py:461:  libattr-2.5.2-5.el10.x86_64
DEBUG util.py:461:  libacl-2.3.2-4.el10.x86_64
DEBUG util.py:461:  libxcrypt-4.4.36-10.el10.x86_64
DEBUG util.py:461:  libzstd-1.5.5-9.el10.x86_64
DEBUG util.py:461:  elfutils-libelf-0.193-1.el10.rocky.0.1.x86_64
DEBUG util.py:461:  crypto-policies-20250905-2.gitc7eb7b2.el10_1.1.noarch
DEBUG util.py:461:  gdbm-libs-1.23-13.el10.x86_64
DEBUG util.py:461:  libeconf-0.6.2-4.el10.x86_64
DEBUG util.py:461:  dwz-0.16-1.el10.x86_64
DEBUG util.py:461:  mpfr-4.2.1-5.el10.x86_64
DEBUG util.py:461:  gawk-5.3.0-6.el10.x86_64
DEBUG util.py:461:  unzip-6.0-69.el10.x86_64
DEBUG util.py:461:  file-libs-5.45-8.el10.x86_64
DEBUG util.py:461:  file-5.45-8.el10.x86_64
DEBUG util.py:461:  alternatives-1.30-2.el10.x86_64
DEBUG util.py:461:  jansson-2.14-3.el10.x86_64
DEBUG util.py:461:  libcap-ng-0.8.4-6.el10.x86_64
DEBUG util.py:461:  audit-libs-4.0.3-4.el10.x86_64
DEBUG util.py:461:  pam-libs-1.6.1-8.el10.x86_64
DEBUG util.py:461:  libcap-2.69-7.el10.x86_64
DEBUG util.py:461:  systemd-libs-257-13.el10.rocky.0.1.x86_64
DEBUG util.py:461:  libffi-3.4.4-10.el10.x86_64
DEBUG util.py:461:  libsepol-3.9-1.el10.x86_64
DEBUG util.py:461:  libsmartcols-2.40.2-15.el10_1.x86_64
DEBUG util.py:461:  libtasn1-4.20.0-1.el10.x86_64
DEBUG util.py:461:  libunistring-1.1-10.el10.x86_64
DEBUG util.py:461:  libidn2-2.3.7-3.el10.x86_64
DEBUG util.py:461:  lua-libs-5.4.6-7.el10.x86_64
DEBUG util.py:461:  lz4-libs-1.9.4-8.el10.x86_64
DEBUG util.py:461:  pcre2-10.44-1.el10.3.x86_64
DEBUG util.py:461:  libselinux-3.9-1.el10.x86_64
DEBUG util.py:461:  sed-4.9-3.el10.x86_64
DEBUG util.py:461:  findutils-4.10.0-5.el10.x86_64
DEBUG util.py:461:  grep-3.11-10.el10.x86_64
DEBUG util.py:461:  xz-5.6.2-4.el10_0.x86_64
DEBUG util.py:461:  libmount-2.40.2-15.el10_1.x86_64
DEBUG util.py:461:  util-linux-core-2.40.2-15.el10_1.x86_64
DEBUG util.py:461:  libsemanage-3.9-1.el10.x86_64
DEBUG util.py:461:  shadow-utils-4.15.0-8.el10.x86_64
DEBUG util.py:461:  libutempter-1.2.1-15.el10.x86_64
DEBUG util.py:461:  tar-1.35-9.el10_1.x86_64
DEBUG util.py:461:  zstd-1.5.5-9.el10.x86_64
DEBUG util.py:461:  libpsl-0.21.5-6.el10.x86_64
DEBUG util.py:461:  p11-kit-0.25.5-7.el10.x86_64
DEBUG util.py:461:  p11-kit-trust-0.25.5-7.el10.x86_64
DEBUG util.py:461:  zip-3.0-45.el10.x86_64
DEBUG util.py:461:  cyrus-sasl-lib-2.1.28-29.el10.x86_64
DEBUG util.py:461:  gdbm-1.23-13.el10.x86_64
DEBUG util.py:461:  libfdisk-2.40.2-15.el10_1.x86_64
DEBUG util.py:461:  libxml2-2.12.5-9.el10_0.x86_64
DEBUG util.py:461:  bzip2-1.0.8-25.el10.x86_64
DEBUG util.py:461:  sqlite-libs-3.46.1-5.el10_1.x86_64
DEBUG util.py:461:  ed-1.20-5.el10.x86_64
DEBUG util.py:461:  patch-2.7.6-26.el10.x86_64
DEBUG util.py:461:  elfutils-default-yama-scope-0.193-1.el10.rocky.0.1.noarch
DEBUG util.py:461:  cpio-2.15-3.el10.x86_64
DEBUG util.py:461:  diffutils-3.10-8.el10.x86_64
DEBUG util.py:461:  json-c-0.18-3.el10.x86_64
DEBUG util.py:461:  keyutils-libs-1.6.3-5.el10.x86_64
DEBUG util.py:461:  libbrotli-1.1.0-7.el10_1.x86_64
DEBUG util.py:461:  libcom_err-1.47.1-4.el10.x86_64
DEBUG util.py:461:  libgomp-14.3.1-2.1.el10.x86_64
DEBUG util.py:461:  libnghttp2-1.64.0-2.el10.x86_64
DEBUG util.py:461:  libpkgconf-2.1.0-3.el10.x86_64
DEBUG util.py:461:  pkgconf-2.1.0-3.el10.x86_64
DEBUG util.py:461:  pkgconf-pkg-config-2.1.0-3.el10.x86_64
DEBUG util.py:461:  libverto-0.3.2-10.el10.x86_64
DEBUG util.py:461:  libssh-config-0.11.1-5.el10_1.noarch
DEBUG util.py:461:  coreutils-common-9.5-6.el10.x86_64
DEBUG util.py:461:  openssl-fips-provider-3.5.1-7.el10_1.x86_64
DEBUG util.py:461:  openssl-libs-3.5.1-7.el10_1.x86_64
DEBUG util.py:461:  coreutils-9.5-6.el10.x86_64
DEBUG util.py:461:  ca-certificates-2025.2.80_v9.0.305-102.el10.noarch
DEBUG util.py:461:  authselect-libs-1.5.0-8.el10.x86_64
DEBUG util.py:461:  gzip-1.13-3.el10.x86_64
DEBUG util.py:461:  cracklib-2.9.11-8.el10.x86_64
DEBUG util.py:461:  krb5-libs-1.21.3-8.el10_0.x86_64
DEBUG util.py:461:  libarchive-3.7.7-4.el10_0.x86_64
DEBUG util.py:461:  libssh-0.11.1-5.el10_1.x86_64
DEBUG util.py:461:  cracklib-dicts-2.9.11-8.el10.x86_64
DEBUG util.py:461:  libpwquality-1.4.5-12.el10.x86_64
DEBUG util.py:461:  pam-1.6.1-8.el10.x86_64
DEBUG util.py:461:  libevent-2.1.12-16.el10.x86_64
DEBUG util.py:461:  openldap-2.6.9-1.el10.x86_64
DEBUG util.py:461:  libcurl-8.12.1-2.el10_1.2.x86_64
DEBUG util.py:461:  elfutils-libs-0.193-1.el10.rocky.0.1.x86_64
DEBUG util.py:461:  elfutils-debuginfod-client-0.193-1.el10.rocky.0.1.x86_64
DEBUG util.py:461:  binutils-gold-2.41-58.el10_1.2.x86_64
DEBUG util.py:461:  binutils-2.41-58.el10_1.2.x86_64
DEBUG util.py:461:  elfutils-0.193-1.el10.rocky.0.1.x86_64
DEBUG util.py:461:  gdb-minimal-16.3-2.el10.x86_64
DEBUG util.py:461:  debugedit-5.1-8.el10.x86_64
DEBUG util.py:461:  curl-8.12.1-2.el10_1.2.x86_64
DEBUG util.py:461:  rpm-sequoia-1.9.0.3-1.el10_1.x86_64
DEBUG util.py:461:  rpm-libs-4.19.1.1-20.el10.x86_64
DEBUG util.py:461:  rpm-4.19.1.1-20.el10.x86_64
DEBUG util.py:461:  efi-srpm-macros-6-7.el10.noarch
DEBUG util.py:461:  lua-srpm-macros-1-15.el10.noarch
DEBUG util.py:461:  rpm-build-libs-4.19.1.1-20.el10.x86_64
DEBUG util.py:461:  fonts-srpm-macros-2.0.5-18.el10.noarch
DEBUG util.py:461:  forge-srpm-macros-0.4.0-6.el10.noarch
DEBUG util.py:461:  go-srpm-macros-3.6.0-7.el10_1.noarch
DEBUG util.py:461:  python-srpm-macros-3.12-10.el10.noarch
DEBUG util.py:461:  redhat-rpm-config-293-1.el10.rocky.0.2.noarch
DEBUG util.py:461:  rpm-build-4.19.1.1-20.el10.x86_64
DEBUG util.py:461:  pyproject-srpm-macros-1.16.2-1.el10.noarch
DEBUG util.py:461:  util-linux-2.40.2-15.el10_1.x86_64
DEBUG util.py:461:  authselect-1.5.0-8.el10.x86_64
DEBUG util.py:461:  which-2.21-44.el10_0.x86_64
DEBUG util.py:461:  info-7.1-6.el10.x86_64
DEBUG util.py:461:  nspr-4.36.0-4.el10_0.x86_64
DEBUG util.py:461:  nss-util-3.112.0-4.el10_0.x86_64
DEBUG util.py:461:  libmpc-1.3.1-7.el10.x86_64
DEBUG util.py:461:  expat-2.7.1-1.el10_0.3.x86_64
DEBUG util.py:461:  cpp-14.3.1-2.1.el10.x86_64
DEBUG util.py:461:  nss-softokn-freebl-3.112.0-4.el10_0.x86_64
DEBUG util.py:461:  nss-softokn-3.112.0-4.el10_0.x86_64
DEBUG util.py:461:  nss-3.112.0-4.el10_0.x86_64
DEBUG util.py:461:  nss-sysinit-3.112.0-4.el10_0.x86_64
DEBUG util.py:461:  nss-tools-3.112.0-4.el10_0.x86_64
DEBUG util.py:461:  libzstd-devel-1.5.5-9.el10.x86_64
DEBUG util.py:461:  kernel-headers-6.12.0-124.40.1.el10_1.x86_64
DEBUG util.py:461:  libxcrypt-devel-4.4.36-10.el10.x86_64
DEBUG util.py:461:  glibc-devel-2.39-58.el10_1.7.x86_64
DEBUG util.py:461:  cmake-filesystem-3.30.5-3.el10_0.x86_64
DEBUG util.py:461:  zlib-ng-compat-devel-2.2.3-3.el10_1.x86_64
DEBUG util.py:461:  annobin-docs-12.99-1.el10.noarch
DEBUG util.py:461:  tzdata-2025c-1.el10.noarch
DEBUG util.py:461:  python3-pip-wheel-23.3.2-7.el10.noarch
DEBUG util.py:461:  openssh-9.9p1-12.el10_1.rocky.0.1.x86_64
DEBUG util.py:461:  ncurses-6.4-14.20240127.el10.x86_64
DEBUG util.py:461:  mpdecimal-2.5.1-12.el10.x86_64
DEBUG util.py:461:  python3-3.12.12-3.el10_1.x86_64
DEBUG util.py:461:  python3-libs-3.12.12-3.el10_1.x86_64
DEBUG util.py:461:  make-4.4.1-9.el10.x86_64
DEBUG util.py:461:  gcc-14.3.1-2.1.el10.x86_64
DEBUG util.py:461:  libedit-3.1-52.20230828cvs.el10.x86_64
DEBUG util.py:461:  libcbor-0.11.0-3.el10.x86_64
DEBUG util.py:461:  libfido2-1.14.0-7.el10.x86_64
DEBUG util.py:461:  openssh-clients-9.9p1-12.el10_1.rocky.0.1.x86_64
DEBUG util.py:461:  less-661-3.el10.x86_64
DEBUG util.py:461:  git-core-2.47.3-1.el10.x86_64
DEBUG util.py:461:  git-core-doc-2.47.3-1.el10.noarch
DEBUG util.py:461:  groff-base-1.23.0-10.el10.x86_64
DEBUG util.py:461:  perl-Digest-1.20-511.el10.noarch
DEBUG util.py:461:  perl-Digest-MD5-2.59-6.el10.x86_64
DEBUG util.py:461:  perl-B-1.89-512.2.el10_0.x86_64
DEBUG util.py:461:  perl-FileHandle-2.05-512.2.el10_0.noarch
DEBUG util.py:461:  perl-Data-Dumper-2.189-512.el10.x86_64
DEBUG util.py:461:  perl-libnet-3.15-512.el10.noarch
DEBUG util.py:461:  perl-AutoLoader-5.74-512.2.el10_0.noarch
DEBUG util.py:461:  perl-URI-5.27-3.el10.noarch
DEBUG util.py:461:  perl-Text-Tabs+Wrap-2024.001-511.el10.noarch
DEBUG util.py:461:  perl-Mozilla-CA-20231213-5.el10.noarch
DEBUG util.py:461:  perl-if-0.61.000-512.2.el10_0.noarch
DEBUG util.py:461:  perl-locale-1.12-512.2.el10_0.noarch
DEBUG util.py:461:  perl-IO-Socket-IP-0.42-512.el10.noarch
DEBUG util.py:461:  perl-Time-Local-1.350-511.el10.noarch
DEBUG util.py:461:  perl-File-Path-2.18-511.el10.noarch
DEBUG util.py:461:  perl-IO-Socket-SSL-2.085-3.el10.noarch
DEBUG util.py:461:  perl-Net-SSLeay-1.94-8.el10.x86_64
DEBUG util.py:461:  perl-Pod-Escapes-1.07-511.el10.noarch
DEBUG util.py:461:  perl-Class-Struct-0.68-512.2.el10_0.noarch
DEBUG util.py:461:  perl-Term-ANSIColor-5.01-512.el10.noarch
DEBUG util.py:461:  perl-POSIX-2.20-512.2.el10_0.x86_64
DEBUG util.py:461:  perl-IPC-Open3-1.22-512.2.el10_0.noarch
DEBUG util.py:461:  perl-File-Temp-0.231.100-512.el10.noarch
DEBUG util.py:461:  perl-HTTP-Tiny-0.088-512.el10.noarch
DEBUG util.py:461:  perl-Term-Cap-1.18-511.el10.noarch
DEBUG util.py:461:  perl-Pod-Simple-3.45-511.el10.noarch
DEBUG util.py:461:  perl-Socket-2.038-511.el10.x86_64
DEBUG util.py:461:  perl-SelectSaver-1.02-512.2.el10_0.noarch
DEBUG util.py:461:  perl-Symbol-1.09-512.2.el10_0.noarch
DEBUG util.py:461:  perl-File-stat-1.14-512.2.el10_0.noarch
DEBUG util.py:461:  perl-podlators-5.01-511.el10.noarch
DEBUG util.py:461:  perl-Pod-Perldoc-3.28.01-512.el10.noarch
DEBUG util.py:461:  perl-Fcntl-1.18-512.2.el10_0.x86_64
DEBUG util.py:461:  perl-Text-ParseWords-3.31-511.el10.noarch
DEBUG util.py:461:  perl-base-2.27-512.2.el10_0.noarch
DEBUG util.py:461:  perl-mro-1.29-512.2.el10_0.x86_64
DEBUG util.py:461:  perl-IO-1.55-512.2.el10_0.x86_64
DEBUG util.py:461:  perl-overloading-0.02-512.2.el10_0.noarch
DEBUG util.py:461:  perl-Pod-Usage-2.03-511.el10.noarch
DEBUG util.py:461:  perl-Errno-1.38-512.2.el10_0.x86_64
DEBUG util.py:461:  perl-File-Basename-2.86-512.2.el10_0.noarch
DEBUG util.py:461:  perl-Getopt-Std-1.14-512.2.el10_0.noarch
DEBUG util.py:461:  perl-MIME-Base64-3.16-511.el10.x86_64
DEBUG util.py:461:  perl-Scalar-List-Utils-1.63-511.el10.x86_64
DEBUG util.py:461:  perl-constant-1.33-512.el10.noarch
DEBUG util.py:461:  perl-Storable-3.32-511.el10.x86_64
DEBUG util.py:461:  perl-overload-1.37-512.2.el10_0.noarch
DEBUG util.py:461:  perl-parent-0.241-512.el10.noarch
DEBUG util.py:461:  perl-vars-1.05-512.2.el10_0.noarch
DEBUG util.py:461:  perl-Getopt-Long-2.58-3.el10.noarch
DEBUG util.py:461:  perl-Carp-1.54-511.el10.noarch
DEBUG util.py:461:  perl-Exporter-5.78-511.el10.noarch
DEBUG util.py:461:  perl-PathTools-3.91-512.el10.x86_64
DEBUG util.py:461:  perl-DynaLoader-1.56-512.2.el10_0.x86_64
DEBUG util.py:461:  perl-Encode-3.21-511.el10.x86_64
DEBUG util.py:461:  perl-libs-5.40.2-512.2.el10_0.x86_64
DEBUG util.py:461:  perl-interpreter-5.40.2-512.2.el10_0.x86_64
DEBUG util.py:461:  perl-Error-0.17029-18.el10.noarch
DEBUG util.py:461:  perl-File-Find-1.44-512.2.el10_0.noarch
DEBUG util.py:461:  perl-TermReadKey-2.38-24.el10.x86_64
DEBUG util.py:461:  perl-lib-0.65-512.2.el10_0.x86_64
DEBUG util.py:461:  perl-Git-2.47.3-1.el10.noarch
DEBUG util.py:461:  git-2.47.3-1.el10.x86_64
DEBUG util.py:461:  efivar-libs-39-3.el10.x86_64
DEBUG util.py:461:  pesign-116-6.el10.x86_64
DEBUG util.py:461:  annobin-plugin-gcc-12.99-1.el10.x86_64
DEBUG util.py:461:  gcc-plugin-annobin-14.3.1-2.1.el10.x86_64
DEBUG util.py:461:  elfutils-libelf-devel-0.193-1.el10.rocky.0.1.x86_64
DEBUG util.py:461:  rocky-sb-certs-10.1-1.4.el10.noarch
DEBUG util.py:461:  openssl-devel-3.5.1-7.el10_1.x86_64
DEBUG util.py:461:  openssl-3.5.1-7.el10_1.x86_64
DEBUG util.py:461:  dos2unix-7.5.2-3.el10.x86_64
DEBUG util.py:608:  Child return code was: 0
DEBUG util.py:183:  kill orphans in chroot /var/lib/mock/rocky-10-x86_64/root
DEBUG util.py:183:  kill orphans in chroot /var/lib/mock/rocky-10-x86_64-bootstrap/root/var/lib/mock/rocky-10-x86_64/root
DEBUG util.py:634:  child environment: None
DEBUG util.py:556:  Executing command: ['/bin/umount', '-n', '-l', '/var/lib/mock/rocky-10-x86_64-bootstrap/root/var/lib/mock/rocky-10-x86_64/root'] with env {'TERM': 'vt100', 'SHELL': '/bin/sh', 'HOME': '/builddir', 'HOSTNAME': 'mock', 'PATH': '/usr/bin:/bin:/usr/sbin:/sbin', 'LANG': 'C.UTF-8'} and shell False
DEBUG util.py:608:  Child return code was: 0
DEBUG util.py:634:  child environment: None
DEBUG util.py:556:  Executing command: ['/bin/umount', '-n', '-l', '/var/lib/mock/rocky-10-x86_64-bootstrap/root/var/lib/mock/rocky-10-x86_64/root'] with env {'TERM': 'vt100', 'SHELL': '/bin/sh', 'HOME': '/builddir', 'HOSTNAME': 'mock', 'PATH': '/usr/bin:/bin:/usr/sbin:/sbin', 'LANG': 'C.UTF-8'} and shell False
DEBUG util.py:608:  Child return code was: 0
DEBUG util.py:634:  child environment: None
DEBUG file_util.py:18:  ensuring that dir exists: /var/lib/mock/rocky-10-x86_64-bootstrap/root/var/lib/mock/rocky-10-x86_64/root
DEBUG util.py:634:  child environment: None
DEBUG util.py:556:  Executing command: ['/bin/mount', '-n', '-t', 'tmpfs', '-o', 'private,mode=0755', 'tmpfs', '/var/lib/mock/rocky-10-x86_64-bootstrap/root/var/lib/mock/rocky-10-x86_64/root'] with env {'TERM': 'vt100', 'SHELL': '/bin/sh', 'HOME': '/builddir', 'HOSTNAME': 'mock', 'PATH': '/usr/bin:/bin:/usr/sbin:/sbin', 'LANG': 'C.UTF-8'} and shell False
DEBUG util.py:608:  Child return code was: 0
DEBUG file_util.py:18:  ensuring that dir exists: /var/lib/mock/rocky-10-x86_64-bootstrap/root/var/lib/mock/rocky-10-x86_64/root
DEBUG util.py:634:  child environment: None
DEBUG util.py:556:  Executing command: ['/bin/mount', '-n', '-o', 'rbind', '/var/lib/mock/rocky-10-x86_64/root', '/var/lib/mock/rocky-10-x86_64-bootstrap/root/var/lib/mock/rocky-10-x86_64/root'] with env {'TERM': 'vt100', 'SHELL': '/bin/sh', 'HOME': '/builddir', 'HOSTNAME': 'mock', 'PATH': '/usr/bin:/bin:/usr/sbin:/sbin', 'LANG': 'C.UTF-8'} and shell False
DEBUG util.py:608:  Child return code was: 0
DEBUG util.py:634:  child environment: None
DEBUG util.py:556:  Executing command: ['/bin/mount', '-n', '-o', 'remount,private,rbind', '--target', '/var/lib/mock/rocky-10-x86_64-bootstrap/root/var/lib/mock/rocky-10-x86_64/root'] with env {'TERM': 'vt100', 'SHELL': '/bin/sh', 'HOME': '/builddir', 'HOSTNAME': 'mock', 'PATH': '/usr/bin:/bin:/usr/sbin:/sbin', 'LANG': 'C.UTF-8'} and shell False
DEBUG util.py:608:  Child return code was: 0
DEBUG file_util.py:18:  ensuring that dir exists: /var/lib/mock/rocky-10-x86_64/root/installation-homedir
DEBUG package_manager.py:295:  ['/usr/bin/dnf-3', 'builddep', '--installroot', '/var/lib/mock/rocky-10-x86_64/root/', '--releasever', '10', '--setopt=deltarpm=False', '--setopt=allow_vendor_change=yes', '--allowerasing', '--disableplugin=local', '--disableplugin=spacewalk', '--disableplugin=versionlock', '/var/lib/mock/rocky-10-x86_64/root//builddir/build/SRPMS/shim-unsigned-x64-16.1-1.el10.src.rpm']
DEBUG util.py:634:  child environment: None
DEBUG util.py:556:  Executing command: ['/usr/bin/dnf-3', 'builddep', '--installroot', '/var/lib/mock/rocky-10-x86_64/root/', '--releasever', '10', '--setopt=deltarpm=False', '--setopt=allow_vendor_change=yes', '--allowerasing', '--disableplugin=local', '--disableplugin=spacewalk', '--disableplugin=versionlock', '/var/lib/mock/rocky-10-x86_64/root//builddir/build/SRPMS/shim-unsigned-x64-16.1-1.el10.src.rpm', '--setopt=tsflags=nocontexts'] with env {'TERM': 'vt100', 'SHELL': '/bin/bash', 'HOME': '/var/lib/mock/rocky-10-x86_64/root/installation-homedir', 'HOSTNAME': 'mock', 'PATH': '/usr/bin:/bin:/usr/sbin:/sbin', 'PROMPT_COMMAND': 'printf "\\033]0;<mock-chroot>\\007"', 'PS1': '<mock-chroot> \\s-\\v\\$ ', 'LANG': 'C.UTF-8', 'LC_MESSAGES': 'C.UTF-8'} and shell False
DEBUG util.py:459:  No matches found for the following disable plugin patterns: local, spacewalk, versionlock
DEBUG util.py:461:  Last metadata expiration check: 0:00:11 ago on Sun Mar  8 12:35:54 2026.
DEBUG util.py:461:  Package dos2unix-7.5.2-3.el10.x86_64 is already installed.
DEBUG util.py:461:  Package elfutils-libelf-devel-0.193-1.el10.rocky.0.1.x86_64 is already installed.
DEBUG util.py:461:  Package findutils-1:4.10.0-5.el10.x86_64 is already installed.
DEBUG util.py:461:  Package gcc-14.3.1-2.1.el10.x86_64 is already installed.
DEBUG util.py:461:  Package git-2.47.3-1.el10.x86_64 is already installed.
DEBUG util.py:461:  Package make-1:4.4.1-9.el10.x86_64 is already installed.
DEBUG util.py:461:  Package openssl-1:3.5.1-7.el10_1.x86_64 is already installed.
DEBUG util.py:461:  Package openssl-devel-1:3.5.1-7.el10_1.x86_64 is already installed.
DEBUG util.py:461:  Package pesign-116-6.el10.x86_64 is already installed.
DEBUG util.py:461:  Package rocky-sb-certs-10.1-1.4.el10.noarch is already installed.
DEBUG util.py:461:  Dependencies resolved.
DEBUG util.py:461:  Nothing to do.
DEBUG util.py:461:  Complete!
DEBUG util.py:608:  Child return code was: 0
DEBUG util.py:183:  kill orphans in chroot /var/lib/mock/rocky-10-x86_64/root
DEBUG util.py:183:  kill orphans in chroot /var/lib/mock/rocky-10-x86_64-bootstrap/root/var/lib/mock/rocky-10-x86_64/root
DEBUG util.py:634:  child environment: None
DEBUG util.py:556:  Executing command: ['/bin/umount', '-n', '-l', '/var/lib/mock/rocky-10-x86_64-bootstrap/root/var/lib/mock/rocky-10-x86_64/root'] with env {'TERM': 'vt100', 'SHELL': '/bin/sh', 'HOME': '/builddir', 'HOSTNAME': 'mock', 'PATH': '/usr/bin:/bin:/usr/sbin:/sbin', 'LANG': 'C.UTF-8'} and shell False
DEBUG util.py:608:  Child return code was: 0
DEBUG util.py:634:  child environment: None
DEBUG util.py:556:  Executing command: ['/bin/umount', '-n', '-l', '/var/lib/mock/rocky-10-x86_64-bootstrap/root/var/lib/mock/rocky-10-x86_64/root'] with env {'TERM': 'vt100', 'SHELL': '/bin/sh', 'HOME': '/builddir', 'HOSTNAME': 'mock', 'PATH': '/usr/bin:/bin:/usr/sbin:/sbin', 'LANG': 'C.UTF-8'} and shell False
DEBUG util.py:608:  Child return code was: 0
DEBUG file_util.py:18:  ensuring that dir exists: /var/lib/mock/rocky-10-x86_64-bootstrap/root/var/lib/mock/rocky-10-x86_64/root
DEBUG util.py:634:  child environment: None
DEBUG util.py:556:  Executing command: ['/bin/mount', '-n', '-t', 'tmpfs', '-o', 'private,mode=0755', 'tmpfs', '/var/lib/mock/rocky-10-x86_64-bootstrap/root/var/lib/mock/rocky-10-x86_64/root'] with env {'TERM': 'vt100', 'SHELL': '/bin/sh', 'HOME': '/builddir', 'HOSTNAME': 'mock', 'PATH': '/usr/bin:/bin:/usr/sbin:/sbin', 'LANG': 'C.UTF-8'} and shell False
DEBUG util.py:608:  Child return code was: 0
DEBUG file_util.py:18:  ensuring that dir exists: /var/lib/mock/rocky-10-x86_64-bootstrap/root/var/lib/mock/rocky-10-x86_64/root
DEBUG util.py:634:  child environment: None
DEBUG util.py:556:  Executing command: ['/bin/mount', '-n', '-o', 'rbind', '/var/lib/mock/rocky-10-x86_64/root', '/var/lib/mock/rocky-10-x86_64-bootstrap/root/var/lib/mock/rocky-10-x86_64/root'] with env {'TERM': 'vt100', 'SHELL': '/bin/sh', 'HOME': '/builddir', 'HOSTNAME': 'mock', 'PATH': '/usr/bin:/bin:/usr/sbin:/sbin', 'LANG': 'C.UTF-8'} and shell False
DEBUG util.py:608:  Child return code was: 0
DEBUG util.py:634:  child environment: None
DEBUG util.py:556:  Executing command: ['/bin/mount', '-n', '-o', 'remount,private,rbind', '--target', '/var/lib/mock/rocky-10-x86_64-bootstrap/root/var/lib/mock/rocky-10-x86_64/root'] with env {'TERM': 'vt100', 'SHELL': '/bin/sh', 'HOME': '/builddir', 'HOSTNAME': 'mock', 'PATH': '/usr/bin:/bin:/usr/sbin:/sbin', 'LANG': 'C.UTF-8'} and shell False
DEBUG util.py:608:  Child return code was: 0
DEBUG util.py:634:  child environment: None
DEBUG util.py:556:  Executing command: ['/bin/rpm', '-qa', '--root', '/var/lib/mock/rocky-10-x86_64/root'] with env {'TERM': 'vt100', 'SHELL': '/bin/bash', 'HOME': '/builddir', 'HOSTNAME': 'mock', 'PATH': '/usr/bin:/bin:/usr/sbin:/sbin', 'PROMPT_COMMAND': 'printf "\\033]0;<mock-chroot>\\007"', 'PS1': '<mock-chroot> \\s-\\v\\$ ', 'LANG': 'C.UTF-8'} and shell False
DEBUG util.py:461:  gpg-pubkey-6fedfc85-682ae1a9
DEBUG util.py:461:  libgcc-14.3.1-2.1.el10.x86_64
DEBUG util.py:461:  rust-toolset-srpm-macros-1.88.0-1.el10.noarch
DEBUG util.py:461:  qt6-srpm-macros-6.9.1-1.el10.noarch
DEBUG util.py:461:  perl-srpm-macros-1-57.el10.noarch
DEBUG util.py:461:  package-notes-srpm-macros-0.5-13.el10.noarch
DEBUG util.py:461:  openblas-srpm-macros-2-19.el10.noarch
DEBUG util.py:461:  ocaml-srpm-macros-10-4.el10.noarch
DEBUG util.py:461:  kernel-srpm-macros-1.0-26.el10.noarch
DEBUG util.py:461:  rocky-gpg-keys-10.1-1.4.el10.noarch
DEBUG util.py:461:  rocky-release-10.1-1.4.el10.noarch
DEBUG util.py:461:  rocky-repos-10.1-1.4.el10.noarch
DEBUG util.py:461:  setup-2.14.5-7.el10.noarch
DEBUG util.py:461:  filesystem-3.18-17.el10.x86_64
DEBUG util.py:461:  basesystem-11-22.el10.noarch
DEBUG util.py:461:  publicsuffix-list-dafsa-20240107-5.el10.noarch
DEBUG util.py:461:  pkgconf-m4-2.1.0-3.el10.noarch
DEBUG util.py:461:  pcre2-syntax-10.44-1.el10.3.noarch
DEBUG util.py:461:  ncurses-base-6.4-14.20240127.el10.noarch
DEBUG util.py:461:  glibc-gconv-extra-2.39-58.el10_1.7.x86_64
DEBUG util.py:461:  glibc-minimal-langpack-2.39-58.el10_1.7.x86_64
DEBUG util.py:461:  glibc-common-2.39-58.el10_1.7.x86_64
DEBUG util.py:461:  glibc-2.39-58.el10_1.7.x86_64
DEBUG util.py:461:  ncurses-libs-6.4-14.20240127.el10.x86_64
DEBUG util.py:461:  bash-5.2.26-6.el10.x86_64
DEBUG util.py:461:  zlib-ng-compat-2.2.3-3.el10_1.x86_64
DEBUG util.py:461:  bzip2-libs-1.0.8-25.el10.x86_64
DEBUG util.py:461:  xz-libs-5.6.2-4.el10_0.x86_64
DEBUG util.py:461:  readline-8.2-11.el10.x86_64
DEBUG util.py:461:  libstdc++-14.3.1-2.1.el10.x86_64
DEBUG util.py:461:  libuuid-2.40.2-15.el10_1.x86_64
DEBUG util.py:461:  popt-1.19-8.el10.x86_64
DEBUG util.py:461:  libblkid-2.40.2-15.el10_1.x86_64
DEBUG util.py:461:  gmp-6.2.1-12.el10.x86_64
DEBUG util.py:461:  libattr-2.5.2-5.el10.x86_64
DEBUG util.py:461:  libacl-2.3.2-4.el10.x86_64
DEBUG util.py:461:  libxcrypt-4.4.36-10.el10.x86_64
DEBUG util.py:461:  libzstd-1.5.5-9.el10.x86_64
DEBUG util.py:461:  elfutils-libelf-0.193-1.el10.rocky.0.1.x86_64
DEBUG util.py:461:  crypto-policies-20250905-2.gitc7eb7b2.el10_1.1.noarch
DEBUG util.py:461:  gdbm-libs-1.23-13.el10.x86_64
DEBUG util.py:461:  libeconf-0.6.2-4.el10.x86_64
DEBUG util.py:461:  dwz-0.16-1.el10.x86_64
DEBUG util.py:461:  mpfr-4.2.1-5.el10.x86_64
DEBUG util.py:461:  gawk-5.3.0-6.el10.x86_64
DEBUG util.py:461:  unzip-6.0-69.el10.x86_64
DEBUG util.py:461:  file-libs-5.45-8.el10.x86_64
DEBUG util.py:461:  file-5.45-8.el10.x86_64
DEBUG util.py:461:  alternatives-1.30-2.el10.x86_64
DEBUG util.py:461:  jansson-2.14-3.el10.x86_64
DEBUG util.py:461:  libcap-ng-0.8.4-6.el10.x86_64
DEBUG util.py:461:  audit-libs-4.0.3-4.el10.x86_64
DEBUG util.py:461:  pam-libs-1.6.1-8.el10.x86_64
DEBUG util.py:461:  libcap-2.69-7.el10.x86_64
DEBUG util.py:461:  systemd-libs-257-13.el10.rocky.0.1.x86_64
DEBUG util.py:461:  libffi-3.4.4-10.el10.x86_64
DEBUG util.py:461:  libsepol-3.9-1.el10.x86_64
DEBUG util.py:461:  libsmartcols-2.40.2-15.el10_1.x86_64
DEBUG util.py:461:  libtasn1-4.20.0-1.el10.x86_64
DEBUG util.py:461:  libunistring-1.1-10.el10.x86_64
DEBUG util.py:461:  libidn2-2.3.7-3.el10.x86_64
DEBUG util.py:461:  lua-libs-5.4.6-7.el10.x86_64
DEBUG util.py:461:  lz4-libs-1.9.4-8.el10.x86_64
DEBUG util.py:461:  pcre2-10.44-1.el10.3.x86_64
DEBUG util.py:461:  libselinux-3.9-1.el10.x86_64
DEBUG util.py:461:  sed-4.9-3.el10.x86_64
DEBUG util.py:461:  findutils-4.10.0-5.el10.x86_64
DEBUG util.py:461:  grep-3.11-10.el10.x86_64
DEBUG util.py:461:  xz-5.6.2-4.el10_0.x86_64
DEBUG util.py:461:  libmount-2.40.2-15.el10_1.x86_64
DEBUG util.py:461:  util-linux-core-2.40.2-15.el10_1.x86_64
DEBUG util.py:461:  libsemanage-3.9-1.el10.x86_64
DEBUG util.py:461:  shadow-utils-4.15.0-8.el10.x86_64
DEBUG util.py:461:  libutempter-1.2.1-15.el10.x86_64
DEBUG util.py:461:  tar-1.35-9.el10_1.x86_64
DEBUG util.py:461:  zstd-1.5.5-9.el10.x86_64
DEBUG util.py:461:  libpsl-0.21.5-6.el10.x86_64
DEBUG util.py:461:  p11-kit-0.25.5-7.el10.x86_64
DEBUG util.py:461:  p11-kit-trust-0.25.5-7.el10.x86_64
DEBUG util.py:461:  zip-3.0-45.el10.x86_64
DEBUG util.py:461:  cyrus-sasl-lib-2.1.28-29.el10.x86_64
DEBUG util.py:461:  gdbm-1.23-13.el10.x86_64
DEBUG util.py:461:  libfdisk-2.40.2-15.el10_1.x86_64
DEBUG util.py:461:  libxml2-2.12.5-9.el10_0.x86_64
DEBUG util.py:461:  bzip2-1.0.8-25.el10.x86_64
DEBUG util.py:461:  sqlite-libs-3.46.1-5.el10_1.x86_64
DEBUG util.py:461:  ed-1.20-5.el10.x86_64
DEBUG util.py:461:  patch-2.7.6-26.el10.x86_64
DEBUG util.py:461:  elfutils-default-yama-scope-0.193-1.el10.rocky.0.1.noarch
DEBUG util.py:461:  cpio-2.15-3.el10.x86_64
DEBUG util.py:461:  diffutils-3.10-8.el10.x86_64
DEBUG util.py:461:  json-c-0.18-3.el10.x86_64
DEBUG util.py:461:  keyutils-libs-1.6.3-5.el10.x86_64
DEBUG util.py:461:  libbrotli-1.1.0-7.el10_1.x86_64
DEBUG util.py:461:  libcom_err-1.47.1-4.el10.x86_64
DEBUG util.py:461:  libgomp-14.3.1-2.1.el10.x86_64
DEBUG util.py:461:  libnghttp2-1.64.0-2.el10.x86_64
DEBUG util.py:461:  libpkgconf-2.1.0-3.el10.x86_64
DEBUG util.py:461:  pkgconf-2.1.0-3.el10.x86_64
DEBUG util.py:461:  pkgconf-pkg-config-2.1.0-3.el10.x86_64
DEBUG util.py:461:  libverto-0.3.2-10.el10.x86_64
DEBUG util.py:461:  libssh-config-0.11.1-5.el10_1.noarch
DEBUG util.py:461:  coreutils-common-9.5-6.el10.x86_64
DEBUG util.py:461:  openssl-fips-provider-3.5.1-7.el10_1.x86_64
DEBUG util.py:461:  openssl-libs-3.5.1-7.el10_1.x86_64
DEBUG util.py:461:  coreutils-9.5-6.el10.x86_64
DEBUG util.py:461:  ca-certificates-2025.2.80_v9.0.305-102.el10.noarch
DEBUG util.py:461:  authselect-libs-1.5.0-8.el10.x86_64
DEBUG util.py:461:  gzip-1.13-3.el10.x86_64
DEBUG util.py:461:  cracklib-2.9.11-8.el10.x86_64
DEBUG util.py:461:  krb5-libs-1.21.3-8.el10_0.x86_64
DEBUG util.py:461:  libarchive-3.7.7-4.el10_0.x86_64
DEBUG util.py:461:  libssh-0.11.1-5.el10_1.x86_64
DEBUG util.py:461:  cracklib-dicts-2.9.11-8.el10.x86_64
DEBUG util.py:461:  libpwquality-1.4.5-12.el10.x86_64
DEBUG util.py:461:  pam-1.6.1-8.el10.x86_64
DEBUG util.py:461:  libevent-2.1.12-16.el10.x86_64
DEBUG util.py:461:  openldap-2.6.9-1.el10.x86_64
DEBUG util.py:461:  libcurl-8.12.1-2.el10_1.2.x86_64
DEBUG util.py:461:  elfutils-libs-0.193-1.el10.rocky.0.1.x86_64
DEBUG util.py:461:  elfutils-debuginfod-client-0.193-1.el10.rocky.0.1.x86_64
DEBUG util.py:461:  binutils-gold-2.41-58.el10_1.2.x86_64
DEBUG util.py:461:  binutils-2.41-58.el10_1.2.x86_64
DEBUG util.py:461:  elfutils-0.193-1.el10.rocky.0.1.x86_64
DEBUG util.py:461:  gdb-minimal-16.3-2.el10.x86_64
DEBUG util.py:461:  debugedit-5.1-8.el10.x86_64
DEBUG util.py:461:  curl-8.12.1-2.el10_1.2.x86_64
DEBUG util.py:461:  rpm-sequoia-1.9.0.3-1.el10_1.x86_64
DEBUG util.py:461:  rpm-libs-4.19.1.1-20.el10.x86_64
DEBUG util.py:461:  rpm-4.19.1.1-20.el10.x86_64
DEBUG util.py:461:  efi-srpm-macros-6-7.el10.noarch
DEBUG util.py:461:  lua-srpm-macros-1-15.el10.noarch
DEBUG util.py:461:  rpm-build-libs-4.19.1.1-20.el10.x86_64
DEBUG util.py:461:  fonts-srpm-macros-2.0.5-18.el10.noarch
DEBUG util.py:461:  forge-srpm-macros-0.4.0-6.el10.noarch
DEBUG util.py:461:  go-srpm-macros-3.6.0-7.el10_1.noarch
DEBUG util.py:461:  python-srpm-macros-3.12-10.el10.noarch
DEBUG util.py:461:  redhat-rpm-config-293-1.el10.rocky.0.2.noarch
DEBUG util.py:461:  rpm-build-4.19.1.1-20.el10.x86_64
DEBUG util.py:461:  pyproject-srpm-macros-1.16.2-1.el10.noarch
DEBUG util.py:461:  util-linux-2.40.2-15.el10_1.x86_64
DEBUG util.py:461:  authselect-1.5.0-8.el10.x86_64
DEBUG util.py:461:  which-2.21-44.el10_0.x86_64
DEBUG util.py:461:  info-7.1-6.el10.x86_64
DEBUG util.py:461:  nspr-4.36.0-4.el10_0.x86_64
DEBUG util.py:461:  nss-util-3.112.0-4.el10_0.x86_64
DEBUG util.py:461:  libmpc-1.3.1-7.el10.x86_64
DEBUG util.py:461:  expat-2.7.1-1.el10_0.3.x86_64
DEBUG util.py:461:  cpp-14.3.1-2.1.el10.x86_64
DEBUG util.py:461:  nss-softokn-freebl-3.112.0-4.el10_0.x86_64
DEBUG util.py:461:  nss-softokn-3.112.0-4.el10_0.x86_64
DEBUG util.py:461:  nss-3.112.0-4.el10_0.x86_64
DEBUG util.py:461:  nss-sysinit-3.112.0-4.el10_0.x86_64
DEBUG util.py:461:  nss-tools-3.112.0-4.el10_0.x86_64
DEBUG util.py:461:  libzstd-devel-1.5.5-9.el10.x86_64
DEBUG util.py:461:  kernel-headers-6.12.0-124.40.1.el10_1.x86_64
DEBUG util.py:461:  libxcrypt-devel-4.4.36-10.el10.x86_64
DEBUG util.py:461:  glibc-devel-2.39-58.el10_1.7.x86_64
DEBUG util.py:461:  cmake-filesystem-3.30.5-3.el10_0.x86_64
DEBUG util.py:461:  zlib-ng-compat-devel-2.2.3-3.el10_1.x86_64
DEBUG util.py:461:  annobin-docs-12.99-1.el10.noarch
DEBUG util.py:461:  tzdata-2025c-1.el10.noarch
DEBUG util.py:461:  python3-pip-wheel-23.3.2-7.el10.noarch
DEBUG util.py:461:  openssh-9.9p1-12.el10_1.rocky.0.1.x86_64
DEBUG util.py:461:  ncurses-6.4-14.20240127.el10.x86_64
DEBUG util.py:461:  mpdecimal-2.5.1-12.el10.x86_64
DEBUG util.py:461:  python3-3.12.12-3.el10_1.x86_64
DEBUG util.py:461:  python3-libs-3.12.12-3.el10_1.x86_64
DEBUG util.py:461:  make-4.4.1-9.el10.x86_64
DEBUG util.py:461:  gcc-14.3.1-2.1.el10.x86_64
DEBUG util.py:461:  libedit-3.1-52.20230828cvs.el10.x86_64
DEBUG util.py:461:  libcbor-0.11.0-3.el10.x86_64
DEBUG util.py:461:  libfido2-1.14.0-7.el10.x86_64
DEBUG util.py:461:  openssh-clients-9.9p1-12.el10_1.rocky.0.1.x86_64
DEBUG util.py:461:  less-661-3.el10.x86_64
DEBUG util.py:461:  git-core-2.47.3-1.el10.x86_64
DEBUG util.py:461:  git-core-doc-2.47.3-1.el10.noarch
DEBUG util.py:461:  groff-base-1.23.0-10.el10.x86_64
DEBUG util.py:461:  perl-Digest-1.20-511.el10.noarch
DEBUG util.py:461:  perl-Digest-MD5-2.59-6.el10.x86_64
DEBUG util.py:461:  perl-B-1.89-512.2.el10_0.x86_64
DEBUG util.py:461:  perl-FileHandle-2.05-512.2.el10_0.noarch
DEBUG util.py:461:  perl-Data-Dumper-2.189-512.el10.x86_64
DEBUG util.py:461:  perl-libnet-3.15-512.el10.noarch
DEBUG util.py:461:  perl-AutoLoader-5.74-512.2.el10_0.noarch
DEBUG util.py:461:  perl-URI-5.27-3.el10.noarch
DEBUG util.py:461:  perl-Text-Tabs+Wrap-2024.001-511.el10.noarch
DEBUG util.py:461:  perl-Mozilla-CA-20231213-5.el10.noarch
DEBUG util.py:461:  perl-if-0.61.000-512.2.el10_0.noarch
DEBUG util.py:461:  perl-locale-1.12-512.2.el10_0.noarch
DEBUG util.py:461:  perl-IO-Socket-IP-0.42-512.el10.noarch
DEBUG util.py:461:  perl-Time-Local-1.350-511.el10.noarch
DEBUG util.py:461:  perl-File-Path-2.18-511.el10.noarch
DEBUG util.py:461:  perl-IO-Socket-SSL-2.085-3.el10.noarch
DEBUG util.py:461:  perl-Net-SSLeay-1.94-8.el10.x86_64
DEBUG util.py:461:  perl-Pod-Escapes-1.07-511.el10.noarch
DEBUG util.py:461:  perl-Class-Struct-0.68-512.2.el10_0.noarch
DEBUG util.py:461:  perl-Term-ANSIColor-5.01-512.el10.noarch
DEBUG util.py:461:  perl-POSIX-2.20-512.2.el10_0.x86_64
DEBUG util.py:461:  perl-IPC-Open3-1.22-512.2.el10_0.noarch
DEBUG util.py:461:  perl-File-Temp-0.231.100-512.el10.noarch
DEBUG util.py:461:  perl-HTTP-Tiny-0.088-512.el10.noarch
DEBUG util.py:461:  perl-Term-Cap-1.18-511.el10.noarch
DEBUG util.py:461:  perl-Pod-Simple-3.45-511.el10.noarch
DEBUG util.py:461:  perl-Socket-2.038-511.el10.x86_64
DEBUG util.py:461:  perl-SelectSaver-1.02-512.2.el10_0.noarch
DEBUG util.py:461:  perl-Symbol-1.09-512.2.el10_0.noarch
DEBUG util.py:461:  perl-File-stat-1.14-512.2.el10_0.noarch
DEBUG util.py:461:  perl-podlators-5.01-511.el10.noarch
DEBUG util.py:461:  perl-Pod-Perldoc-3.28.01-512.el10.noarch
DEBUG util.py:461:  perl-Fcntl-1.18-512.2.el10_0.x86_64
DEBUG util.py:461:  perl-Text-ParseWords-3.31-511.el10.noarch
DEBUG util.py:461:  perl-base-2.27-512.2.el10_0.noarch
DEBUG util.py:461:  perl-mro-1.29-512.2.el10_0.x86_64
DEBUG util.py:461:  perl-IO-1.55-512.2.el10_0.x86_64
DEBUG util.py:461:  perl-overloading-0.02-512.2.el10_0.noarch
DEBUG util.py:461:  perl-Pod-Usage-2.03-511.el10.noarch
DEBUG util.py:461:  perl-Errno-1.38-512.2.el10_0.x86_64
DEBUG util.py:461:  perl-File-Basename-2.86-512.2.el10_0.noarch
DEBUG util.py:461:  perl-Getopt-Std-1.14-512.2.el10_0.noarch
DEBUG util.py:461:  perl-MIME-Base64-3.16-511.el10.x86_64
DEBUG util.py:461:  perl-Scalar-List-Utils-1.63-511.el10.x86_64
DEBUG util.py:461:  perl-constant-1.33-512.el10.noarch
DEBUG util.py:461:  perl-Storable-3.32-511.el10.x86_64
DEBUG util.py:461:  perl-overload-1.37-512.2.el10_0.noarch
DEBUG util.py:461:  perl-parent-0.241-512.el10.noarch
DEBUG util.py:461:  perl-vars-1.05-512.2.el10_0.noarch
DEBUG util.py:461:  perl-Getopt-Long-2.58-3.el10.noarch
DEBUG util.py:461:  perl-Carp-1.54-511.el10.noarch
DEBUG util.py:461:  perl-Exporter-5.78-511.el10.noarch
DEBUG util.py:461:  perl-PathTools-3.91-512.el10.x86_64
DEBUG util.py:461:  perl-DynaLoader-1.56-512.2.el10_0.x86_64
DEBUG util.py:461:  perl-Encode-3.21-511.el10.x86_64
DEBUG util.py:461:  perl-libs-5.40.2-512.2.el10_0.x86_64
DEBUG util.py:461:  perl-interpreter-5.40.2-512.2.el10_0.x86_64
DEBUG util.py:461:  perl-Error-0.17029-18.el10.noarch
DEBUG util.py:461:  perl-File-Find-1.44-512.2.el10_0.noarch
DEBUG util.py:461:  perl-TermReadKey-2.38-24.el10.x86_64
DEBUG util.py:461:  perl-lib-0.65-512.2.el10_0.x86_64
DEBUG util.py:461:  perl-Git-2.47.3-1.el10.noarch
DEBUG util.py:461:  git-2.47.3-1.el10.x86_64
DEBUG util.py:461:  efivar-libs-39-3.el10.x86_64
DEBUG util.py:461:  pesign-116-6.el10.x86_64
DEBUG util.py:461:  annobin-plugin-gcc-12.99-1.el10.x86_64
DEBUG util.py:461:  gcc-plugin-annobin-14.3.1-2.1.el10.x86_64
DEBUG util.py:461:  elfutils-libelf-devel-0.193-1.el10.rocky.0.1.x86_64
DEBUG util.py:461:  rocky-sb-certs-10.1-1.4.el10.noarch
DEBUG util.py:461:  openssl-devel-3.5.1-7.el10_1.x86_64
DEBUG util.py:461:  openssl-3.5.1-7.el10_1.x86_64
DEBUG util.py:461:  dos2unix-7.5.2-3.el10.x86_64
DEBUG util.py:608:  Child return code was: 0
DEBUG util.py:183:  kill orphans in chroot /var/lib/mock/rocky-10-x86_64/root
DEBUG util.py:183:  kill orphans in chroot /var/lib/mock/rocky-10-x86_64-bootstrap/root/var/lib/mock/rocky-10-x86_64/root
DEBUG util.py:634:  child environment: None
DEBUG util.py:556:  Executing command: ['/bin/umount', '-n', '-l', '/var/lib/mock/rocky-10-x86_64-bootstrap/root/var/lib/mock/rocky-10-x86_64/root'] with env {'TERM': 'vt100', 'SHELL': '/bin/sh', 'HOME': '/builddir', 'HOSTNAME': 'mock', 'PATH': '/usr/bin:/bin:/usr/sbin:/sbin', 'LANG': 'C.UTF-8'} and shell False
DEBUG util.py:608:  Child return code was: 0
DEBUG util.py:634:  child environment: None
DEBUG util.py:556:  Executing command: ['/bin/umount', '-n', '-l', '/var/lib/mock/rocky-10-x86_64-bootstrap/root/var/lib/mock/rocky-10-x86_64/root'] with env {'TERM': 'vt100', 'SHELL': '/bin/sh', 'HOME': '/builddir', 'HOSTNAME': 'mock', 'PATH': '/usr/bin:/bin:/usr/sbin:/sbin', 'LANG': 'C.UTF-8'} and shell False
DEBUG util.py:608:  Child return code was: 0
DEBUG file_util.py:18:  ensuring that dir exists: /var/lib/mock/rocky-10-x86_64-bootstrap/root/var/lib/mock/rocky-10-x86_64/root
DEBUG util.py:634:  child environment: None
DEBUG util.py:556:  Executing command: ['/bin/mount', '-n', '-t', 'tmpfs', '-o', 'private,mode=0755', 'tmpfs', '/var/lib/mock/rocky-10-x86_64-bootstrap/root/var/lib/mock/rocky-10-x86_64/root'] with env {'TERM': 'vt100', 'SHELL': '/bin/sh', 'HOME': '/builddir', 'HOSTNAME': 'mock', 'PATH': '/usr/bin:/bin:/usr/sbin:/sbin', 'LANG': 'C.UTF-8'} and shell False
DEBUG util.py:608:  Child return code was: 0
DEBUG file_util.py:18:  ensuring that dir exists: /var/lib/mock/rocky-10-x86_64-bootstrap/root/var/lib/mock/rocky-10-x86_64/root
DEBUG util.py:634:  child environment: None
DEBUG util.py:556:  Executing command: ['/bin/mount', '-n', '-o', 'rbind', '/var/lib/mock/rocky-10-x86_64/root', '/var/lib/mock/rocky-10-x86_64-bootstrap/root/var/lib/mock/rocky-10-x86_64/root'] with env {'TERM': 'vt100', 'SHELL': '/bin/sh', 'HOME': '/builddir', 'HOSTNAME': 'mock', 'PATH': '/usr/bin:/bin:/usr/sbin:/sbin', 'LANG': 'C.UTF-8'} and shell False
DEBUG util.py:608:  Child return code was: 0
DEBUG util.py:634:  child environment: None
DEBUG util.py:556:  Executing command: ['/bin/mount', '-n', '-o', 'remount,private,rbind', '--target', '/var/lib/mock/rocky-10-x86_64-bootstrap/root/var/lib/mock/rocky-10-x86_64/root'] with env {'TERM': 'vt100', 'SHELL': '/bin/sh', 'HOME': '/builddir', 'HOSTNAME': 'mock', 'PATH': '/usr/bin:/bin:/usr/sbin:/sbin', 'LANG': 'C.UTF-8'} and shell False
DEBUG util.py:608:  Child return code was: 0
DEBUG util.py:634:  child environment: None
DEBUG util.py:556:  Executing command: rpm -qa --root '/var/lib/mock/rocky-10-x86_64/root' --qf '%{nevra} %{buildtime} %{size} %{pkgid} installed\n' with env {'TERM': 'vt100', 'SHELL': '/bin/bash', 'HOME': '/builddir', 'HOSTNAME': 'mock', 'PATH': '/usr/bin:/bin:/usr/sbin:/sbin', 'PROMPT_COMMAND': 'printf "\\033]0;<mock-chroot>\\007"', 'PS1': '<mock-chroot> \\s-\\v\\$ ', 'LANG': 'C.UTF-8'} and shell True
DEBUG util.py:461:  gpg-pubkey-6fedfc85-682ae1a9 1747640745 0 (none) installed
DEBUG util.py:461:  libgcc-14.3.1-2.1.el10.x86_64 1750969701 277140 957ab1a28c891a984fa4a38545a3cc09 installed
DEBUG util.py:461:  rust-toolset-srpm-macros-1.88.0-1.el10.noarch 1752335835 2058 820bd3fa9440f04a3983070ee468e7a4 installed
DEBUG util.py:461:  qt6-srpm-macros-6.9.1-1.el10.noarch 1748832640 464 ac77e4101b0ac6e3e2839f9f3b14e4b5 installed
DEBUG util.py:461:  perl-srpm-macros-1-57.el10.noarch 1730311522 861 5483d3134901706882799d293ba68719 installed
DEBUG util.py:461:  package-notes-srpm-macros-0.5-13.el10.noarch 1730535092 1601 1d4f0026e71aabe54960eca01dfc069a installed
DEBUG util.py:461:  openblas-srpm-macros-2-19.el10.noarch 1730311344 112 55de7f206763a71b93bc1e96e4f313c3 installed
DEBUG util.py:461:  ocaml-srpm-macros-10-4.el10.noarch 1730311113 1959 d7e2c544bcb935ae95e9967ca190dad7 installed
DEBUG util.py:461:  kernel-srpm-macros-1.0-26.el10.noarch 1745435426 1957 549340ca87d5dab959ec1c0d2fc2576c installed
DEBUG util.py:461:  rocky-gpg-keys-10.1-1.4.el10.noarch 1767082676 3388 0896a68a53438db2ecd8bda9d97283d7 installed
DEBUG util.py:461:  rocky-release-10.1-1.4.el10.noarch 1767082676 30281 b3448f4688725d8ba577f43c17667d39 installed
DEBUG util.py:461:  rocky-repos-10.1-1.4.el10.noarch 1767082676 14710 bbab4b6b2bac8c862b0d57d211b28d2b installed
DEBUG util.py:461:  setup-2.14.5-7.el10.noarch 1744136047 737783 bd10d1953b3259d573632147e46a8f3a installed
DEBUG util.py:461:  filesystem-3.18-17.el10.x86_64 1747092794 106 552d70861ed11c20bcab843a7690d7c2 installed
DEBUG util.py:461:  basesystem-11-22.el10.noarch 1730351613 0 f639f42c26a100f241e61bf0c032466d installed
DEBUG util.py:461:  publicsuffix-list-dafsa-20240107-5.el10.noarch 1730628684 69171 25c1b5bc2cb4e6c7d1c0b36286a3972c installed
DEBUG util.py:461:  pkgconf-m4-2.1.0-3.el10.noarch 1730611635 14252 ba187e1b2839b43e030600d486713d0c installed
DEBUG util.py:461:  pcre2-syntax-10.44-1.el10.3.noarch 1730542992 257634 f20e8c0e1814454b5b086944c0d00276 installed
DEBUG util.py:461:  ncurses-base-6.4-14.20240127.el10.noarch 1730503781 334036 985f05de48b6bc4933085a7fbf64f746 installed
DEBUG util.py:461:  glibc-gconv-extra-2.39-58.el10_1.7.x86_64 1769512533 8164182 ab673dbc354230bb3104c57705843fc6 installed
DEBUG util.py:461:  glibc-minimal-langpack-2.39-58.el10_1.7.x86_64 1769512533 0 8add429f3a977c7cc3c32df30591c070 installed
DEBUG util.py:461:  glibc-common-2.39-58.el10_1.7.x86_64 1769512533 1072866 e24ceaba0f09e441ea0575f26bf13993 installed
DEBUG util.py:461:  glibc-2.39-58.el10_1.7.x86_64 1769512533 6533938 d7f56e2d5f906e9e2c213495fa5f7f41 installed
DEBUG util.py:461:  ncurses-libs-6.4-14.20240127.el10.x86_64 1730503781 990279 6fdd9655fc4a66faa7b86fb5acc22198 installed
DEBUG util.py:461:  bash-5.2.26-6.el10.x86_64 1730351771 8542584 6a1f83967a11e1f1956b22460574d650 installed
DEBUG util.py:461:  zlib-ng-compat-2.2.3-3.el10_1.x86_64 1770267619 140888 0921c2f8c19f322e8bf45c7d553522ac installed
DEBUG util.py:461:  bzip2-libs-1.0.8-25.el10.x86_64 1737115510 81060 f55bdf0a277fc3399deb6742ffc75f91 installed
DEBUG util.py:461:  xz-libs-1:5.6.2-4.el10_0.x86_64 1747639043 219435 78e2b47363e8fb18962ccef8fcfbcdf7 installed
DEBUG util.py:461:  readline-8.2-11.el10.x86_64 1730634488 500877 92060d56d63334a37ffd4b4cedad8295 installed
DEBUG util.py:461:  libstdc++-14.3.1-2.1.el10.x86_64 1750969701 2974305 0888877c78cfeb1d1951dc09c7274d85 installed
DEBUG util.py:461:  libuuid-2.40.2-15.el10_1.x86_64 1770040990 38213 08d41f71c6c090e8557aabec480b8fc6 installed
DEBUG util.py:461:  popt-1.19-8.el10.x86_64 1730618867 140130 7576f6c1b5ef58723e4a56f7c8bb8e1b installed
DEBUG util.py:461:  libblkid-2.40.2-15.el10_1.x86_64 1770040990 268690 3d4318f00134effa11f64b157f4b17c0 installed
DEBUG util.py:461:  gmp-1:6.2.1-12.el10.x86_64 1750279767 829840 36aaa6a9b5aca28abd750b494e35a736 installed
DEBUG util.py:461:  libattr-2.5.2-5.el10.x86_64 1730347182 29173 24c11de732caa3170c42aeef29e24d66 installed
DEBUG util.py:461:  libacl-2.3.2-4.el10.x86_64 1730330316 40954 f6edb39db4819c1debe18115e650da00 installed
DEBUG util.py:461:  libxcrypt-4.4.36-10.el10.x86_64 1730526570 273229 6cf5f3a11d0640dae7db6b2dc092f926 installed
DEBUG util.py:461:  libzstd-1.5.5-9.el10.x86_64 1730709556 749302 1662c25866de78e0a7d41ae556191241 installed
DEBUG util.py:461:  elfutils-libelf-0.193-1.el10.rocky.0.1.x86_64 1764723049 1220576 d3d9335235449c718f3407010c445e30 installed
DEBUG util.py:461:  crypto-policies-20250905-2.gitc7eb7b2.el10_1.1.noarch 1770256628 122169 c8d793f515fdc53c0f02e2079a6a5c92 installed
DEBUG util.py:461:  gdbm-libs-1:1.23-13.el10.x86_64 1751300957 124794 079c2bf46d5bd93eace16ac8579e7220 installed
DEBUG util.py:461:  libeconf-0.6.2-4.el10.x86_64 1730459824 59376 ae1e773dd3c05aadcb02f4c3c4328f1d installed
DEBUG util.py:461:  dwz-0.16-1.el10.x86_64 1751761182 301860 cfa192e99ef76f4fc5e19890d4d50bed installed
DEBUG util.py:461:  mpfr-4.2.1-5.el10.x86_64 1730498444 847869 ede0613ffe33407108aee36468f88141 installed
DEBUG util.py:461:  gawk-5.3.0-6.el10.x86_64 1730396799 1799405 9f2ae2dd8a59f7a7744be585c590450e installed
DEBUG util.py:461:  unzip-6.0-69.el10.x86_64 1744960136 407827 395515e21741e50db606f22abedb9181 installed
DEBUG util.py:461:  file-libs-5.45-8.el10.x86_64 1744065058 10414622 73d710d207ac4691c890dd7be5de811b installed
DEBUG util.py:461:  file-5.45-8.el10.x86_64 1744065058 105815 c371915019fd292efb74cef7250eacff installed
DEBUG util.py:461:  alternatives-1.30-2.el10.x86_64 1730367980 67913 4ad3f0d43f89b279fe8908109cf3116a installed
DEBUG util.py:461:  jansson-2.14-3.el10.x86_64 1730428810 91245 a101dfaefe53ad8dfa9d5fbd98adb3e5 installed
DEBUG util.py:461:  libcap-ng-0.8.4-6.el10.x86_64 1730453328 74899 ce71a16f7bec7302921888f0e3a985ec installed
DEBUG util.py:461:  audit-libs-4.0.3-4.el10.x86_64 1744410838 371825 fddb8e247543d921ab1808324b32e70c installed
DEBUG util.py:461:  pam-libs-1.6.1-8.el10.x86_64 1751391345 137903 45ab3ddad0472761c90d1eac2264e61e installed
DEBUG util.py:461:  libcap-2.69-7.el10.x86_64 1730452857 229007 f05781f54aa7bee82b70846c08e6b9e9 installed
DEBUG util.py:461:  systemd-libs-257-13.el10.rocky.0.1.x86_64 1761890718 2403202 7d44f36fc5a431d9f616a1fb0a7ee664 installed
DEBUG util.py:461:  libffi-3.4.4-10.el10.x86_64 1747297546 87536 0e95a8817f9ef290b6ec14c1115dbab1 installed
DEBUG util.py:461:  libsepol-3.9-1.el10.x86_64 1753319348 853747 b54cffa05d19088714f1d6b1fc946bba installed
DEBUG util.py:461:  libsmartcols-2.40.2-15.el10_1.x86_64 1770040990 184578 0b13a4e1b2b8a6192454218ddbecd6ef installed
DEBUG util.py:461:  libtasn1-4.20.0-1.el10.x86_64 1739824850 184603 877eb8f1d63cac3fe9fa620ee4d7cc30 installed
DEBUG util.py:461:  libunistring-1.1-10.el10.x86_64 1730518720 1812853 e3f14c5e5e3c76993320986128077293 installed
DEBUG util.py:461:  libidn2-2.3.7-3.el10.x86_64 1730474810 336954 d1a23edfc368ab3334ce5712327e8332 installed
DEBUG util.py:461:  lua-libs-5.4.6-7.el10.x86_64 1730453555 283675 86a9c6b2c198c135d2fd91954d001223 installed
DEBUG util.py:461:  lz4-libs-1.9.4-8.el10.x86_64 1730455834 140659 15348006735c1cf08cdb091c6a8efe84 installed
DEBUG util.py:461:  pcre2-10.44-1.el10.3.x86_64 1730542992 681418 875de1d11c115fbdbf68064918d04f6f installed
DEBUG util.py:461:  libselinux-3.9-1.el10.x86_64 1753431936 201773 d3db04004c3b9eeb9a17bd15b8c1d249 installed
DEBUG util.py:461:  sed-4.9-3.el10.x86_64 1730659778 878057 d79b29ae9f4479bb4357569f5f9223cd installed
DEBUG util.py:461:  findutils-1:4.10.0-5.el10.x86_64 1730405394 1942967 35ced854c23b6d8d755ac578d4d89286 installed
DEBUG util.py:461:  grep-3.11-10.el10.x86_64 1730439304 1038114 b8d9e3d5410b613992593a6259fa80e8 installed
DEBUG util.py:461:  xz-1:5.6.2-4.el10_0.x86_64 1747639043 1244800 c758e3909f1e7ae20624eeb813c40a17 installed
DEBUG util.py:461:  libmount-2.40.2-15.el10_1.x86_64 1770040990 360122 f21e75401a0b1432c6c76180e2d6c9bf installed
DEBUG util.py:461:  util-linux-core-2.40.2-15.el10_1.x86_64 1770040990 1534785 314d3ae349f4eba5c78c09528a8056a4 installed
DEBUG util.py:461:  libsemanage-3.9-1.el10.x86_64 1753434136 319451 4e02afa00b0caf6777ff151312fae3db installed
DEBUG util.py:461:  shadow-utils-2:4.15.0-8.el10.x86_64 1754511808 4282197 6c7398947d628773fb783a74bc93c985 installed
DEBUG util.py:461:  libutempter-1.2.1-15.el10.x86_64 1730520277 59089 90d10096251ce5fb6fca3d140faa5af8 installed
DEBUG util.py:461:  tar-2:1.35-9.el10_1.x86_64 1766425698 3101639 99320d852dc0e309332a5406461bee7c installed
DEBUG util.py:461:  zstd-1.5.5-9.el10.x86_64 1730709556 1632301 bce003d026a22d30778ddaf82e04dea9 installed
DEBUG util.py:461:  libpsl-0.21.5-6.el10.x86_64 1730500913 82456 dd14dc1cdccb3e62244e98c18a6f7e80 installed
DEBUG util.py:461:  p11-kit-0.25.5-7.el10.x86_64 1730495335 2274501 dbf299f630e548ea34601f301ea82b5e installed
DEBUG util.py:461:  p11-kit-trust-0.25.5-7.el10.x86_64 1730495335 408972 6d4a82e6b3817169bd62f90d13e0f55e installed
DEBUG util.py:461:  zip-3.0-45.el10.x86_64 1751492156 730233 c2de0073797977fe74f3121c51c0ee56 installed
DEBUG util.py:461:  cyrus-sasl-lib-2.1.28-29.el10.x86_64 1760056774 728438 fc6449778a68df87b8cc2c16df1afed5 installed
DEBUG util.py:461:  gdbm-1:1.23-13.el10.x86_64 1751300957 475479 f561926cdca54681930aca2736922e0b installed
DEBUG util.py:461:  libfdisk-2.40.2-15.el10_1.x86_64 1770040990 371474 4df60f2e366b4a1d1788e9394d118ddf installed
DEBUG util.py:461:  libxml2-2.12.5-9.el10_0.x86_64 1754577913 1811883 189224c8482c1977a2848e280197e3f2 installed
DEBUG util.py:461:  bzip2-1.0.8-25.el10.x86_64 1737115510 95093 5d52e74b5ee03a8f05dd5146fe8f395d installed
DEBUG util.py:461:  sqlite-libs-3.46.1-5.el10_1.x86_64 1760225545 1575712 8792a12d3a2620d3c1023cd16ed5d24f installed
DEBUG util.py:461:  ed-1.20-5.el10.x86_64 1730389526 149884 65019517e5b9b4d71f08bab5643cc005 installed
DEBUG util.py:461:  patch-2.7.6-26.el10.x86_64 1730539217 273114 7d6fbee5aed1c52ee7f099ea4a725212 installed
DEBUG util.py:461:  elfutils-default-yama-scope-0.193-1.el10.rocky.0.1.noarch 1764723049 1810 3fd3b29779138aa1115c7d6c29fc54c6 installed
DEBUG util.py:461:  cpio-2.15-3.el10.x86_64 1730378075 1146576 ef11b88acab9d5c17253dc08595910d3 installed
DEBUG util.py:461:  diffutils-3.10-8.el10.x86_64 1730373591 1657994 766ff9643395048cb8933d98bba807c3 installed
DEBUG util.py:461:  json-c-0.18-3.el10.x86_64 1730920503 84530 4b619648ff220cf347dd520a80feac16 installed
DEBUG util.py:461:  keyutils-libs-1.6.3-5.el10.x86_64 1730430713 55667 d9aca9205e17eb4b42d4ed5e9a0b862e installed
DEBUG util.py:461:  libbrotli-1.1.0-7.el10_1.x86_64 1766401717 865514 bf7d75984a11fe8edd64959db34a8de1 installed
DEBUG util.py:461:  libcom_err-1.47.1-4.el10.x86_64 1750881868 68697 e0c93dfdd2f647479824dbcfdb702470 installed
DEBUG util.py:461:  libgomp-14.3.1-2.1.el10.x86_64 1750969701 540248 d14c0f01ad15e72605331ca120d48bf9 installed
DEBUG util.py:461:  libnghttp2-1.64.0-2.el10.x86_64 1730509500 174188 415f25c9ae7cd95e00663c94a44b6665 installed
DEBUG util.py:461:  libpkgconf-2.1.0-3.el10.x86_64 1730611635 80073 a14f493f20b3767f43b5f50fe3b5233d installed
DEBUG util.py:461:  pkgconf-2.1.0-3.el10.x86_64 1730611635 84378 d2f4ca14e7fd8fadd63ee89b7b7abf72 installed
DEBUG util.py:461:  pkgconf-pkg-config-2.1.0-3.el10.x86_64 1730611635 989 5f88ff3a5061d06d72a249d290c066d6 installed
DEBUG util.py:461:  libverto-0.3.2-10.el10.x86_64 1730521559 30157 ac218ff2d3570552441ee8bae91a497a installed
DEBUG util.py:461:  libssh-config-0.11.1-5.el10_1.noarch 1766001077 277 cad1ed8f1d39f5f3da6bf01829b36aa2 installed
DEBUG util.py:461:  coreutils-common-9.5-6.el10.x86_64 1732645278 11696153 651cc18a5a555abe105926aef6d07381 installed
DEBUG util.py:461:  openssl-fips-provider-1:3.5.1-7.el10_1.x86_64 1769629776 2493194 4ae2cd77f650d2dbd600538c3ef805bc installed
DEBUG util.py:461:  openssl-libs-1:3.5.1-7.el10_1.x86_64 1769629776 6874691 0657eb48a898c8e5c88171f9c2351a7a installed
DEBUG util.py:461:  coreutils-9.5-6.el10.x86_64 1732645278 5781370 4f9dbd0e543cfe28d32e799885611f2a installed
DEBUG util.py:461:  ca-certificates-2025.2.80_v9.0.305-102.el10.noarch 1761849800 2801276 57418c452a9d8c0e554b16cd6f7a31da installed
DEBUG util.py:461:  authselect-libs-1.5.0-8.el10.x86_64 1730348415 820118 627ff0bae6899e696ba4381a73de9a79 installed
DEBUG util.py:461:  gzip-1.13-3.el10.x86_64 1730449477 402458 25c36b8334f84e13895dbd689840e431 installed
DEBUG util.py:461:  cracklib-2.9.11-8.el10.x86_64 1730378663 245085 132fa32e07cf06f2b802ffda2aea1c97 installed
DEBUG util.py:461:  krb5-libs-1.21.3-8.el10_0.x86_64 1750797268 2429165 535b1b7464df8c19aa770f9c9088b721 installed
DEBUG util.py:461:  libarchive-3.7.7-4.el10_0.x86_64 1755700868 957122 e516e8871ca268ff9049fffc71f05495 installed
DEBUG util.py:461:  libssh-0.11.1-5.el10_1.x86_64 1766001077 587275 c89dcb40fef214c060cfc8d170cd8ad3 installed
DEBUG util.py:461:  cracklib-dicts-2.9.11-8.el10.x86_64 1730378663 9815811 9c0c5055046efb35d889b1f9de980c94 installed
DEBUG util.py:461:  libpwquality-1.4.5-12.el10.x86_64 1730501272 427730 071845f0c8366290bc691ab956657509 installed
DEBUG util.py:461:  pam-1.6.1-8.el10.x86_64 1751391345 1840377 80f10d6d1582905da1ecd18fdc04bd0c installed
DEBUG util.py:461:  libevent-2.1.12-16.el10.x86_64 1730463363 917042 890fe9a4c157449e78b9d3ae1c30466f installed
DEBUG util.py:461:  openldap-2.6.9-1.el10.x86_64 1755107245 526418 506dfe6819cf625e1f46c922299fb605 installed
DEBUG util.py:461:  libcurl-8.12.1-2.el10_1.2.x86_64 1770252421 858278 61e91da4287e6b8ec36b11d86098a658 installed
DEBUG util.py:461:  elfutils-libs-0.193-1.el10.rocky.0.1.x86_64 1764723049 702925 e92d75f60b0644ec24d5523f88fa68d7 installed
DEBUG util.py:461:  elfutils-debuginfod-client-0.193-1.el10.rocky.0.1.x86_64 1764723049 81794 8c2395c83a85d0bcb7a9aaa72f9e015b installed
DEBUG util.py:461:  binutils-gold-2.41-58.el10_1.2.x86_64 1766087771 2181435 c7243ac9390bafd364d3ed930acc9ea8 installed
DEBUG util.py:461:  binutils-2.41-58.el10_1.2.x86_64 1766087771 27869108 d47722e73a06178669ea7211102bba2f installed
DEBUG util.py:461:  elfutils-0.193-1.el10.rocky.0.1.x86_64 1764723049 3086926 dee5b0d7deb19afba265e0fe99609929 installed
DEBUG util.py:461:  gdb-minimal-16.3-2.el10.x86_64 1748989745 13817409 662b74ebf3ff12e2174c9dc7fda91086 installed
DEBUG util.py:461:  debugedit-5.1-8.el10.x86_64 1750618410 205415 424add007742390e2cab652c0aa219b7 installed
DEBUG util.py:461:  curl-8.12.1-2.el10_1.2.x86_64 1770252421 457280 6e04d87565cf051076c60be4382b8cce installed
DEBUG util.py:461:  rpm-sequoia-1.9.0.3-1.el10_1.x86_64 1760225794 2697774 93036b16031d02396f8a949a24411329 installed
DEBUG util.py:461:  rpm-libs-4.19.1.1-20.el10.x86_64 1756264080 743080 49e21bf5b028f145987c270a05c82431 installed
DEBUG util.py:461:  rpm-4.19.1.1-20.el10.x86_64 1756264080 3100884 15f1365ed1b365fccf821bde96192986 installed
DEBUG util.py:461:  efi-srpm-macros-6-7.el10.noarch 1743232233 41099 48ffbcf8f75a8e76ff4f54e66191f54c installed
DEBUG util.py:461:  lua-srpm-macros-1-15.el10.noarch 1730310946 1367 b810d9a2a5992c673e80f37831576339 installed
DEBUG util.py:461:  rpm-build-libs-4.19.1.1-20.el10.x86_64 1756264080 198960 3d6cde0cd0b8cf1e03b9c9ff185c61ad installed
DEBUG util.py:461:  fonts-srpm-macros-1:2.0.5-18.el10.noarch 1730310158 57184 b009731255d15869020ab8520186bd6a installed
DEBUG util.py:461:  forge-srpm-macros-0.4.0-6.el10.noarch 1734581518 39882 010f5099473df54eeb0caff10590efa1 installed
DEBUG util.py:461:  go-srpm-macros-3.6.0-7.el10_1.noarch 1772566088 61920 7c4a9b0cfc4028d2bfc83478dc59c9ee installed
DEBUG util.py:461:  python-srpm-macros-3.12-10.el10.noarch 1744859685 52539 67e92e3ad21f61453efb8bc8f7f32f22 installed
DEBUG util.py:461:  redhat-rpm-config-293-1.el10.rocky.0.2.noarch 1766523475 184127 67886e35568e29dee47e3bf6430b5e4c installed
DEBUG util.py:461:  rpm-build-4.19.1.1-20.el10.x86_64 1756264080 176781 bbbfbb1435faab9848915a6d822d9b0e installed
DEBUG util.py:461:  pyproject-srpm-macros-1.16.2-1.el10.noarch 1731611381 1952 79051a4921aae8a55f6436720aeefde5 installed
DEBUG util.py:461:  util-linux-2.40.2-15.el10_1.x86_64 1770040990 3885234 c3f52e98a879270d4f252091402ef998 installed
DEBUG util.py:461:  authselect-1.5.0-8.el10.x86_64 1730348415 160745 bf4c66c0a64028f3ba855f98275dad3e installed
DEBUG util.py:461:  which-2.21-44.el10_0.x86_64 1754463282 81642 6b15f18aaacb8a79a8de60eefeecb858 installed
DEBUG util.py:461:  info-7.1-6.el10.x86_64 1733283077 370090 4e3b0662a43abf8814ee6c1bbd86ac42 installed
DEBUG util.py:461:  nspr-4.36.0-4.el10_0.x86_64 1757493766 309520 bc0cc47b39624adb51ff10c2a58d7457 installed
DEBUG util.py:461:  nss-util-3.112.0-4.el10_0.x86_64 1757493766 213736 0c443bd1d0abac263b538cc1e6c3f7b6 installed
DEBUG util.py:461:  libmpc-1.3.1-7.el10.x86_64 1730486638 164516 15ebc1bb25409862a4f201f03b172686 installed
DEBUG util.py:461:  expat-2.7.1-1.el10_0.3.x86_64 1762182573 310044 16d9d200abd4e39e5eb27cdc72d1a5a3 installed
DEBUG util.py:461:  cpp-14.3.1-2.1.el10.x86_64 1750969701 40400041 9f05a182a89a08a1d1149612daa2d462 installed
DEBUG util.py:461:  nss-softokn-freebl-3.112.0-4.el10_0.x86_64 1757493766 1076446 f7e8c18c7ba6f82565d1673ac04848a0 installed
DEBUG util.py:461:  nss-softokn-3.112.0-4.el10_0.x86_64 1757493766 1324243 74d15e697650f48f4492b3d9e3c60433 installed
DEBUG util.py:461:  nss-3.112.0-4.el10_0.x86_64 1757493766 1985816 96d03d5de85745558b7c58998155a306 installed
DEBUG util.py:461:  nss-sysinit-3.112.0-4.el10_0.x86_64 1757493766 18466 0817ead48d4669bedb8d768a8b7cd84e installed
DEBUG util.py:461:  nss-tools-3.112.0-4.el10_0.x86_64 1757493766 1400736 e849ca4df3f44f82a72d0df9c38a4f17 installed
DEBUG util.py:461:  libzstd-devel-1.5.5-9.el10.x86_64 1730709556 202817 15b846e697f23894b8f4bcfebc4cef57 installed
DEBUG util.py:461:  kernel-headers-6.12.0-124.40.1.el10_1.x86_64 1772553159 6904656 3eb005e096f3c5b65ae1473fe42d9412 installed
DEBUG util.py:461:  libxcrypt-devel-4.4.36-10.el10.x86_64 1730526570 30995 066cc358957eaa6d14dafb553eafdace installed
DEBUG util.py:461:  glibc-devel-2.39-58.el10_1.7.x86_64 1769512533 2340839 3dc23f38661868e1453e40a0205fbec0 installed
DEBUG util.py:461:  cmake-filesystem-3.30.5-3.el10_0.x86_64 1750798533 0 643f53a0c4f9bfe59347066b5fbd5ff8 installed
DEBUG util.py:461:  zlib-ng-compat-devel-2.2.3-3.el10_1.x86_64 1770267619 109541 605d31152a13e04407db89aea950c282 installed
DEBUG util.py:461:  annobin-docs-12.99-1.el10.noarch 1754588615 101309 3659aee5bf5876f00cf0797a43d19f4c installed
DEBUG util.py:461:  tzdata-2025c-1.el10.noarch 1765539339 1914371 7baf3b74c7eafa8de3e8066214b869ec installed
DEBUG util.py:461:  python3-pip-wheel-23.3.2-7.el10.noarch 1730585294 1600290 1d7d46002935062a3cb156aece144822 installed
DEBUG util.py:461:  openssh-9.9p1-12.el10_1.rocky.0.1.x86_64 1766524005 1452251 deddcb13323c1fd311ff8f3265ddd947 installed
DEBUG util.py:461:  ncurses-6.4-14.20240127.el10.x86_64 1730503781 639882 aabc8488752024b4e36b3a44a851d5fc installed
DEBUG util.py:461:  mpdecimal-2.5.1-12.el10.x86_64 1730497996 205695 1cf7beb91d0d246f2f98af8c5547a10d installed
DEBUG util.py:461:  python3-3.12.12-3.el10_1.x86_64 1768853575 32122 e324e664e17d92d0eddd69f3303f559b installed
DEBUG util.py:461:  python3-libs-3.12.12-3.el10_1.x86_64 1768853575 43652669 ea0d1d373b0f0dbb9f89b25b17525d40 installed
DEBUG util.py:461:  make-1:4.4.1-9.el10.x86_64 1731088323 1880247 44229f86cc81a0f5afa11bf9cc13523a installed
DEBUG util.py:461:  gcc-14.3.1-2.1.el10.x86_64 1750969701 114753026 641889d74937992fd8406ebf89acd42d installed
DEBUG util.py:461:  libedit-3.1-52.20230828cvs.el10.x86_64 1730460518 249718 29d9654aecff8f380dfa6422716e5fbf installed
DEBUG util.py:461:  libcbor-0.11.0-3.el10.x86_64 1730453666 75663 092bb53eeb700e4b0db89a48e2d72683 installed
DEBUG util.py:461:  libfido2-1.14.0-7.el10.x86_64 1730465585 243444 a7be57941c35781eea4cf2cc14367b86 installed
DEBUG util.py:461:  openssh-clients-9.9p1-12.el10_1.rocky.0.1.x86_64 1766524005 2756662 02fa9c094f71ef3caa8bae9ee0261983 installed
DEBUG util.py:461:  less-661-3.el10.x86_64 1730437962 410901 32d2d5dbbf20b7e334716f1348f2bd5f installed
DEBUG util.py:461:  git-core-2.47.3-1.el10.x86_64 1752177625 23581203 54243ab16be84b7e4b58c3c30d1553f1 installed
DEBUG util.py:461:  git-core-doc-2.47.3-1.el10.noarch 1752177625 15253907 d8e5e91c08200ea518ab1a6307c338fe installed
DEBUG util.py:461:  groff-base-1.23.0-10.el10.x86_64 1730439561 4034790 12a38350e19b6d37c57fec18366830e2 installed
DEBUG util.py:461:  perl-Digest-1.20-511.el10.noarch 1730556235 36060 2313976f0aa0c291bc6d7752d1e82738 installed
DEBUG util.py:461:  perl-Digest-MD5-2.59-6.el10.x86_64 1730556811 61168 0532b5a983144403d8b147dd9f5c2790 installed
DEBUG util.py:461:  perl-B-0:1.89-512.2.el10_0.x86_64 1753812014 509884 d0c2bc43f1a5ac6a2764b54d8d94b4e5 installed
DEBUG util.py:461:  perl-FileHandle-0:2.05-512.2.el10_0.noarch 1753812014 9568 9a264f0ffc2cfb7ad97f269713b1179a installed
DEBUG util.py:461:  perl-Data-Dumper-2.189-512.el10.x86_64 1730553144 114342 566b9cad50b482d1c094c11d50b9753d installed
DEBUG util.py:461:  perl-libnet-3.15-512.el10.noarch 1730605008 295890 6b088c2c05c93fa850b34665ac650542 installed
DEBUG util.py:461:  perl-AutoLoader-0:5.74-512.2.el10_0.noarch 1753812014 21029 a565a24a1d9234d279a9d3124300d7e6 installed
DEBUG util.py:461:  perl-URI-5.27-3.el10.noarch 1730598065 245507 b23395d540526acf3d67237c7565d187 installed
DEBUG util.py:461:  perl-Text-Tabs+Wrap-2024.001-511.el10.noarch 1730595542 23045 98842f926dd9d871e770c17c96552796 installed
DEBUG util.py:461:  perl-Mozilla-CA-20231213-5.el10.noarch 1730579065 9370 a19c009c5f8ae9629921337f8a30cd74 installed
DEBUG util.py:461:  perl-if-0:0.61.000-512.2.el10_0.noarch 1753812014 5948 e9cd30ad3e408a64006dd42faf7da2ee installed
DEBUG util.py:461:  perl-locale-0:1.12-512.2.el10_0.noarch 1753812014 6653 6a57ab8ae8150b75cd8ebee4f910f70b installed
DEBUG util.py:461:  perl-IO-Socket-IP-0.42-512.el10.noarch 1730567896 100992 402e96a5097cff6252d7b9e2226c02b0 installed
DEBUG util.py:461:  perl-Time-Local-2:1.350-511.el10.noarch 1730596995 70554 7c2228267ba2d004ca0d6f354726acdd installed
DEBUG util.py:461:  perl-File-Path-2.18-511.el10.noarch 1730562067 65002 2abb807a71a02d17d699ae4d2f657f5d installed
DEBUG util.py:461:  perl-IO-Socket-SSL-2.085-3.el10.noarch 1730568089 701396 d53c44db641cc43681c4e37ecabf9185 installed
DEBUG util.py:461:  perl-Net-SSLeay-1.94-8.el10.x86_64 1747840452 1412004 119c38d85158ba61e772cdfef44a5108 installed
DEBUG util.py:461:  perl-Pod-Escapes-1:1.07-511.el10.noarch 1730583719 25476 89ffb5110fdd3dade52d62be060a485b installed
DEBUG util.py:461:  perl-Class-Struct-0:0.68-512.2.el10_0.noarch 1753812014 25968 29f5d147b2dada0318fd7368d6ecc8ad installed
DEBUG util.py:461:  perl-Term-ANSIColor-5.01-512.el10.noarch 1730589482 99820 14e02ced865904767e9e1f2741471f28 installed
DEBUG util.py:461:  perl-POSIX-0:2.20-512.2.el10_0.x86_64 1753812014 236585 6ca542686e8367a8cb5ea5ca9195f360 installed
DEBUG util.py:461:  perl-IPC-Open3-0:1.22-512.2.el10_0.noarch 1753812014 22995 ac1a3bcc4a957699b62163520edd64a6 installed
DEBUG util.py:461:  perl-File-Temp-1:0.231.100-512.el10.noarch 1730563220 166172 b09a2b30b7aca30c0ad5dc81052835b4 installed
DEBUG util.py:461:  perl-HTTP-Tiny-0.088-512.el10.noarch 1730566369 155788 b49b52b7060a2e60fa3a9d15c0eb649c installed
DEBUG util.py:461:  perl-Term-Cap-1.18-511.el10.noarch 1730589665 29958 11b1258d2ed893e8effb44f9901e4f24 installed
DEBUG util.py:461:  perl-Pod-Simple-1:3.45-511.el10.noarch 1730584491 573280 efbad5cfe8569920c89effa35efcde39 installed
DEBUG util.py:461:  perl-Socket-4:2.038-511.el10.x86_64 1730585976 126969 df3a2527095ee0c34e180b3858833a30 installed
DEBUG util.py:461:  perl-SelectSaver-0:1.02-512.2.el10_0.noarch 1753812014 2220 6620e5da7911de1123957324ce66429c installed
DEBUG util.py:461:  perl-Symbol-0:1.09-512.2.el10_0.noarch 1753812014 6976 ad720728957fb164b84c2fd9cb0d4353 installed
DEBUG util.py:461:  perl-File-stat-0:1.14-512.2.el10_0.noarch 1753812014 12808 a23f47bf6ae01bc3d54e4f4f0739a330 installed
DEBUG util.py:461:  perl-podlators-1:5.01-511.el10.noarch 1730605941 315477 9b6286ac2a2479b5a3ad5be78b37007c installed
DEBUG util.py:461:  perl-Pod-Perldoc-3.28.01-512.el10.noarch 1730584260 166972 7280ddf0a474ecd71b46ad39dc16d8cb installed
DEBUG util.py:461:  perl-Fcntl-0:1.18-512.2.el10_0.x86_64 1753812014 45991 614a11ff9795a9eec88daf6846e9a40f installed
DEBUG util.py:461:  perl-Text-ParseWords-3.31-511.el10.noarch 1730595056 13839 edcfaf84b6c37bdf6850421d870eece7 installed
DEBUG util.py:461:  perl-base-0:2.27-512.2.el10_0.noarch 1753812014 12844 01765c71df621d960f10555a437995ae installed
DEBUG util.py:461:  perl-mro-0:1.29-512.2.el10_0.x86_64 1753812014 46620 771b813a3966c75768dbaf1f141032b7 installed
DEBUG util.py:461:  perl-IO-0:1.55-512.2.el10_0.x86_64 1753812014 154599 7aeee635a788123c513c02eb8e624248 installed
DEBUG util.py:461:  perl-overloading-0:0.02-512.2.el10_0.noarch 1753812014 4961 03904e6d7d1dda77467700d829f96923 installed
DEBUG util.py:461:  perl-Pod-Usage-4:2.03-511.el10.noarch 1730584688 86712 f3245ac97e48008841a27c360835be5d installed
DEBUG util.py:461:  perl-Errno-0:1.38-512.2.el10_0.x86_64 1753812014 8531 a298b84da1e1c4bb38bc1d0585adfebb installed
DEBUG util.py:461:  perl-File-Basename-0:2.86-512.2.el10_0.noarch 1753812014 14342 1c4a08484c9308d860de111b74f77e98 installed
DEBUG util.py:461:  perl-Getopt-Std-0:1.14-512.2.el10_0.noarch 1753812014 11449 8d884877dcfa3fbca11710e491371929 installed
DEBUG util.py:461:  perl-MIME-Base64-3.16-511.el10.x86_64 1730573339 47172 798cf7c6c871ea140a0cba3ef6af4718 installed
DEBUG util.py:461:  perl-Scalar-List-Utils-5:1.63-511.el10.x86_64 1730585587 148958 8b53fa99c25489f50ec8318ac438dfaa installed
DEBUG util.py:461:  perl-constant-1.33-512.el10.noarch 1730603665 26840 6c8c53f1d929af88e61c3f711bc03bed installed
DEBUG util.py:461:  perl-Storable-1:3.32-511.el10.x86_64 1730586885 242018 fbd391bb7fd1165b9e526a43bd9579e6 installed
DEBUG util.py:461:  perl-overload-0:1.37-512.2.el10_0.noarch 1753812014 73252 ae886c3a3353e1cd843253d4e6942e38 installed
DEBUG util.py:461:  perl-parent-1:0.241-512.el10.noarch 1730605578 9959 a1149d0afb62b1c1dbabb4f22a65745e installed
DEBUG util.py:461:  perl-vars-0:1.05-512.2.el10_0.noarch 1753812014 3960 1f26c0a06253cab3d50380e13f2caf33 installed
DEBUG util.py:461:  perl-Getopt-Long-1:2.58-3.el10.noarch 1730564674 147853 6a2a790e9cf187b467f0dbc090cfe6b4 installed
DEBUG util.py:461:  perl-Carp-1.54-511.el10.noarch 1730548126 47652 c700c7f18468f990e19af06a067c9d5d installed
DEBUG util.py:461:  perl-Exporter-5.78-511.el10.noarch 1730558526 55539 4ce003f76314c74381222012354a8d22 installed
DEBUG util.py:461:  perl-PathTools-3.91-512.el10.x86_64 1737677509 179827 d159c26da6fcef1dd9a126943b469be8 installed
DEBUG util.py:461:  perl-DynaLoader-0:1.56-512.2.el10_0.x86_64 1753812014 32841 92583abf231d612772f8acb545be732a installed
DEBUG util.py:461:  perl-Encode-4:3.21-511.el10.x86_64 1730557409 4931658 e54c24dac4647d0bdc569d57e58b8f65 installed
DEBUG util.py:461:  perl-libs-4:5.40.2-512.2.el10_0.x86_64 1753812014 10261462 ea7e396b8c635c9fa71d6e899a86e392 installed
DEBUG util.py:461:  perl-interpreter-4:5.40.2-512.2.el10_0.x86_64 1753812014 125194 517ca7eb10d92286ab70c089c7aed277 installed
DEBUG util.py:461:  perl-Error-1:0.17029-18.el10.noarch 1730558347 79070 c8a13be144a899a4886d1df7d11c58d6 installed
DEBUG util.py:461:  perl-File-Find-0:1.44-512.2.el10_0.noarch 1753812014 42951 15b9fb233e6c019db50e5069cf07a7b4 installed
DEBUG util.py:461:  perl-TermReadKey-2.38-24.el10.x86_64 1730590449 65582 d1789969aa3163206175f6852fffda85 installed
DEBUG util.py:461:  perl-lib-0:0.65-512.2.el10_0.x86_64 1753812014 8710 39f757b75ce9c1f0520b5442ec5f568f installed
DEBUG util.py:461:  perl-Git-2.47.3-1.el10.noarch 1752177625 65474 9f599b801e6594cd7a1c279d2e66e247 installed
DEBUG util.py:461:  git-2.47.3-1.el10.x86_64 1752177625 87295 69901dd58e52dce9a7d3dbc07053fe64 installed
DEBUG util.py:461:  efivar-libs-39-3.el10.x86_64 1730390989 389098 934b060abe31891d7039f5706e898a2f installed
DEBUG util.py:461:  pesign-116-6.el10.x86_64 1730607179 890254 2946a1cb11f6c5828f5774b6edbdae1c installed
DEBUG util.py:461:  annobin-plugin-gcc-12.99-1.el10.x86_64 1754588615 1035605 2cdf60a80bdc156b46b9f37c66a07297 installed
DEBUG util.py:461:  gcc-plugin-annobin-14.3.1-2.1.el10.x86_64 1750969701 57978 8e226bd1c2ce1843fca73fdb1a1845e1 installed
DEBUG util.py:461:  elfutils-libelf-devel-0.193-1.el10.rocky.0.1.x86_64 1764723049 51150 b91a91fcd60e0d5f6603ca4c025b56d1 installed
DEBUG util.py:461:  rocky-sb-certs-10.1-1.4.el10.noarch 1767082676 48581 8a635a16950c47a4adcd8950d54e32e3 installed
DEBUG util.py:461:  openssl-devel-1:3.5.1-7.el10_1.x86_64 1769629776 4817123 ce844c3e3cbf520f9c4270a7787e40b4 installed
DEBUG util.py:461:  openssl-1:3.5.1-7.el10_1.x86_64 1769629776 1903645 3c7d8353565723ffe03b0c11fd646fa7 installed
DEBUG util.py:461:  dos2unix-7.5.2-3.el10.x86_64 1730377163 851756 f645439d8c75796253467457e4dc99cb installed
DEBUG util.py:608:  Child return code was: 0
DEBUG util.py:183:  kill orphans in chroot /var/lib/mock/rocky-10-x86_64/root
DEBUG util.py:183:  kill orphans in chroot /var/lib/mock/rocky-10-x86_64-bootstrap/root/var/lib/mock/rocky-10-x86_64/root
DEBUG util.py:634:  child environment: None
DEBUG util.py:556:  Executing command: ['/bin/umount', '-n', '-l', '/var/lib/mock/rocky-10-x86_64-bootstrap/root/var/lib/mock/rocky-10-x86_64/root'] with env {'TERM': 'vt100', 'SHELL': '/bin/sh', 'HOME': '/builddir', 'HOSTNAME': 'mock', 'PATH': '/usr/bin:/bin:/usr/sbin:/sbin', 'LANG': 'C.UTF-8'} and shell False
DEBUG util.py:608:  Child return code was: 0
DEBUG util.py:634:  child environment: None
DEBUG util.py:556:  Executing command: ['/bin/umount', '-n', '-l', '/var/lib/mock/rocky-10-x86_64-bootstrap/root/var/lib/mock/rocky-10-x86_64/root'] with env {'TERM': 'vt100', 'SHELL': '/bin/sh', 'HOME': '/builddir', 'HOSTNAME': 'mock', 'PATH': '/usr/bin:/bin:/usr/sbin:/sbin', 'LANG': 'C.UTF-8'} and shell False
DEBUG util.py:608:  Child return code was: 0
DEBUG util.py:634:  child environment: None
DEBUG backend.py:825:  Copying packages to result dir
DEBUG util.py:183:  kill orphans in chroot /var/lib/mock/rocky-10-x86_64/root
DEBUG util.py:634:  child environment: None
DEBUG util.py:556:  Executing command: ['/bin/umount', '-n', '/var/lib/mock/rocky-10-x86_64/root/var/cache/dnf'] with env {'TERM': 'vt100', 'SHELL': '/bin/sh', 'HOME': '/builddir', 'HOSTNAME': 'mock', 'PATH': '/usr/bin:/bin:/usr/sbin:/sbin', 'LANG': 'C.UTF-8'} and shell False
DEBUG util.py:608:  Child return code was: 0
DEBUG util.py:634:  child environment: None
DEBUG util.py:556:  Executing command: ['/bin/umount', '-n', '/var/lib/mock/rocky-10-x86_64/root/var/cache/yum'] with env {'TERM': 'vt100', 'SHELL': '/bin/sh', 'HOME': '/builddir', 'HOSTNAME': 'mock', 'PATH': '/usr/bin:/bin:/usr/sbin:/sbin', 'LANG': 'C.UTF-8'} and shell False
DEBUG util.py:608:  Child return code was: 0
DEBUG util.py:634:  child environment: None
DEBUG util.py:556:  Executing command: ['/bin/umount', '-n', '-l', '/var/lib/mock/rocky-10-x86_64/root/sys/fs/selinux'] with env {'TERM': 'vt100', 'SHELL': '/bin/sh', 'HOME': '/builddir', 'HOSTNAME': 'mock', 'PATH': '/usr/bin:/bin:/usr/sbin:/sbin', 'LANG': 'C.UTF-8'} and shell False
DEBUG util.py:608:  Child return code was: 0
DEBUG util.py:634:  child environment: None
DEBUG util.py:556:  Executing command: ['/bin/umount', '-n', '/var/lib/mock/rocky-10-x86_64/root/proc/filesystems'] with env {'TERM': 'vt100', 'SHELL': '/bin/sh', 'HOME': '/builddir', 'HOSTNAME': 'mock', 'PATH': '/usr/bin:/bin:/usr/sbin:/sbin', 'LANG': 'C.UTF-8'} and shell False
DEBUG util.py:608:  Child return code was: 0
DEBUG util.py:634:  child environment: None
DEBUG util.py:556:  Executing command: ['/bin/umount', '-n', '-l', '/var/lib/mock/rocky-10-x86_64/root/dev/pts'] with env {'TERM': 'vt100', 'SHELL': '/bin/sh', 'HOME': '/builddir', 'HOSTNAME': 'mock', 'PATH': '/usr/bin:/bin:/usr/sbin:/sbin', 'LANG': 'C.UTF-8'} and shell False
DEBUG util.py:608:  Child return code was: 0
DEBUG util.py:634:  child environment: None
DEBUG util.py:556:  Executing command: ['/bin/umount', '-n', '-l', '/var/lib/mock/rocky-10-x86_64/root/dev/shm'] with env {'TERM': 'vt100', 'SHELL': '/bin/sh', 'HOME': '/builddir', 'HOSTNAME': 'mock', 'PATH': '/usr/bin:/bin:/usr/sbin:/sbin', 'LANG': 'C.UTF-8'} and shell False
DEBUG util.py:608:  Child return code was: 0
DEBUG util.py:634:  child environment: None
DEBUG util.py:556:  Executing command: ['/bin/umount', '-n', '-l', '/var/lib/mock/rocky-10-x86_64/root/sys'] with env {'TERM': 'vt100', 'SHELL': '/bin/sh', 'HOME': '/builddir', 'HOSTNAME': 'mock', 'PATH': '/usr/bin:/bin:/usr/sbin:/sbin', 'LANG': 'C.UTF-8'} and shell False
DEBUG util.py:608:  Child return code was: 0
DEBUG util.py:634:  child environment: None
DEBUG util.py:556:  Executing command: ['/bin/umount', '-n', '-l', '/var/lib/mock/rocky-10-x86_64/root/sys'] with env {'TERM': 'vt100', 'SHELL': '/bin/sh', 'HOME': '/builddir', 'HOSTNAME': 'mock', 'PATH': '/usr/bin:/bin:/usr/sbin:/sbin', 'LANG': 'C.UTF-8'} and shell False
DEBUG util.py:608:  Child return code was: 0
DEBUG util.py:634:  child environment: None
DEBUG util.py:556:  Executing command: ['/bin/umount', '-n', '-l', '/var/lib/mock/rocky-10-x86_64/root/proc'] with env {'TERM': 'vt100', 'SHELL': '/bin/sh', 'HOME': '/builddir', 'HOSTNAME': 'mock', 'PATH': '/usr/bin:/bin:/usr/sbin:/sbin', 'LANG': 'C.UTF-8'} and shell False
DEBUG util.py:608:  Child return code was: 0
DEBUG util.py:634:  child environment: None
DEBUG util.py:556:  Executing command: ['/bin/umount', '-n', '-l', '/var/lib/mock/rocky-10-x86_64/root/proc'] with env {'TERM': 'vt100', 'SHELL': '/bin/sh', 'HOME': '/builddir', 'HOSTNAME': 'mock', 'PATH': '/usr/bin:/bin:/usr/sbin:/sbin', 'LANG': 'C.UTF-8'} and shell False
DEBUG util.py:608:  Child return code was: 0
DEBUG util.py:634:  child environment: None
DEBUG util.py:556:  Executing command: ['btrfs', 'subv', 'list', '/var/lib/mock'] with env {'TERM': 'vt100', 'SHELL': '/bin/sh', 'HOME': '/builddir', 'HOSTNAME': 'mock', 'PATH': '/usr/bin:/bin:/usr/sbin:/sbin', 'LANG': 'C.UTF-8'} and shell False
DEBUG util.py:183:  kill orphans in chroot /var/lib/mock/rocky-10-x86_64-bootstrap/root
DEBUG util.py:634:  child environment: None
DEBUG util.py:556:  Executing command: ['/bin/umount', '-n', '/var/lib/mock/rocky-10-x86_64-bootstrap/root/var/cache/dnf'] with env {'TERM': 'vt100', 'SHELL': '/bin/sh', 'HOME': '/builddir', 'HOSTNAME': 'mock', 'PATH': '/usr/bin:/bin:/usr/sbin:/sbin', 'LANG': 'C.UTF-8'} and shell False
DEBUG util.py:608:  Child return code was: 0
DEBUG util.py:634:  child environment: None
DEBUG util.py:556:  Executing command: ['/bin/umount', '-n', '/var/lib/mock/rocky-10-x86_64-bootstrap/root/var/cache/yum'] with env {'TERM': 'vt100', 'SHELL': '/bin/sh', 'HOME': '/builddir', 'HOSTNAME': 'mock', 'PATH': '/usr/bin:/bin:/usr/sbin:/sbin', 'LANG': 'C.UTF-8'} and shell False
DEBUG util.py:608:  Child return code was: 0
DEBUG util.py:634:  child environment: None
DEBUG util.py:556:  Executing command: ['/bin/umount', '-n', '-l', '/var/lib/mock/rocky-10-x86_64-bootstrap/root/sys/fs/selinux'] with env {'TERM': 'vt100', 'SHELL': '/bin/sh', 'HOME': '/builddir', 'HOSTNAME': 'mock', 'PATH': '/usr/bin:/bin:/usr/sbin:/sbin', 'LANG': 'C.UTF-8'} and shell False
DEBUG util.py:608:  Child return code was: 0
DEBUG util.py:634:  child environment: None
DEBUG util.py:556:  Executing command: ['/bin/umount', '-n', '/var/lib/mock/rocky-10-x86_64-bootstrap/root/proc/filesystems'] with env {'TERM': 'vt100', 'SHELL': '/bin/sh', 'HOME': '/builddir', 'HOSTNAME': 'mock', 'PATH': '/usr/bin:/bin:/usr/sbin:/sbin', 'LANG': 'C.UTF-8'} and shell False
DEBUG util.py:608:  Child return code was: 0
DEBUG util.py:634:  child environment: None
DEBUG util.py:556:  Executing command: ['/bin/umount', '-n', '-l', '/var/lib/mock/rocky-10-x86_64-bootstrap/root/dev/pts'] with env {'TERM': 'vt100', 'SHELL': '/bin/sh', 'HOME': '/builddir', 'HOSTNAME': 'mock', 'PATH': '/usr/bin:/bin:/usr/sbin:/sbin', 'LANG': 'C.UTF-8'} and shell False
DEBUG util.py:608:  Child return code was: 0
DEBUG util.py:634:  child environment: None
DEBUG util.py:556:  Executing command: ['/bin/umount', '-n', '-l', '/var/lib/mock/rocky-10-x86_64-bootstrap/root/dev/shm'] with env {'TERM': 'vt100', 'SHELL': '/bin/sh', 'HOME': '/builddir', 'HOSTNAME': 'mock', 'PATH': '/usr/bin:/bin:/usr/sbin:/sbin', 'LANG': 'C.UTF-8'} and shell False
DEBUG util.py:608:  Child return code was: 0
DEBUG util.py:634:  child environment: None
DEBUG util.py:556:  Executing command: ['/bin/umount', '-n', '-l', '/var/lib/mock/rocky-10-x86_64-bootstrap/root/sys'] with env {'TERM': 'vt100', 'SHELL': '/bin/sh', 'HOME': '/builddir', 'HOSTNAME': 'mock', 'PATH': '/usr/bin:/bin:/usr/sbin:/sbin', 'LANG': 'C.UTF-8'} and shell False
DEBUG util.py:608:  Child return code was: 0
DEBUG util.py:634:  child environment: None
DEBUG util.py:556:  Executing command: ['/bin/umount', '-n', '-l', '/var/lib/mock/rocky-10-x86_64-bootstrap/root/sys'] with env {'TERM': 'vt100', 'SHELL': '/bin/sh', 'HOME': '/builddir', 'HOSTNAME': 'mock', 'PATH': '/usr/bin:/bin:/usr/sbin:/sbin', 'LANG': 'C.UTF-8'} and shell False
DEBUG util.py:608:  Child return code was: 0
DEBUG util.py:634:  child environment: None
DEBUG util.py:556:  Executing command: ['/bin/umount', '-n', '-l', '/var/lib/mock/rocky-10-x86_64-bootstrap/root/proc'] with env {'TERM': 'vt100', 'SHELL': '/bin/sh', 'HOME': '/builddir', 'HOSTNAME': 'mock', 'PATH': '/usr/bin:/bin:/usr/sbin:/sbin', 'LANG': 'C.UTF-8'} and shell False
DEBUG util.py:608:  Child return code was: 0
DEBUG util.py:634:  child environment: None
DEBUG util.py:556:  Executing command: ['/bin/umount', '-n', '-l', '/var/lib/mock/rocky-10-x86_64-bootstrap/root/proc'] with env {'TERM': 'vt100', 'SHELL': '/bin/sh', 'HOME': '/builddir', 'HOSTNAME': 'mock', 'PATH': '/usr/bin:/bin:/usr/sbin:/sbin', 'LANG': 'C.UTF-8'} and shell False
DEBUG util.py:608:  Child return code was: 0
