INFO buildroot.py:667:  Mock Version: 6.6
DEBUG file_util.py:18:  ensuring that dir exists: /var/lib/mock/rocky-9-aarch64/root
DEBUG file_util.py:21:  created dir: /var/lib/mock/rocky-9-aarch64/root
DEBUG file_util.py:18:  ensuring that dir exists: /var/lib/mock/rocky-9-aarch64-bootstrap
DEBUG file_util.py:18:  ensuring that dir exists: /var/lib/mock/rocky-9-aarch64-bootstrap
DEBUG file_util.py:18:  ensuring that dir exists: /var/lib/mock/rocky-9-aarch64-bootstrap/root
DEBUG file_util.py:18:  ensuring that dir exists: /var/lib/mock/rocky-9-aarch64-bootstrap/results
INFO buildroot.py:318:  calling preinit hooks
DEBUG file_util.py:18:  ensuring that dir exists: /var/cache/mock/rocky-9-aarch64-bootstrap/root_cache/
DEBUG file_util.py:18:  ensuring that dir exists: /var/cache/mock/rocky-9-aarch64-bootstrap/yum_cache
DEBUG file_util.py:18:  ensuring that dir exists: /var/cache/mock/rocky-9-aarch64-bootstrap/dnf_cache
DEBUG buildroot.py:723:  create skeleton dirs
DEBUG file_util.py:18:  ensuring that dir exists: /var/lib/mock/rocky-9-aarch64-bootstrap/root/var/lib/rpm
DEBUG file_util.py:18:  ensuring that dir exists: /var/lib/mock/rocky-9-aarch64-bootstrap/root/var/lib/yum
DEBUG file_util.py:18:  ensuring that dir exists: /var/lib/mock/rocky-9-aarch64-bootstrap/root/var/lib/dbus
DEBUG file_util.py:18:  ensuring that dir exists: /var/lib/mock/rocky-9-aarch64-bootstrap/root/var/log
DEBUG file_util.py:18:  ensuring that dir exists: /var/lib/mock/rocky-9-aarch64-bootstrap/root/var/cache/dnf
DEBUG file_util.py:18:  ensuring that dir exists: /var/lib/mock/rocky-9-aarch64-bootstrap/root/var/cache/yum
DEBUG file_util.py:18:  ensuring that dir exists: /var/lib/mock/rocky-9-aarch64-bootstrap/root/etc/rpm
DEBUG file_util.py:18:  ensuring that dir exists: /var/lib/mock/rocky-9-aarch64-bootstrap/root/tmp
DEBUG file_util.py:18:  ensuring that dir exists: /var/lib/mock/rocky-9-aarch64-bootstrap/root/tmp/ccache
DEBUG file_util.py:18:  ensuring that dir exists: /var/lib/mock/rocky-9-aarch64-bootstrap/root/var/tmp
DEBUG file_util.py:18:  ensuring that dir exists: /var/lib/mock/rocky-9-aarch64-bootstrap/root/etc/dnf
DEBUG file_util.py:18:  ensuring that dir exists: /var/lib/mock/rocky-9-aarch64-bootstrap/root/etc/dnf/vars
DEBUG file_util.py:18:  ensuring that dir exists: /var/lib/mock/rocky-9-aarch64-bootstrap/root/etc/yum.repos.d
DEBUG file_util.py:21:  created dir: /var/lib/mock/rocky-9-aarch64-bootstrap/root/etc/yum.repos.d
DEBUG file_util.py:18:  ensuring that dir exists: /var/lib/mock/rocky-9-aarch64-bootstrap/root/etc/yum
DEBUG file_util.py:18:  ensuring that dir exists: /var/lib/mock/rocky-9-aarch64-bootstrap/root/proc
DEBUG file_util.py:18:  ensuring that dir exists: /var/lib/mock/rocky-9-aarch64-bootstrap/root/sys
DEBUG file_util.py:18:  ensuring that dir exists: /var/lib/mock/rocky-9-aarch64-bootstrap/root/run/lock
DEBUG file_util.py:18:  ensuring that dir exists: /var/lib/mock/rocky-9-aarch64-bootstrap/root/dev/pts
DEBUG file_util.py:18:  ensuring that dir exists: /var/lib/mock/rocky-9-aarch64-bootstrap/root/dev/shm
DEBUG file_util.py:18:  ensuring that dir exists: /var/lib/mock/rocky-9-aarch64-bootstrap/root/dev/mapper
DEBUG file_util.py:21:  created dir: /var/lib/mock/rocky-9-aarch64-bootstrap/root/dev/mapper
DEBUG buildroot.py:867:  kernel version == 5.14.0-611.34.1.el9_7.aarch64
DEBUG file_util.py:30:  touching file: /var/lib/mock/rocky-9-aarch64-bootstrap/root/etc/fstab
DEBUG file_util.py:30:  touching file: /var/lib/mock/rocky-9-aarch64-bootstrap/root/etc/yum/yum.conf
DEBUG file_util.py:30:  touching file: /var/lib/mock/rocky-9-aarch64-bootstrap/root/etc/dnf/dnf.conf
DEBUG file_util.py:30:  touching file: /var/lib/mock/rocky-9-aarch64-bootstrap/root/var/log/yum.log
DEBUG buildroot.py:332:  rootdir = /var/lib/mock/rocky-9-aarch64-bootstrap/root
DEBUG buildroot.py:333:  resultdir = /var/lib/mock/rocky-9-aarch64-bootstrap/results
DEBUG package_manager.py:63:  searching for 'dnf4' package manager or alternatives
INFO buildroot.py:181:  Package manager dnf4 detected and used (fallback)
DEBUG file_util.py:18:  ensuring that dir exists: /var/lib/mock/rocky-9-aarch64-bootstrap/root/etc/pki/mock
DEBUG package_manager.py:404:  copying CA trust dir into chroot: /etc/pki/ca-trust => /etc/pki/ca-trust
DEBUG file_util.py:158:  Updating files in /var/lib/mock/rocky-9-aarch64-bootstrap/root/etc/pki/ca-trust with files from /etc/pki/ca-trust
DEBUG file_util.py:18:  ensuring that dir exists: /var/lib/mock/rocky-9-aarch64-bootstrap/root/etc/pki/ca-trust
DEBUG file_util.py:18:  ensuring that dir exists: /var/lib/mock/rocky-9-aarch64-bootstrap/root/etc/pki/ca-trust/./extracted
DEBUG file_util.py:18:  ensuring that dir exists: /var/lib/mock/rocky-9-aarch64-bootstrap/root/etc/pki/ca-trust/./source
DEBUG file_util.py:18:  ensuring that dir exists: /var/lib/mock/rocky-9-aarch64-bootstrap/root/etc/pki/ca-trust/extracted/edk2
DEBUG file_util.py:18:  ensuring that dir exists: /var/lib/mock/rocky-9-aarch64-bootstrap/root/etc/pki/ca-trust/extracted/java
DEBUG file_util.py:18:  ensuring that dir exists: /var/lib/mock/rocky-9-aarch64-bootstrap/root/etc/pki/ca-trust/extracted/openssl
DEBUG file_util.py:18:  ensuring that dir exists: /var/lib/mock/rocky-9-aarch64-bootstrap/root/etc/pki/ca-trust/extracted/pem
DEBUG file_util.py:18:  ensuring that dir exists: /var/lib/mock/rocky-9-aarch64-bootstrap/root/etc/pki/ca-trust/extracted/pem/directory-hash
DEBUG file_util.py:18:  ensuring that dir exists: /var/lib/mock/rocky-9-aarch64-bootstrap/root/etc/pki/ca-trust/source/anchors
DEBUG file_util.py:18:  ensuring that dir exists: /var/lib/mock/rocky-9-aarch64-bootstrap/root/etc/pki/ca-trust/source/blocklist
DEBUG package_manager.py:404:  copying CA trust dir into chroot: /usr/share/pki/ca-trust-source => /usr/share/pki/ca-trust-source
DEBUG file_util.py:158:  Updating files in /var/lib/mock/rocky-9-aarch64-bootstrap/root/usr/share/pki/ca-trust-source with files from /usr/share/pki/ca-trust-source
DEBUG file_util.py:18:  ensuring that dir exists: /var/lib/mock/rocky-9-aarch64-bootstrap/root/usr/share/pki/ca-trust-source
DEBUG file_util.py:18:  ensuring that dir exists: /var/lib/mock/rocky-9-aarch64-bootstrap/root/usr/share/pki/ca-trust-source/./anchors
DEBUG file_util.py:18:  ensuring that dir exists: /var/lib/mock/rocky-9-aarch64-bootstrap/root/usr/share/pki/ca-trust-source/./blocklist
DEBUG file_util.py:18:  ensuring that dir exists: /var/lib/mock/rocky-9-aarch64-bootstrap/root/usr/share
DEBUG package_manager.py:388:  Copying /usr/share/distribution-gpg-keys to the bootstrap chroot
DEBUG util.py:634:  child environment: None
DEBUG util.py:556:  Executing command: ['cp', '-a', '/usr/share/distribution-gpg-keys', '/var/lib/mock/rocky-9-aarch64-bootstrap/root/usr/share'] with env {'TERM': 'vt100', 'SHELL': '/bin/sh', 'HOME': '/builddir', 'HOSTNAME': 'mock', 'PATH': '/usr/bin:/bin:/usr/sbin:/sbin', 'LANG': 'C.UTF-8'} and shell False
DEBUG util.py:608:  Child return code was: 0
DEBUG file_util.py:18:  ensuring that dir exists: /var/lib/mock/rocky-9-aarch64-bootstrap/root/etc/dnf
DEBUG package_manager.py:691:  configure DNF vars
DEBUG file_util.py:18:  ensuring that dir exists: /var/lib/mock/rocky-9-aarch64-bootstrap/root/proc
DEBUG util.py:634:  child environment: None
DEBUG util.py:556:  Executing command: ['/bin/mount', '-n', '-t', 'tmpfs', '-o', 'rprivate,mode=0755', 'tmpfs', '/var/lib/mock/rocky-9-aarch64-bootstrap/root/proc'] with env {'TERM': 'vt100', 'SHELL': '/bin/sh', 'HOME': '/builddir', 'HOSTNAME': 'mock', 'PATH': '/usr/bin:/bin:/usr/sbin:/sbin', 'LANG': 'C.UTF-8'} and shell False
DEBUG util.py:608:  Child return code was: 0
DEBUG file_util.py:18:  ensuring that dir exists: /var/lib/mock/rocky-9-aarch64-bootstrap/root/proc
DEBUG util.py:634:  child environment: None
DEBUG util.py:556:  Executing command: ['/bin/mount', '-n', '-o', 'rbind', '/proc', '/var/lib/mock/rocky-9-aarch64-bootstrap/root/proc'] with env {'TERM': 'vt100', 'SHELL': '/bin/sh', 'HOME': '/builddir', 'HOSTNAME': 'mock', 'PATH': '/usr/bin:/bin:/usr/sbin:/sbin', 'LANG': 'C.UTF-8'} and shell False
DEBUG util.py:608:  Child return code was: 0
DEBUG util.py:634:  child environment: None
DEBUG util.py:556:  Executing command: ['/bin/mount', '-n', '-o', 'remount,nodev,noexec,nosuid,readonly,rprivate,rbind', '--target', '/var/lib/mock/rocky-9-aarch64-bootstrap/root/proc'] with env {'TERM': 'vt100', 'SHELL': '/bin/sh', 'HOME': '/builddir', 'HOSTNAME': 'mock', 'PATH': '/usr/bin:/bin:/usr/sbin:/sbin', 'LANG': 'C.UTF-8'} and shell False
DEBUG util.py:608:  Child return code was: 0
DEBUG file_util.py:18:  ensuring that dir exists: /var/lib/mock/rocky-9-aarch64-bootstrap/root/sys
DEBUG util.py:634:  child environment: None
DEBUG util.py:556:  Executing command: ['/bin/mount', '-n', '-t', 'tmpfs', '-o', 'rprivate,mode=0755', 'tmpfs', '/var/lib/mock/rocky-9-aarch64-bootstrap/root/sys'] with env {'TERM': 'vt100', 'SHELL': '/bin/sh', 'HOME': '/builddir', 'HOSTNAME': 'mock', 'PATH': '/usr/bin:/bin:/usr/sbin:/sbin', 'LANG': 'C.UTF-8'} and shell False
DEBUG util.py:608:  Child return code was: 0
DEBUG file_util.py:18:  ensuring that dir exists: /var/lib/mock/rocky-9-aarch64-bootstrap/root/sys
DEBUG util.py:634:  child environment: None
DEBUG util.py:556:  Executing command: ['/bin/mount', '-n', '-o', 'rbind', '/sys', '/var/lib/mock/rocky-9-aarch64-bootstrap/root/sys'] with env {'TERM': 'vt100', 'SHELL': '/bin/sh', 'HOME': '/builddir', 'HOSTNAME': 'mock', 'PATH': '/usr/bin:/bin:/usr/sbin:/sbin', 'LANG': 'C.UTF-8'} and shell False
DEBUG util.py:608:  Child return code was: 0
DEBUG util.py:634:  child environment: None
DEBUG util.py:556:  Executing command: ['/bin/mount', '-n', '-o', 'remount,nodev,noexec,nosuid,readonly,rprivate,rbind', '--target', '/var/lib/mock/rocky-9-aarch64-bootstrap/root/sys'] with env {'TERM': 'vt100', 'SHELL': '/bin/sh', 'HOME': '/builddir', 'HOSTNAME': 'mock', 'PATH': '/usr/bin:/bin:/usr/sbin:/sbin', 'LANG': 'C.UTF-8'} and shell False
DEBUG util.py:608:  Child return code was: 0
DEBUG file_util.py:18:  ensuring that dir exists: /var/lib/mock/rocky-9-aarch64-bootstrap/root/dev/shm
DEBUG util.py:634:  child environment: None
DEBUG util.py:556:  Executing command: ['/bin/mount', '-n', '-t', 'tmpfs', 'tmpfs', '/var/lib/mock/rocky-9-aarch64-bootstrap/root/dev/shm'] with env {'TERM': 'vt100', 'SHELL': '/bin/sh', 'HOME': '/builddir', 'HOSTNAME': 'mock', 'PATH': '/usr/bin:/bin:/usr/sbin:/sbin', 'LANG': 'C.UTF-8'} and shell False
DEBUG util.py:608:  Child return code was: 0
DEBUG file_util.py:18:  ensuring that dir exists: /var/lib/mock/rocky-9-aarch64-bootstrap/root/dev/pts
DEBUG util.py:634:  child environment: None
DEBUG util.py:556:  Executing command: ['/bin/mount', '-n', '-t', 'devpts', '-o', 'gid=5,mode=0620,ptmxmode=0666,newinstance', 'devpts', '/var/lib/mock/rocky-9-aarch64-bootstrap/root/dev/pts'] with env {'TERM': 'vt100', 'SHELL': '/bin/sh', 'HOME': '/builddir', 'HOSTNAME': 'mock', 'PATH': '/usr/bin:/bin:/usr/sbin:/sbin', 'LANG': 'C.UTF-8'} and shell False
DEBUG util.py:608:  Child return code was: 0
DEBUG util.py:634:  child environment: None
DEBUG util.py:556:  Executing command: ['/bin/mount', '-n', '-o', 'bind', '/tmp/mock-selinux-plugin.rlw2w65a', '/var/lib/mock/rocky-9-aarch64-bootstrap/root/proc/filesystems'] with env {'TERM': 'vt100', 'SHELL': '/bin/sh', 'HOME': '/builddir', 'HOSTNAME': 'mock', 'PATH': '/usr/bin:/bin:/usr/sbin:/sbin', 'LANG': 'C.UTF-8'} and shell False
DEBUG util.py:608:  Child return code was: 0
DEBUG file_util.py:18:  ensuring that dir exists: /var/lib/mock/rocky-9-aarch64-bootstrap/root/sys/fs/selinux
DEBUG util.py:634:  child environment: None
DEBUG util.py:556:  Executing command: ['/bin/mount', '-n', '-t', 'tmpfs', 'tmpfs', '/var/lib/mock/rocky-9-aarch64-bootstrap/root/sys/fs/selinux'] with env {'TERM': 'vt100', 'SHELL': '/bin/sh', 'HOME': '/builddir', 'HOSTNAME': 'mock', 'PATH': '/usr/bin:/bin:/usr/sbin:/sbin', 'LANG': 'C.UTF-8'} and shell False
DEBUG util.py:608:  Child return code was: 0
DEBUG file_util.py:18:  ensuring that dir exists: /var/lib/mock/rocky-9-aarch64-bootstrap/root/var/cache/yum
DEBUG util.py:634:  child environment: None
DEBUG util.py:556:  Executing command: ['/bin/mount', '-n', '-o', 'bind', '/var/cache/mock/rocky-9-aarch64-bootstrap/yum_cache', '/var/lib/mock/rocky-9-aarch64-bootstrap/root/var/cache/yum'] with env {'TERM': 'vt100', 'SHELL': '/bin/sh', 'HOME': '/builddir', 'HOSTNAME': 'mock', 'PATH': '/usr/bin:/bin:/usr/sbin:/sbin', 'LANG': 'C.UTF-8'} and shell False
DEBUG util.py:608:  Child return code was: 0
DEBUG file_util.py:18:  ensuring that dir exists: /var/lib/mock/rocky-9-aarch64-bootstrap/root/var/cache/dnf
DEBUG util.py:634:  child environment: None
DEBUG util.py:556:  Executing command: ['/bin/mount', '-n', '-o', 'bind', '/var/cache/mock/rocky-9-aarch64-bootstrap/dnf_cache', '/var/lib/mock/rocky-9-aarch64-bootstrap/root/var/cache/dnf'] with env {'TERM': 'vt100', 'SHELL': '/bin/sh', 'HOME': '/builddir', 'HOSTNAME': 'mock', 'PATH': '/usr/bin:/bin:/usr/sbin:/sbin', 'LANG': 'C.UTF-8'} and shell False
DEBUG util.py:608:  Child return code was: 0
DEBUG file_util.py:18:  ensuring that dir exists: /var/lib/mock/rocky-9-aarch64-bootstrap/root/etc
DEBUG file_util.py:18:  ensuring that dir exists: /var/lib/mock/rocky-9-aarch64-bootstrap/root/etc
DEBUG buildroot.py:38:  method _cleanup_homedir skipped in bootstrap
DEBUG buildroot.py:38:  method _setup_build_dirs skipped in bootstrap
DEBUG buildroot.py:38:  method _make_users skipped in bootstrap
DEBUG file_util.py:30:  touching file: /var/lib/mock/rocky-9-aarch64-bootstrap/root/.initialized
DEBUG file_util.py:18:  ensuring that dir exists: /var/lib/mock/rocky-9-aarch64
DEBUG file_util.py:18:  ensuring that dir exists: /var/lib/mock/rocky-9-aarch64/root
DEBUG file_util.py:18:  ensuring that dir exists: /home/sherif/r9nx/results
INFO buildroot.py:318:  calling preinit hooks
DEBUG file_util.py:18:  ensuring that dir exists: /var/cache/mock/rocky-9-aarch64/root_cache/
DEBUG file_util.py:18:  ensuring that dir exists: /var/cache/mock/rocky-9-aarch64/yum_cache
DEBUG file_util.py:18:  ensuring that dir exists: /var/cache/mock/rocky-9-aarch64/dnf_cache
DEBUG util.py:634:  child environment: None
DEBUG util.py:556:  Executing command: ['/usr/bin/lscpu'] with env {'TERM': 'vt100', 'SHELL': '/bin/sh', 'HOME': '/builddir', 'HOSTNAME': 'mock', 'PATH': '/usr/bin:/bin:/usr/sbin:/sbin', 'LANG': 'C.UTF-8'} and shell False
DEBUG util.py:461:  Architecture:                            aarch64
DEBUG util.py:461:  CPU op-mode(s):                          32-bit, 64-bit
DEBUG util.py:461:  Byte Order:                              Little Endian
DEBUG util.py:461:  CPU(s):                                  64
DEBUG util.py:461:  On-line CPU(s) list:                     0-63
DEBUG util.py:461:  Vendor ID:                               ARM
DEBUG util.py:461:  Model name:                              Neoverse-N1
DEBUG util.py:461:  Model:                                   1
DEBUG util.py:461:  Thread(s) per core:                      1
DEBUG util.py:461:  Core(s) per socket:                      64
DEBUG util.py:461:  Socket(s):                               1
DEBUG util.py:461:  Stepping:                                r3p1
DEBUG util.py:461:  BogoMIPS:                                243.75
DEBUG util.py:461:  Flags:                                   fp asimd evtstrm aes pmull sha1 sha2 crc32 atomics fphp asimdhp cpuid asimdrdm lrcpc dcpop asimddp
DEBUG util.py:461:  L1d cache:                               4 MiB (64 instances)
DEBUG util.py:461:  L1i cache:                               4 MiB (64 instances)
DEBUG util.py:461:  L2 cache:                                64 MiB (64 instances)
DEBUG util.py:461:  L3 cache:                                32 MiB (1 instance)
DEBUG util.py:461:  NUMA node(s):                            1
DEBUG util.py:461:  NUMA node0 CPU(s):                       0-63
DEBUG util.py:461:  Vulnerability Gather data sampling:      Not affected
DEBUG util.py:461:  Vulnerability Indirect target selection: Not affected
DEBUG util.py:461:  Vulnerability Itlb multihit:             Not affected
DEBUG util.py:461:  Vulnerability L1tf:                      Not affected
DEBUG util.py:461:  Vulnerability Mds:                       Not affected
DEBUG util.py:461:  Vulnerability Meltdown:                  Not affected
DEBUG util.py:461:  Vulnerability Mmio stale data:           Not affected
DEBUG util.py:461:  Vulnerability Reg file data sampling:    Not affected
DEBUG util.py:461:  Vulnerability Retbleed:                  Not affected
DEBUG util.py:461:  Vulnerability Spec rstack overflow:      Not affected
DEBUG util.py:461:  Vulnerability Spec store bypass:         Mitigation; Speculative Store Bypass disabled via prctl
DEBUG util.py:461:  Vulnerability Spectre v1:                Mitigation; __user pointer sanitization
DEBUG util.py:461:  Vulnerability Spectre v2:                Mitigation; CSV2, BHB
DEBUG util.py:461:  Vulnerability Srbds:                     Not affected
DEBUG util.py:461:  Vulnerability Tsa:                       Not affected
DEBUG util.py:461:  Vulnerability Tsx async abort:           Not affected
DEBUG util.py:461:  Vulnerability Vmscape:                   Not affected
DEBUG util.py:608:  Child return code was: 0
DEBUG util.py:634:  child environment: None
DEBUG util.py:556:  Executing command: ['/bin/free', '--human'] with env {'TERM': 'vt100', 'SHELL': '/bin/sh', 'HOME': '/builddir', 'HOSTNAME': 'mock', 'PATH': '/usr/bin:/bin:/usr/sbin:/sbin', 'LANG': 'C.UTF-8'} and shell False
DEBUG util.py:461:                 total        used        free      shared  buff/cache   available
DEBUG util.py:461:  Mem:           122Gi       2.7Gi       117Gi        45Mi       3.8Gi       120Gi
DEBUG util.py:461:  Swap:             0B          0B          0B
DEBUG util.py:608:  Child return code was: 0
DEBUG util.py:634:  child environment: None
DEBUG util.py:556:  Executing command: ['/bin/df', '-H', '-T', '/var/lib/mock/rocky-9-aarch64/root', '/var/cache/mock'] with env {'TERM': 'vt100', 'SHELL': '/bin/sh', 'HOME': '/builddir', 'HOSTNAME': 'mock', 'PATH': '/usr/bin:/bin:/usr/sbin:/sbin', 'LANG': 'C.UTF-8'} and shell False
DEBUG util.py:461:  Filesystem     Type  Size  Used Avail Use% Mounted on
DEBUG util.py:461:  /dev/nvme0n1p2 xfs   322G  219G  104G  68% /
DEBUG util.py:461:  /dev/nvme0n1p2 xfs   322G  219G  104G  68% /
DEBUG util.py:608:  Child return code was: 0
DEBUG buildroot.py:723:  create skeleton dirs
DEBUG file_util.py:18:  ensuring that dir exists: /var/lib/mock/rocky-9-aarch64/root/var/lib/rpm
DEBUG file_util.py:21:  created dir: /var/lib/mock/rocky-9-aarch64/root/var/lib/rpm
DEBUG file_util.py:18:  ensuring that dir exists: /var/lib/mock/rocky-9-aarch64/root/var/lib/yum
DEBUG file_util.py:21:  created dir: /var/lib/mock/rocky-9-aarch64/root/var/lib/yum
DEBUG file_util.py:18:  ensuring that dir exists: /var/lib/mock/rocky-9-aarch64/root/var/lib/dbus
DEBUG file_util.py:21:  created dir: /var/lib/mock/rocky-9-aarch64/root/var/lib/dbus
DEBUG file_util.py:18:  ensuring that dir exists: /var/lib/mock/rocky-9-aarch64/root/var/log
DEBUG file_util.py:21:  created dir: /var/lib/mock/rocky-9-aarch64/root/var/log
DEBUG file_util.py:18:  ensuring that dir exists: /var/lib/mock/rocky-9-aarch64/root/var/cache/dnf
DEBUG file_util.py:21:  created dir: /var/lib/mock/rocky-9-aarch64/root/var/cache/dnf
DEBUG file_util.py:18:  ensuring that dir exists: /var/lib/mock/rocky-9-aarch64/root/var/cache/yum
DEBUG file_util.py:21:  created dir: /var/lib/mock/rocky-9-aarch64/root/var/cache/yum
DEBUG file_util.py:18:  ensuring that dir exists: /var/lib/mock/rocky-9-aarch64/root/etc/rpm
DEBUG file_util.py:21:  created dir: /var/lib/mock/rocky-9-aarch64/root/etc/rpm
DEBUG file_util.py:18:  ensuring that dir exists: /var/lib/mock/rocky-9-aarch64/root/tmp
DEBUG file_util.py:21:  created dir: /var/lib/mock/rocky-9-aarch64/root/tmp
DEBUG file_util.py:18:  ensuring that dir exists: /var/lib/mock/rocky-9-aarch64/root/tmp/ccache
DEBUG file_util.py:21:  created dir: /var/lib/mock/rocky-9-aarch64/root/tmp/ccache
DEBUG file_util.py:18:  ensuring that dir exists: /var/lib/mock/rocky-9-aarch64/root/var/tmp
DEBUG file_util.py:21:  created dir: /var/lib/mock/rocky-9-aarch64/root/var/tmp
DEBUG file_util.py:18:  ensuring that dir exists: /var/lib/mock/rocky-9-aarch64/root/etc/dnf
DEBUG file_util.py:21:  created dir: /var/lib/mock/rocky-9-aarch64/root/etc/dnf
DEBUG file_util.py:18:  ensuring that dir exists: /var/lib/mock/rocky-9-aarch64/root/etc/dnf/vars
DEBUG file_util.py:21:  created dir: /var/lib/mock/rocky-9-aarch64/root/etc/dnf/vars
DEBUG file_util.py:18:  ensuring that dir exists: /var/lib/mock/rocky-9-aarch64/root/etc/yum.repos.d
DEBUG file_util.py:21:  created dir: /var/lib/mock/rocky-9-aarch64/root/etc/yum.repos.d
DEBUG file_util.py:18:  ensuring that dir exists: /var/lib/mock/rocky-9-aarch64/root/etc/yum
DEBUG file_util.py:21:  created dir: /var/lib/mock/rocky-9-aarch64/root/etc/yum
DEBUG file_util.py:18:  ensuring that dir exists: /var/lib/mock/rocky-9-aarch64/root/proc
DEBUG file_util.py:21:  created dir: /var/lib/mock/rocky-9-aarch64/root/proc
DEBUG file_util.py:18:  ensuring that dir exists: /var/lib/mock/rocky-9-aarch64/root/sys
DEBUG file_util.py:21:  created dir: /var/lib/mock/rocky-9-aarch64/root/sys
DEBUG file_util.py:18:  ensuring that dir exists: /var/lib/mock/rocky-9-aarch64/root/run/lock
DEBUG file_util.py:21:  created dir: /var/lib/mock/rocky-9-aarch64/root/run/lock
DEBUG file_util.py:18:  ensuring that dir exists: /var/lib/mock/rocky-9-aarch64/root/dev/pts
DEBUG file_util.py:21:  created dir: /var/lib/mock/rocky-9-aarch64/root/dev/pts
DEBUG file_util.py:18:  ensuring that dir exists: /var/lib/mock/rocky-9-aarch64/root/dev/shm
DEBUG file_util.py:21:  created dir: /var/lib/mock/rocky-9-aarch64/root/dev/shm
DEBUG file_util.py:18:  ensuring that dir exists: /var/lib/mock/rocky-9-aarch64/root/dev/mapper
DEBUG file_util.py:21:  created dir: /var/lib/mock/rocky-9-aarch64/root/dev/mapper
DEBUG buildroot.py:867:  kernel version == 5.14.0-611.34.1.el9_7.aarch64
DEBUG file_util.py:30:  touching file: /var/lib/mock/rocky-9-aarch64/root/etc/fstab
DEBUG file_util.py:30:  touching file: /var/lib/mock/rocky-9-aarch64/root/etc/yum/yum.conf
DEBUG file_util.py:30:  touching file: /var/lib/mock/rocky-9-aarch64/root/etc/dnf/dnf.conf
DEBUG file_util.py:30:  touching file: /var/lib/mock/rocky-9-aarch64/root/var/log/yum.log
DEBUG buildroot.py:332:  rootdir = /var/lib/mock/rocky-9-aarch64/root
DEBUG buildroot.py:333:  resultdir = /home/sherif/r9nx/results
INFO buildroot.py:181:  Package manager dnf4 detected and used (direct choice)
DEBUG file_util.py:18:  ensuring that dir exists: /var/lib/mock/rocky-9-aarch64/root/etc/pki/mock
DEBUG file_util.py:21:  created dir: /var/lib/mock/rocky-9-aarch64/root/etc/pki/mock
DEBUG package_manager.py:404:  copying CA trust dir into chroot: /etc/pki/ca-trust => /etc/pki/ca-trust
DEBUG file_util.py:158:  Updating files in /var/lib/mock/rocky-9-aarch64/root/etc/pki/ca-trust with files from /etc/pki/ca-trust
DEBUG file_util.py:18:  ensuring that dir exists: /var/lib/mock/rocky-9-aarch64/root/etc/pki/ca-trust
DEBUG file_util.py:21:  created dir: /var/lib/mock/rocky-9-aarch64/root/etc/pki/ca-trust
DEBUG file_util.py:18:  ensuring that dir exists: /var/lib/mock/rocky-9-aarch64/root/etc/pki/ca-trust/./extracted
DEBUG file_util.py:21:  created dir: /var/lib/mock/rocky-9-aarch64/root/etc/pki/ca-trust/./extracted
DEBUG file_util.py:18:  ensuring that dir exists: /var/lib/mock/rocky-9-aarch64/root/etc/pki/ca-trust/./source
DEBUG file_util.py:21:  created dir: /var/lib/mock/rocky-9-aarch64/root/etc/pki/ca-trust/./source
DEBUG file_util.py:18:  ensuring that dir exists: /var/lib/mock/rocky-9-aarch64/root/etc/pki/ca-trust/extracted/edk2
DEBUG file_util.py:21:  created dir: /var/lib/mock/rocky-9-aarch64/root/etc/pki/ca-trust/extracted/edk2
DEBUG file_util.py:18:  ensuring that dir exists: /var/lib/mock/rocky-9-aarch64/root/etc/pki/ca-trust/extracted/java
DEBUG file_util.py:21:  created dir: /var/lib/mock/rocky-9-aarch64/root/etc/pki/ca-trust/extracted/java
DEBUG file_util.py:18:  ensuring that dir exists: /var/lib/mock/rocky-9-aarch64/root/etc/pki/ca-trust/extracted/openssl
DEBUG file_util.py:21:  created dir: /var/lib/mock/rocky-9-aarch64/root/etc/pki/ca-trust/extracted/openssl
DEBUG file_util.py:18:  ensuring that dir exists: /var/lib/mock/rocky-9-aarch64/root/etc/pki/ca-trust/extracted/pem
DEBUG file_util.py:21:  created dir: /var/lib/mock/rocky-9-aarch64/root/etc/pki/ca-trust/extracted/pem
DEBUG file_util.py:18:  ensuring that dir exists: /var/lib/mock/rocky-9-aarch64/root/etc/pki/ca-trust/extracted/pem/directory-hash
DEBUG file_util.py:21:  created dir: /var/lib/mock/rocky-9-aarch64/root/etc/pki/ca-trust/extracted/pem/directory-hash
DEBUG file_util.py:18:  ensuring that dir exists: /var/lib/mock/rocky-9-aarch64/root/etc/pki/ca-trust/source/anchors
DEBUG file_util.py:21:  created dir: /var/lib/mock/rocky-9-aarch64/root/etc/pki/ca-trust/source/anchors
DEBUG file_util.py:18:  ensuring that dir exists: /var/lib/mock/rocky-9-aarch64/root/etc/pki/ca-trust/source/blocklist
DEBUG file_util.py:21:  created dir: /var/lib/mock/rocky-9-aarch64/root/etc/pki/ca-trust/source/blocklist
DEBUG package_manager.py:404:  copying CA trust dir into chroot: /usr/share/pki/ca-trust-source => /usr/share/pki/ca-trust-source
DEBUG file_util.py:158:  Updating files in /var/lib/mock/rocky-9-aarch64/root/usr/share/pki/ca-trust-source with files from /usr/share/pki/ca-trust-source
DEBUG file_util.py:18:  ensuring that dir exists: /var/lib/mock/rocky-9-aarch64/root/usr/share/pki/ca-trust-source
DEBUG file_util.py:21:  created dir: /var/lib/mock/rocky-9-aarch64/root/usr/share/pki/ca-trust-source
DEBUG file_util.py:18:  ensuring that dir exists: /var/lib/mock/rocky-9-aarch64/root/usr/share/pki/ca-trust-source/./anchors
DEBUG file_util.py:21:  created dir: /var/lib/mock/rocky-9-aarch64/root/usr/share/pki/ca-trust-source/./anchors
DEBUG file_util.py:18:  ensuring that dir exists: /var/lib/mock/rocky-9-aarch64/root/usr/share/pki/ca-trust-source/./blocklist
DEBUG file_util.py:21:  created dir: /var/lib/mock/rocky-9-aarch64/root/usr/share/pki/ca-trust-source/./blocklist
DEBUG file_util.py:18:  ensuring that dir exists: /var/lib/mock/rocky-9-aarch64/root/etc/dnf
DEBUG package_manager.py:691:  configure DNF vars
DEBUG file_util.py:18:  ensuring that dir exists: /var/lib/mock/rocky-9-aarch64/root/proc
DEBUG util.py:634:  child environment: None
DEBUG util.py:556:  Executing command: ['/bin/mount', '-n', '-t', 'tmpfs', '-o', 'rprivate,mode=0755', 'tmpfs', '/var/lib/mock/rocky-9-aarch64/root/proc'] with env {'TERM': 'vt100', 'SHELL': '/bin/sh', 'HOME': '/builddir', 'HOSTNAME': 'mock', 'PATH': '/usr/bin:/bin:/usr/sbin:/sbin', 'LANG': 'C.UTF-8'} and shell False
DEBUG util.py:608:  Child return code was: 0
DEBUG file_util.py:18:  ensuring that dir exists: /var/lib/mock/rocky-9-aarch64/root/proc
DEBUG util.py:634:  child environment: None
DEBUG util.py:556:  Executing command: ['/bin/mount', '-n', '-o', 'rbind', '/proc', '/var/lib/mock/rocky-9-aarch64/root/proc'] with env {'TERM': 'vt100', 'SHELL': '/bin/sh', 'HOME': '/builddir', 'HOSTNAME': 'mock', 'PATH': '/usr/bin:/bin:/usr/sbin:/sbin', 'LANG': 'C.UTF-8'} and shell False
DEBUG util.py:608:  Child return code was: 0
DEBUG util.py:634:  child environment: None
DEBUG util.py:556:  Executing command: ['/bin/mount', '-n', '-o', 'remount,nodev,noexec,nosuid,readonly,rprivate,rbind', '--target', '/var/lib/mock/rocky-9-aarch64/root/proc'] with env {'TERM': 'vt100', 'SHELL': '/bin/sh', 'HOME': '/builddir', 'HOSTNAME': 'mock', 'PATH': '/usr/bin:/bin:/usr/sbin:/sbin', 'LANG': 'C.UTF-8'} and shell False
DEBUG util.py:608:  Child return code was: 0
DEBUG file_util.py:18:  ensuring that dir exists: /var/lib/mock/rocky-9-aarch64/root/sys
DEBUG util.py:634:  child environment: None
DEBUG util.py:556:  Executing command: ['/bin/mount', '-n', '-t', 'tmpfs', '-o', 'rprivate,mode=0755', 'tmpfs', '/var/lib/mock/rocky-9-aarch64/root/sys'] with env {'TERM': 'vt100', 'SHELL': '/bin/sh', 'HOME': '/builddir', 'HOSTNAME': 'mock', 'PATH': '/usr/bin:/bin:/usr/sbin:/sbin', 'LANG': 'C.UTF-8'} and shell False
DEBUG util.py:608:  Child return code was: 0
DEBUG file_util.py:18:  ensuring that dir exists: /var/lib/mock/rocky-9-aarch64/root/sys
DEBUG util.py:634:  child environment: None
DEBUG util.py:556:  Executing command: ['/bin/mount', '-n', '-o', 'rbind', '/sys', '/var/lib/mock/rocky-9-aarch64/root/sys'] with env {'TERM': 'vt100', 'SHELL': '/bin/sh', 'HOME': '/builddir', 'HOSTNAME': 'mock', 'PATH': '/usr/bin:/bin:/usr/sbin:/sbin', 'LANG': 'C.UTF-8'} and shell False
DEBUG util.py:608:  Child return code was: 0
DEBUG util.py:634:  child environment: None
DEBUG util.py:556:  Executing command: ['/bin/mount', '-n', '-o', 'remount,nodev,noexec,nosuid,readonly,rprivate,rbind', '--target', '/var/lib/mock/rocky-9-aarch64/root/sys'] with env {'TERM': 'vt100', 'SHELL': '/bin/sh', 'HOME': '/builddir', 'HOSTNAME': 'mock', 'PATH': '/usr/bin:/bin:/usr/sbin:/sbin', 'LANG': 'C.UTF-8'} and shell False
DEBUG util.py:608:  Child return code was: 0
DEBUG file_util.py:18:  ensuring that dir exists: /var/lib/mock/rocky-9-aarch64/root/dev/shm
DEBUG util.py:634:  child environment: None
DEBUG util.py:556:  Executing command: ['/bin/mount', '-n', '-t', 'tmpfs', 'tmpfs', '/var/lib/mock/rocky-9-aarch64/root/dev/shm'] with env {'TERM': 'vt100', 'SHELL': '/bin/sh', 'HOME': '/builddir', 'HOSTNAME': 'mock', 'PATH': '/usr/bin:/bin:/usr/sbin:/sbin', 'LANG': 'C.UTF-8'} and shell False
DEBUG util.py:608:  Child return code was: 0
DEBUG file_util.py:18:  ensuring that dir exists: /var/lib/mock/rocky-9-aarch64/root/dev/pts
DEBUG util.py:634:  child environment: None
DEBUG util.py:556:  Executing command: ['/bin/mount', '-n', '-t', 'devpts', '-o', 'gid=5,mode=0620,ptmxmode=0666,newinstance', 'devpts', '/var/lib/mock/rocky-9-aarch64/root/dev/pts'] with env {'TERM': 'vt100', 'SHELL': '/bin/sh', 'HOME': '/builddir', 'HOSTNAME': 'mock', 'PATH': '/usr/bin:/bin:/usr/sbin:/sbin', 'LANG': 'C.UTF-8'} and shell False
DEBUG util.py:608:  Child return code was: 0
DEBUG util.py:634:  child environment: None
DEBUG util.py:556:  Executing command: ['/bin/mount', '-n', '-o', 'bind', '/tmp/mock-selinux-plugin.s6pzo2xm', '/var/lib/mock/rocky-9-aarch64/root/proc/filesystems'] with env {'TERM': 'vt100', 'SHELL': '/bin/sh', 'HOME': '/builddir', 'HOSTNAME': 'mock', 'PATH': '/usr/bin:/bin:/usr/sbin:/sbin', 'LANG': 'C.UTF-8'} and shell False
DEBUG util.py:608:  Child return code was: 0
DEBUG file_util.py:18:  ensuring that dir exists: /var/lib/mock/rocky-9-aarch64/root/sys/fs/selinux
DEBUG util.py:634:  child environment: None
DEBUG util.py:556:  Executing command: ['/bin/mount', '-n', '-t', 'tmpfs', 'tmpfs', '/var/lib/mock/rocky-9-aarch64/root/sys/fs/selinux'] with env {'TERM': 'vt100', 'SHELL': '/bin/sh', 'HOME': '/builddir', 'HOSTNAME': 'mock', 'PATH': '/usr/bin:/bin:/usr/sbin:/sbin', 'LANG': 'C.UTF-8'} and shell False
DEBUG util.py:608:  Child return code was: 0
DEBUG file_util.py:18:  ensuring that dir exists: /var/lib/mock/rocky-9-aarch64/root/var/cache/yum
DEBUG util.py:634:  child environment: None
DEBUG util.py:556:  Executing command: ['/bin/mount', '-n', '-o', 'bind', '/var/cache/mock/rocky-9-aarch64/yum_cache', '/var/lib/mock/rocky-9-aarch64/root/var/cache/yum'] with env {'TERM': 'vt100', 'SHELL': '/bin/sh', 'HOME': '/builddir', 'HOSTNAME': 'mock', 'PATH': '/usr/bin:/bin:/usr/sbin:/sbin', 'LANG': 'C.UTF-8'} and shell False
DEBUG util.py:608:  Child return code was: 0
DEBUG file_util.py:18:  ensuring that dir exists: /var/lib/mock/rocky-9-aarch64/root/var/cache/dnf
DEBUG util.py:634:  child environment: None
DEBUG util.py:556:  Executing command: ['/bin/mount', '-n', '-o', 'bind', '/var/cache/mock/rocky-9-aarch64/dnf_cache', '/var/lib/mock/rocky-9-aarch64/root/var/cache/dnf'] with env {'TERM': 'vt100', 'SHELL': '/bin/sh', 'HOME': '/builddir', 'HOSTNAME': 'mock', 'PATH': '/usr/bin:/bin:/usr/sbin:/sbin', 'LANG': 'C.UTF-8'} and shell False
DEBUG util.py:608:  Child return code was: 0
DEBUG util.py:634:  child environment: None
DEBUG util.py:556:  Executing command: ['rpm', '-q', 'rpm', 'rpm-sequoia', 'python3-dnf', 'python3-dnf-plugins-core', 'yum', 'yum-utils', 'dnf5', 'dnf5-plugins'] with env {'TERM': 'vt100', 'SHELL': '/bin/sh', 'HOME': '/builddir', 'HOSTNAME': 'mock', 'PATH': '/usr/bin:/bin:/usr/sbin:/sbin', 'LANG': 'C.UTF-8'} and shell False
DEBUG util.py:461:  rpm-4.16.1.3-25.el9.aarch64
DEBUG util.py:461:  package rpm-sequoia is not installed
DEBUG util.py:461:  python3-dnf-4.14.0-8.el9.noarch
DEBUG util.py:461:  python3-dnf-plugins-core-4.3.0-11.el9_3.noarch
DEBUG util.py:461:  yum-4.14.0-8.el9.noarch
DEBUG util.py:461:  package yum-utils is not installed
DEBUG util.py:461:  package dnf5 is not installed
DEBUG util.py:461:  package dnf5-plugins is not installed
DEBUG util.py:608:  Child return code was: 4
INFO package_manager.py:201:  Buildroot is handled by package management downloaded with a bootstrap image:
  rpm-4.16.1.3-25.el9.aarch64
  python3-dnf-4.14.0-8.el9.noarch
  python3-dnf-plugins-core-4.3.0-11.el9_3.noarch
  yum-4.14.0-8.el9.noarch
DEBUG file_util.py:18:  ensuring that dir exists: /var/lib/mock/rocky-9-aarch64/root/etc
DEBUG file_util.py:18:  ensuring that dir exists: /var/lib/mock/rocky-9-aarch64/root/etc
DEBUG file_util.py:18:  ensuring that dir exists: /var/lib/mock/rocky-9-aarch64-bootstrap/root/var/lib/mock/rocky-9-aarch64/root
DEBUG util.py:634:  child environment: None
DEBUG util.py:556:  Executing command: ['/bin/mount', '-n', '-t', 'tmpfs', '-o', 'private,mode=0755', 'tmpfs', '/var/lib/mock/rocky-9-aarch64-bootstrap/root/var/lib/mock/rocky-9-aarch64/root'] with env {'TERM': 'vt100', 'SHELL': '/bin/sh', 'HOME': '/builddir', 'HOSTNAME': 'mock', 'PATH': '/usr/bin:/bin:/usr/sbin:/sbin', 'LANG': 'C.UTF-8'} and shell False
DEBUG util.py:608:  Child return code was: 0
DEBUG file_util.py:18:  ensuring that dir exists: /var/lib/mock/rocky-9-aarch64-bootstrap/root/var/lib/mock/rocky-9-aarch64/root
DEBUG util.py:634:  child environment: None
DEBUG util.py:556:  Executing command: ['/bin/mount', '-n', '-o', 'rbind', '/var/lib/mock/rocky-9-aarch64/root', '/var/lib/mock/rocky-9-aarch64-bootstrap/root/var/lib/mock/rocky-9-aarch64/root'] with env {'TERM': 'vt100', 'SHELL': '/bin/sh', 'HOME': '/builddir', 'HOSTNAME': 'mock', 'PATH': '/usr/bin:/bin:/usr/sbin:/sbin', 'LANG': 'C.UTF-8'} and shell False
DEBUG util.py:608:  Child return code was: 0
DEBUG util.py:634:  child environment: None
DEBUG util.py:556:  Executing command: ['/bin/mount', '-n', '-o', 'remount,private,rbind', '--target', '/var/lib/mock/rocky-9-aarch64-bootstrap/root/var/lib/mock/rocky-9-aarch64/root'] with env {'TERM': 'vt100', 'SHELL': '/bin/sh', 'HOME': '/builddir', 'HOSTNAME': 'mock', 'PATH': '/usr/bin:/bin:/usr/sbin:/sbin', 'LANG': 'C.UTF-8'} and shell False
DEBUG util.py:608:  Child return code was: 0
DEBUG file_util.py:18:  ensuring that dir exists: /var/lib/mock/rocky-9-aarch64/root/installation-homedir
DEBUG file_util.py:21:  created dir: /var/lib/mock/rocky-9-aarch64/root/installation-homedir
DEBUG package_manager.py:295:  ['/usr/bin/dnf-3', '--installroot', '/var/lib/mock/rocky-9-aarch64/root/', '--releasever', '9', '--setopt=deltarpm=False', '--setopt=allow_vendor_change=yes', '--allowerasing', '--disableplugin=local', '--disableplugin=spacewalk', '--disableplugin=versionlock', 'install', 'bash', 'bzip2', 'coreutils', 'cpio', 'diffutils', 'redhat-release', 'findutils', 'gawk', 'glibc-minimal-langpack', 'grep', 'gzip', 'info', 'patch', 'redhat-rpm-config', 'rpm-build', 'sed', 'tar', 'unzip', 'util-linux', 'which', 'xz']
DEBUG util.py:634:  child environment: None
DEBUG util.py:556:  Executing command: ['/usr/bin/dnf-3', '--installroot', '/var/lib/mock/rocky-9-aarch64/root/', '--releasever', '9', '--setopt=deltarpm=False', '--setopt=allow_vendor_change=yes', '--allowerasing', '--disableplugin=local', '--disableplugin=spacewalk', '--disableplugin=versionlock', 'install', 'bash', 'bzip2', 'coreutils', 'cpio', 'diffutils', 'redhat-release', 'findutils', 'gawk', 'glibc-minimal-langpack', 'grep', 'gzip', 'info', 'patch', 'redhat-rpm-config', 'rpm-build', 'sed', 'tar', 'unzip', 'util-linux', 'which', 'xz', '--setopt=tsflags=nocontexts'] with env {'TERM': 'vt100', 'SHELL': '/bin/bash', 'HOME': '/var/lib/mock/rocky-9-aarch64/root/installation-homedir', 'HOSTNAME': 'mock', 'PATH': '/usr/bin:/bin:/usr/sbin:/sbin', 'PROMPT_COMMAND': 'printf "\\033]0;<mock-chroot>\\007"', 'PS1': '<mock-chroot> \\s-\\v\\$ ', 'LANG': 'C.UTF-8', 'LC_MESSAGES': 'C.UTF-8'} and shell False
DEBUG util.py:459:  No matches found for the following disable plugin patterns: local, spacewalk, versionlock
DEBUG util.py:461:  Rocky Linux 9 - BaseOS                                                                                       5.9 MB/s | 2.8 MB     00:00    
DEBUG util.py:461:  Rocky Linux 9 - AppStream                                                                                     12 MB/s | 8.7 MB     00:00    
DEBUG util.py:461:  Rocky Linux 9 - CRB                                                                                          1.9 MB/s | 2.2 MB     00:01    
DEBUG util.py:461:  Rocky Linux 9 - Extras                                                                                        37 kB/s |  17 kB     00:00    
DEBUG util.py:461:  Dependencies resolved.
DEBUG util.py:461:  =============================================================================================================================================
DEBUG util.py:461:   Package                                    Architecture           Version                                    Repository                Size
DEBUG util.py:461:  =============================================================================================================================================
DEBUG util.py:461:  Installing:
DEBUG util.py:461:   bash                                       aarch64                5.1.8-9.el9                                baseos                   1.6 M
DEBUG util.py:461:   bzip2                                      aarch64                1.0.8-11.el9                               baseos                    51 k
DEBUG util.py:461:   coreutils                                  aarch64                8.32-40.el9                                baseos                   1.1 M
DEBUG util.py:461:   cpio                                       aarch64                2.13-16.el9                                baseos                   268 k
DEBUG util.py:461:   diffutils                                  aarch64                3.7-12.el9                                 baseos                   383 k
DEBUG util.py:461:   findutils                                  aarch64                1:4.8.0-7.el9                              baseos                   537 k
DEBUG util.py:461:   gawk                                       aarch64                5.1.0-6.el9                                baseos                   976 k
DEBUG util.py:461:   glibc-minimal-langpack                     aarch64                2.34-266.el9_8                             baseos                    27 k
DEBUG util.py:461:   grep                                       aarch64                3.6-5.el9                                  baseos                   254 k
DEBUG util.py:461:   gzip                                       aarch64                1.12-1.el9                                 baseos                   156 k
DEBUG util.py:461:   info                                       aarch64                6.7-15.el9                                 baseos                   220 k
DEBUG util.py:461:   patch                                      aarch64                2.7.6-16.el9                               appstream                123 k
DEBUG util.py:461:   redhat-rpm-config                          noarch                 210-1.el9                                  appstream                 64 k
DEBUG util.py:461:   rocky-release                              noarch                 9.8-1.1.el9                                baseos                    22 k
DEBUG util.py:461:   rpm-build                                  aarch64                4.16.1.3-40.el9                            appstream                 58 k
DEBUG util.py:461:   sed                                        aarch64                4.8-10.el9_8                               baseos                   293 k
DEBUG util.py:461:   tar                                        aarch64                2:1.34-11.el9                              baseos                   869 k
DEBUG util.py:461:   unzip                                      aarch64                6.0-60.el9_8                               baseos                   177 k
DEBUG util.py:461:   util-linux                                 aarch64                2.37.4-25.el9                              baseos                   2.2 M
DEBUG util.py:461:   which                                      aarch64                2.21-30.el9_6                              baseos                    40 k
DEBUG util.py:461:   xz                                         aarch64                5.2.5-8.el9_0                              baseos                   214 k
DEBUG util.py:461:  Installing dependencies:
DEBUG util.py:461:   alternatives                               aarch64                1.24-2.el9                                 baseos                    37 k
DEBUG util.py:461:   audit-libs                                 aarch64                3.1.5-8.el9                                baseos                   120 k
DEBUG util.py:461:   basesystem                                 noarch                 11-13.el9.0.1                              baseos                   6.4 k
DEBUG util.py:461:   binutils                                   aarch64                2.35.2-72.el9                              baseos                   4.7 M
DEBUG util.py:461:   binutils-gold                              aarch64                2.35.2-72.el9                              baseos                   881 k
DEBUG util.py:461:   bzip2-libs                                 aarch64                1.0.8-11.el9                               baseos                    40 k
DEBUG util.py:461:   ca-certificates                            noarch                 2025.2.80_v9.0.305-91.el9                  baseos                   948 k
DEBUG util.py:461:   coreutils-common                           aarch64                8.32-40.el9                                baseos                   2.0 M
DEBUG util.py:461:   cracklib                                   aarch64                2.9.6-28.el9                               baseos                    80 k
DEBUG util.py:461:   cracklib-dicts                             aarch64                2.9.6-28.el9                               baseos                   3.6 M
DEBUG util.py:461:   crypto-policies                            noarch                 20260224-1.gitea0f072.el9                  baseos                    56 k
DEBUG util.py:461:   curl                                       aarch64                7.76.1-40.el9                              baseos                   289 k
DEBUG util.py:461:   cyrus-sasl-lib                             aarch64                2.1.27-22.el9_7                            baseos                   748 k
DEBUG util.py:461:   debugedit                                  aarch64                5.0-11.el9                                 appstream                 76 k
DEBUG util.py:461:   dwz                                        aarch64                0.16-1.el9                                 appstream                133 k
DEBUG util.py:461:   ed                                         aarch64                1.14.2-12.el9                              baseos                    73 k
DEBUG util.py:461:   efi-srpm-macros                            noarch                 6-4.el9                                    appstream                 21 k
DEBUG util.py:461:   elfutils                                   aarch64                0.194-1.el9.rocky.0.1                      baseos                   559 k
DEBUG util.py:461:   elfutils-debuginfod-client                 aarch64                0.194-1.el9.rocky.0.1                      baseos                    42 k
DEBUG util.py:461:   elfutils-default-yama-scope                noarch                 0.194-1.el9.rocky.0.1                      baseos                   9.0 k
DEBUG util.py:461:   elfutils-libelf                            aarch64                0.194-1.el9.rocky.0.1                      baseos                   198 k
DEBUG util.py:461:   elfutils-libs                              aarch64                0.194-1.el9.rocky.0.1                      baseos                   266 k
DEBUG util.py:461:   file                                       aarch64                5.39-17.el9                                baseos                    48 k
DEBUG util.py:461:   file-libs                                  aarch64                5.39-17.el9                                baseos                   585 k
DEBUG util.py:461:   filesystem                                 aarch64                3.16-5.el9                                 baseos                   1.1 M
DEBUG util.py:461:   fonts-srpm-macros                          noarch                 1:2.0.5-7.el9.1                            appstream                 27 k
DEBUG util.py:461:   gdb-minimal                                aarch64                16.3-3.el9                                 appstream                4.2 M
DEBUG util.py:461:   gdbm-libs                                  aarch64                1:1.23-1.el9                               baseos                    55 k
DEBUG util.py:461:   ghc-srpm-macros                            noarch                 1.5.0-6.el9                                appstream                7.8 k
DEBUG util.py:461:   glibc                                      aarch64                2.34-266.el9_8                             baseos                   1.7 M
DEBUG util.py:461:   glibc-common                               aarch64                2.34-266.el9_8                             baseos                   291 k
DEBUG util.py:461:   glibc-gconv-extra                          aarch64                2.34-266.el9_8                             baseos                   1.6 M
DEBUG util.py:461:   gmp                                        aarch64                1:6.2.0-13.el9                             baseos                   264 k
DEBUG util.py:461:   go-srpm-macros                             noarch                 3.8.1-1.el9                                appstream                 27 k
DEBUG util.py:461:   groff-base                                 aarch64                1.22.4-10.el9.0.1                          baseos                   1.0 M
DEBUG util.py:461:   json-c                                     aarch64                0.14-11.el9                                baseos                    41 k
DEBUG util.py:461:   kernel-srpm-macros                         noarch                 1.0-14.el9                                 appstream                 14 k
DEBUG util.py:461:   keyutils-libs                              aarch64                1.6.3-1.el9                                baseos                    30 k
DEBUG util.py:461:   krb5-libs                                  aarch64                1.21.1-10.el9_8                            baseos                   757 k
DEBUG util.py:461:   libacl                                     aarch64                2.3.1-4.el9                                baseos                    22 k
DEBUG util.py:461:   libarchive                                 aarch64                3.5.3-9.el9_7                              baseos                   385 k
DEBUG util.py:461:   libattr                                    aarch64                2.5.1-3.el9                                baseos                    18 k
DEBUG util.py:461:   libblkid                                   aarch64                2.37.4-25.el9                              baseos                   105 k
DEBUG util.py:461:   libbrotli                                  aarch64                1.0.9-9.el9_7                              baseos                   311 k
DEBUG util.py:461:   libcap                                     aarch64                2.48-10.el9_7.1                            baseos                    65 k
DEBUG util.py:461:   libcap-ng                                  aarch64                0.8.2-7.el9                                baseos                    31 k
DEBUG util.py:461:   libcom_err                                 aarch64                1.46.5-8.el9                               baseos                    25 k
DEBUG util.py:461:   libcurl                                    aarch64                7.76.1-40.el9                              baseos                   278 k
DEBUG util.py:461:   libdb                                      aarch64                5.3.28-57.el9_6                            baseos                   707 k
DEBUG util.py:461:   libeconf                                   aarch64                0.4.1-5.el9                                baseos                    25 k
DEBUG util.py:461:   libevent                                   aarch64                2.1.12-8.el9_4                             baseos                   253 k
DEBUG util.py:461:   libfdisk                                   aarch64                2.37.4-25.el9                              baseos                   147 k
DEBUG util.py:461:   libffi                                     aarch64                3.4.2-8.el9                                baseos                    35 k
DEBUG util.py:461:   libgcc                                     aarch64                11.5.0-14.el9                              baseos                    79 k
DEBUG util.py:461:   libgcrypt                                  aarch64                1.10.0-11.el9                              baseos                   454 k
DEBUG util.py:461:   libgomp                                    aarch64                11.5.0-14.el9                              baseos                   256 k
DEBUG util.py:461:   libgpg-error                               aarch64                1.42-5.el9                                 baseos                   209 k
DEBUG util.py:461:   libidn2                                    aarch64                2.3.0-7.el9                                baseos                    96 k
DEBUG util.py:461:   libmount                                   aarch64                2.37.4-25.el9                              baseos                   131 k
DEBUG util.py:461:   libnghttp2                                 aarch64                1.43.0-6.el9_7.1                           baseos                    72 k
DEBUG util.py:461:   libpkgconf                                 aarch64                1.7.3-10.el9                               baseos                    35 k
DEBUG util.py:461:   libpsl                                     aarch64                0.21.1-5.el9                               baseos                    63 k
DEBUG util.py:461:   libpwquality                               aarch64                1.4.4-8.el9                                baseos                   105 k
DEBUG util.py:461:   libselinux                                 aarch64                3.6-3.el9                                  baseos                    85 k
DEBUG util.py:461:   libsemanage                                aarch64                3.6-5.el9_6                                baseos                   114 k
DEBUG util.py:461:   libsepol                                   aarch64                3.6-3.el9                                  baseos                   317 k
DEBUG util.py:461:   libsigsegv                                 aarch64                2.13-4.el9                                 baseos                    26 k
DEBUG util.py:461:   libsmartcols                               aarch64                2.37.4-25.el9                              baseos                    60 k
DEBUG util.py:461:   libssh                                     aarch64                0.10.4-18.el9                              baseos                   211 k
DEBUG util.py:461:   libssh-config                              noarch                 0.10.4-18.el9                              baseos                   8.2 k
DEBUG util.py:461:   libstdc++                                  aarch64                11.5.0-14.el9                              baseos                   702 k
DEBUG util.py:461:   libtasn1                                   aarch64                4.16.0-9.el9                               baseos                    72 k
DEBUG util.py:461:   libtool-ltdl                               aarch64                2.4.6-46.el9                               baseos                    34 k
DEBUG util.py:461:   libunistring                               aarch64                0.9.10-15.el9                              baseos                   487 k
DEBUG util.py:461:   libutempter                                aarch64                1.2.1-6.el9                                baseos                    26 k
DEBUG util.py:461:   libuuid                                    aarch64                2.37.4-25.el9                              baseos                    26 k
DEBUG util.py:461:   libverto                                   aarch64                0.3.2-3.el9                                baseos                    20 k
DEBUG util.py:461:   libxcrypt                                  aarch64                4.4.18-3.el9                               baseos                   120 k
DEBUG util.py:461:   libxml2                                    aarch64                2.9.13-14.el9_7                            baseos                   729 k
DEBUG util.py:461:   libzstd                                    aarch64                1.5.5-1.el9                                baseos                   273 k
DEBUG util.py:461:   lua-libs                                   aarch64                5.4.4-4.el9                                baseos                   127 k
DEBUG util.py:461:   lua-srpm-macros                            noarch                 1-6.el9                                    appstream                8.5 k
DEBUG util.py:461:   lz4-libs                                   aarch64                1.9.3-5.el9                                baseos                    66 k
DEBUG util.py:461:   mpfr                                       aarch64                4.1.0-10.el9                               baseos                   238 k
DEBUG util.py:461:   ncurses                                    aarch64                6.2-12.20210508.el9                        baseos                   398 k
DEBUG util.py:461:   ncurses-base                               noarch                 6.2-12.20210508.el9                        baseos                    60 k
DEBUG util.py:461:   ncurses-libs                               aarch64                6.2-12.20210508.el9                        baseos                   310 k
DEBUG util.py:461:   ocaml-srpm-macros                          noarch                 6-6.el9                                    appstream                7.8 k
DEBUG util.py:461:   openblas-srpm-macros                       noarch                 2-11.el9                                   appstream                7.3 k
DEBUG util.py:461:   openldap                                   aarch64                2.6.8-4.el9.0.1                            baseos                   251 k
DEBUG util.py:461:   openssl                                    aarch64                1:3.5.5-2.el9_8                            baseos                   1.4 M
DEBUG util.py:461:   openssl-fips-provider                      aarch64                1:3.5.5-2.el9_8                            baseos                   728 k
DEBUG util.py:461:   openssl-libs                               aarch64                1:3.5.5-2.el9_8                            baseos                   2.2 M
DEBUG util.py:461:   p11-kit                                    aarch64                0.26.2-1.el9                               baseos                   543 k
DEBUG util.py:461:   p11-kit-trust                              aarch64                0.26.2-1.el9                               baseos                   149 k
DEBUG util.py:461:   pam                                        aarch64                1.5.1-28.el9                               baseos                   542 k
DEBUG util.py:461:   pcre                                       aarch64                8.44-4.el9                                 baseos                   179 k
DEBUG util.py:461:   pcre2                                      aarch64                10.40-6.el9                                baseos                   217 k
DEBUG util.py:461:   pcre2-syntax                               noarch                 10.40-6.el9                                baseos                   140 k
DEBUG util.py:461:   perl-AutoLoader                            noarch                 5.74-483.el9                               appstream                 20 k
DEBUG util.py:461:   perl-B                                     aarch64                1.80-483.el9                               appstream                178 k
DEBUG util.py:461:   perl-Carp                                  noarch                 1.50-460.el9.0.1                           appstream                 29 k
DEBUG util.py:461:   perl-Class-Struct                          noarch                 0.66-483.el9                               appstream                 21 k
DEBUG util.py:461:   perl-Data-Dumper                           aarch64                2.174-462.el9                              appstream                 54 k
DEBUG util.py:461:   perl-Digest                                noarch                 1.19-4.el9.0.1                             appstream                 25 k
DEBUG util.py:461:   perl-Digest-MD5                            aarch64                2.58-4.el9                                 appstream                 36 k
DEBUG util.py:461:   perl-Encode                                aarch64                4:3.08-462.el9                             appstream                1.7 M
DEBUG util.py:461:   perl-Errno                                 aarch64                1.30-483.el9                               appstream                 13 k
DEBUG util.py:461:   perl-Exporter                              noarch                 5.74-461.el9                               appstream                 31 k
DEBUG util.py:461:   perl-Fcntl                                 aarch64                1.13-483.el9                               appstream                 19 k
DEBUG util.py:461:   perl-File-Basename                         noarch                 2.85-483.el9                               appstream                 16 k
DEBUG util.py:461:   perl-File-Path                             noarch                 2.18-4.el9                                 appstream                 35 k
DEBUG util.py:461:   perl-File-Temp                             noarch                 1:0.231.100-4.el9                          appstream                 59 k
DEBUG util.py:461:   perl-File-stat                             noarch                 1.09-483.el9                               appstream                 16 k
DEBUG util.py:461:   perl-FileHandle                            noarch                 2.03-483.el9                               appstream                 14 k
DEBUG util.py:461:   perl-Getopt-Long                           noarch                 1:2.52-4.el9                               appstream                 60 k
DEBUG util.py:461:   perl-Getopt-Std                            noarch                 1.12-483.el9                               appstream                 14 k
DEBUG util.py:461:   perl-HTTP-Tiny                             noarch                 0.076-462.el9                              appstream                 53 k
DEBUG util.py:461:   perl-IO                                    aarch64                1.43-483.el9                               appstream                 85 k
DEBUG util.py:461:   perl-IO-Socket-IP                          noarch                 0.41-5.el9                                 appstream                 42 k
DEBUG util.py:461:   perl-IO-Socket-SSL                         noarch                 2.073-2.el9                                appstream                214 k
DEBUG util.py:461:   perl-IPC-Open3                             noarch                 1.21-483.el9                               appstream                 22 k
DEBUG util.py:461:   perl-MIME-Base64                           aarch64                3.16-4.el9                                 appstream                 30 k
DEBUG util.py:461:   perl-Mozilla-CA                            noarch                 20200520-6.el9                             appstream                 12 k
DEBUG util.py:461:   perl-Net-SSLeay                            aarch64                1.94-3.el9                                 appstream                391 k
DEBUG util.py:461:   perl-POSIX                                 aarch64                1.94-483.el9                               appstream                 95 k
DEBUG util.py:461:   perl-PathTools                             aarch64                3.78-461.el9                               appstream                 85 k
DEBUG util.py:461:   perl-Pod-Escapes                           noarch                 1:1.07-460.el9.0.1                         appstream                 20 k
DEBUG util.py:461:   perl-Pod-Perldoc                           noarch                 3.28.01-461.el9                            appstream                 83 k
DEBUG util.py:461:   perl-Pod-Simple                            noarch                 1:3.42-4.el9                               appstream                215 k
DEBUG util.py:461:   perl-Pod-Usage                             noarch                 4:2.01-4.el9                               appstream                 40 k
DEBUG util.py:461:   perl-Scalar-List-Utils                     aarch64                4:1.56-462.el9                             appstream                 68 k
DEBUG util.py:461:   perl-SelectSaver                           noarch                 1.02-483.el9                               appstream                 10 k
DEBUG util.py:461:   perl-Socket                                aarch64                4:2.031-4.el9                              appstream                 54 k
DEBUG util.py:461:   perl-Storable                              aarch64                1:3.21-460.el9                             appstream                 93 k
DEBUG util.py:461:   perl-Symbol                                noarch                 1.08-483.el9                               appstream                 13 k
DEBUG util.py:461:   perl-Term-ANSIColor                        noarch                 5.01-461.el9.0.1                           appstream                 48 k
DEBUG util.py:461:   perl-Term-Cap                              noarch                 1.17-460.el9.0.1                           appstream                 22 k
DEBUG util.py:461:   perl-Text-ParseWords                       noarch                 3.30-460.el9                               appstream                 16 k
DEBUG util.py:461:   perl-Text-Tabs+Wrap                        noarch                 2013.0523-460.el9.0.1                      appstream                 23 k
DEBUG util.py:461:   perl-Time-Local                            noarch                 2:1.300-7.el9                              appstream                 33 k
DEBUG util.py:461:   perl-URI                                   noarch                 5.09-3.el9.0.1                             appstream                124 k
DEBUG util.py:461:   perl-base                                  noarch                 2.27-483.el9                               appstream                 15 k
DEBUG util.py:461:   perl-constant                              noarch                 1.33-461.el9.0.1                           appstream                 23 k
DEBUG util.py:461:   perl-if                                    noarch                 0.60.800-483.el9                           appstream                 13 k
DEBUG util.py:461:   perl-interpreter                           aarch64                4:5.32.1-483.el9                           appstream                 69 k
DEBUG util.py:461:   perl-libnet                                noarch                 3.13-4.el9                                 appstream                125 k
DEBUG util.py:461:   perl-libs                                  aarch64                4:5.32.1-483.el9                           appstream                2.0 M
DEBUG util.py:461:   perl-mro                                   aarch64                1.23-483.el9                               appstream                 26 k
DEBUG util.py:461:   perl-overload                              noarch                 1.31-483.el9                               appstream                 44 k
DEBUG util.py:461:   perl-overloading                           noarch                 0.02-483.el9                               appstream                 12 k
DEBUG util.py:461:   perl-parent                                noarch                 1:0.238-460.el9                            appstream                 14 k
DEBUG util.py:461:   perl-podlators                             noarch                 1:4.14-460.el9.0.1                         appstream                117 k
DEBUG util.py:461:   perl-srpm-macros                           noarch                 1-41.el9                                   appstream                8.2 k
DEBUG util.py:461:   perl-subs                                  noarch                 1.03-483.el9                               appstream                 10 k
DEBUG util.py:461:   perl-vars                                  noarch                 1.05-483.el9                               appstream                 12 k
DEBUG util.py:461:   pkgconf                                    aarch64                1.7.3-10.el9                               baseos                    39 k
DEBUG util.py:461:   pkgconf-m4                                 noarch                 1.7.3-10.el9                               baseos                    14 k
DEBUG util.py:461:   pkgconf-pkg-config                         aarch64                1.7.3-10.el9                               baseos                    10 k
DEBUG util.py:461:   popt                                       aarch64                1.18-8.el9                                 baseos                    58 k
DEBUG util.py:461:   publicsuffix-list-dafsa                    noarch                 20210518-3.el9                             baseos                    58 k
DEBUG util.py:461:   pyproject-srpm-macros                      noarch                 1.18.5-1.el9                               appstream                 13 k
DEBUG util.py:461:   python-srpm-macros                         noarch                 3.9-54.el9                                 appstream                 17 k
DEBUG util.py:461:   qt5-srpm-macros                            noarch                 5.15.9-1.el9                               appstream                7.9 k
DEBUG util.py:461:   readline                                   aarch64                8.1-4.el9                                  baseos                   210 k
DEBUG util.py:461:   rocky-gpg-keys                             noarch                 9.8-1.1.el9                                baseos                    12 k
DEBUG util.py:461:   rocky-repos                                noarch                 9.8-1.1.el9                                baseos                    12 k
DEBUG util.py:461:   rpm                                        aarch64                4.16.1.3-40.el9                            baseos                   480 k
DEBUG util.py:461:   rpm-build-libs                             aarch64                4.16.1.3-40.el9                            baseos                    85 k
DEBUG util.py:461:   rpm-libs                                   aarch64                4.16.1.3-40.el9                            baseos                   301 k
DEBUG util.py:461:   rust-srpm-macros                           noarch                 17-4.el9                                   appstream                9.3 k
DEBUG util.py:461:   setup                                      noarch                 2.13.7-10.el9                              baseos                   140 k
DEBUG util.py:461:   shadow-utils                               aarch64                2:4.9-16.el9                               baseos                   1.1 M
DEBUG util.py:461:   sqlite-libs                                aarch64                3.34.1-9.el9_7                             baseos                   636 k
DEBUG util.py:461:   systemd-libs                               aarch64                252-67.el9.rocky.0.1                       baseos                   626 k
DEBUG util.py:461:   tzdata                                     noarch                 2026a-1.el9                                baseos                   496 k
DEBUG util.py:461:   util-linux-core                            aarch64                2.37.4-25.el9                              baseos                   429 k
DEBUG util.py:461:   xz-libs                                    aarch64                5.2.5-8.el9_0                              baseos                    90 k
DEBUG util.py:461:   zip                                        aarch64                3.0-35.el9                                 baseos                   257 k
DEBUG util.py:461:   zlib                                       aarch64                1.2.11-40.el9                              baseos                    89 k
DEBUG util.py:461:   zstd                                       aarch64                1.5.5-1.el9                                baseos                   354 k
DEBUG util.py:461:  Transaction Summary
DEBUG util.py:461:  =============================================================================================================================================
DEBUG util.py:461:  Install  202 Packages
DEBUG util.py:461:  Total download size: 63 M
DEBUG util.py:461:  Installed size: 248 M
DEBUG util.py:461:  Downloading Packages:
DEBUG util.py:461:  (1/202): basesystem-11-13.el9.0.1.noarch.rpm                                                                  31 kB/s | 6.4 kB     00:00    
DEBUG util.py:461:  (2/202): alternatives-1.24-2.el9.aarch64.rpm                                                                 132 kB/s |  37 kB     00:00    
DEBUG util.py:461:  (3/202): audit-libs-3.1.5-8.el9.aarch64.rpm                                                                  372 kB/s | 120 kB     00:00    
DEBUG util.py:461:  (4/202): binutils-gold-2.35.2-72.el9.aarch64.rpm                                                             3.7 MB/s | 881 kB     00:00    
DEBUG util.py:461:  (5/202): bash-5.1.8-9.el9.aarch64.rpm                                                                        4.2 MB/s | 1.6 MB     00:00    
DEBUG util.py:461:  (6/202): binutils-2.35.2-72.el9.aarch64.rpm                                                                   13 MB/s | 4.7 MB     00:00    
DEBUG util.py:461:  (7/202): bzip2-1.0.8-11.el9.aarch64.rpm                                                                      499 kB/s |  51 kB     00:00    
DEBUG util.py:461:  (8/202): bzip2-libs-1.0.8-11.el9.aarch64.rpm                                                                 508 kB/s |  40 kB     00:00    
DEBUG util.py:461:  (9/202): ca-certificates-2025.2.80_v9.0.305-91.el9.noarch.rpm                                                 16 MB/s | 948 kB     00:00    
DEBUG util.py:461:  (10/202): coreutils-8.32-40.el9.aarch64.rpm                                                                   17 MB/s | 1.1 MB     00:00    
DEBUG util.py:461:  (11/202): coreutils-common-8.32-40.el9.aarch64.rpm                                                            19 MB/s | 2.0 MB     00:00    
DEBUG util.py:461:  (12/202): cracklib-2.9.6-28.el9.aarch64.rpm                                                                  1.2 MB/s |  80 kB     00:00    
DEBUG util.py:461:  (13/202): cpio-2.13-16.el9.aarch64.rpm                                                                       3.9 MB/s | 268 kB     00:00    
DEBUG util.py:461:  (14/202): crypto-policies-20260224-1.gitea0f072.el9.noarch.rpm                                               601 kB/s |  56 kB     00:00    
DEBUG util.py:461:  (15/202): curl-7.76.1-40.el9.aarch64.rpm                                                                     3.0 MB/s | 289 kB     00:00    
DEBUG util.py:461:  (16/202): cracklib-dicts-2.9.6-28.el9.aarch64.rpm                                                             25 MB/s | 3.6 MB     00:00    
DEBUG util.py:461:  (17/202): cyrus-sasl-lib-2.1.27-22.el9_7.aarch64.rpm                                                          13 MB/s | 748 kB     00:00    
DEBUG util.py:461:  (18/202): diffutils-3.7-12.el9.aarch64.rpm                                                                   7.0 MB/s | 383 kB     00:00    
DEBUG util.py:461:  (19/202): ed-1.14.2-12.el9.aarch64.rpm                                                                       1.4 MB/s |  73 kB     00:00    
DEBUG util.py:461:  (20/202): elfutils-debuginfod-client-0.194-1.el9.rocky.0.1.aarch64.rpm                                       875 kB/s |  42 kB     00:00    
DEBUG util.py:461:  (21/202): elfutils-0.194-1.el9.rocky.0.1.aarch64.rpm                                                          10 MB/s | 559 kB     00:00    
DEBUG util.py:461:  (22/202): elfutils-default-yama-scope-0.194-1.el9.rocky.0.1.noarch.rpm                                       194 kB/s | 9.0 kB     00:00    
DEBUG util.py:461:  (23/202): elfutils-libelf-0.194-1.el9.rocky.0.1.aarch64.rpm                                                  3.9 MB/s | 198 kB     00:00    
DEBUG util.py:461:  (24/202): elfutils-libs-0.194-1.el9.rocky.0.1.aarch64.rpm                                                    5.2 MB/s | 266 kB     00:00    
DEBUG util.py:461:  (25/202): file-5.39-17.el9.aarch64.rpm                                                                       968 kB/s |  48 kB     00:00    
DEBUG util.py:461:  (26/202): file-libs-5.39-17.el9.aarch64.rpm                                                                   11 MB/s | 585 kB     00:00    
DEBUG util.py:461:  (27/202): filesystem-3.16-5.el9.aarch64.rpm                                                                   20 MB/s | 1.1 MB     00:00    
DEBUG util.py:461:  (28/202): findutils-4.8.0-7.el9.aarch64.rpm                                                                  9.5 MB/s | 537 kB     00:00    
DEBUG util.py:461:  (29/202): gdbm-libs-1.23-1.el9.aarch64.rpm                                                                   713 kB/s |  55 kB     00:00    
DEBUG util.py:461:  (30/202): gawk-5.1.0-6.el9.aarch64.rpm                                                                        11 MB/s | 976 kB     00:00    
DEBUG util.py:461:  (31/202): glibc-2.34-266.el9_8.aarch64.rpm                                                                    19 MB/s | 1.7 MB     00:00    
DEBUG util.py:461:  (32/202): glibc-common-2.34-266.el9_8.aarch64.rpm                                                            5.5 MB/s | 291 kB     00:00    
DEBUG util.py:461:  (33/202): glibc-gconv-extra-2.34-266.el9_8.aarch64.rpm                                                        18 MB/s | 1.6 MB     00:00    
DEBUG util.py:461:  (34/202): glibc-minimal-langpack-2.34-266.el9_8.aarch64.rpm                                                  563 kB/s |  27 kB     00:00    
DEBUG util.py:461:  (35/202): gmp-6.2.0-13.el9.aarch64.rpm                                                                       5.1 MB/s | 264 kB     00:00    
DEBUG util.py:461:  (36/202): grep-3.6-5.el9.aarch64.rpm                                                                         5.1 MB/s | 254 kB     00:00    
DEBUG util.py:461:  (37/202): groff-base-1.22.4-10.el9.0.1.aarch64.rpm                                                            20 MB/s | 1.0 MB     00:00    
DEBUG util.py:461:  (38/202): gzip-1.12-1.el9.aarch64.rpm                                                                        2.3 MB/s | 156 kB     00:00    
DEBUG util.py:461:  (39/202): info-6.7-15.el9.aarch64.rpm                                                                        3.6 MB/s | 220 kB     00:00    
DEBUG util.py:461:  (40/202): json-c-0.14-11.el9.aarch64.rpm                                                                     583 kB/s |  41 kB     00:00    
DEBUG util.py:461:  (41/202): keyutils-libs-1.6.3-1.el9.aarch64.rpm                                                              571 kB/s |  30 kB     00:00    
DEBUG util.py:461:  (42/202): krb5-libs-1.21.1-10.el9_8.aarch64.rpm                                                               13 MB/s | 757 kB     00:00    
DEBUG util.py:461:  (43/202): libacl-2.3.1-4.el9.aarch64.rpm                                                                     300 kB/s |  22 kB     00:00    
DEBUG util.py:461:  (44/202): libarchive-3.5.3-9.el9_7.aarch64.rpm                                                               5.1 MB/s | 385 kB     00:00    
DEBUG util.py:461:  (45/202): libattr-2.5.1-3.el9.aarch64.rpm                                                                    289 kB/s |  18 kB     00:00    
DEBUG util.py:461:  (46/202): libblkid-2.37.4-25.el9.aarch64.rpm                                                                 2.1 MB/s | 105 kB     00:00    
DEBUG util.py:461:  (47/202): libbrotli-1.0.9-9.el9_7.aarch64.rpm                                                                4.4 MB/s | 311 kB     00:00    
DEBUG util.py:461:  (48/202): libcap-2.48-10.el9_7.1.aarch64.rpm                                                                 1.3 MB/s |  65 kB     00:00    
DEBUG util.py:461:  (49/202): libcap-ng-0.8.2-7.el9.aarch64.rpm                                                                  668 kB/s |  31 kB     00:00    
DEBUG util.py:461:  (50/202): libcom_err-1.46.5-8.el9.aarch64.rpm                                                                517 kB/s |  25 kB     00:00    
DEBUG util.py:461:  (51/202): libcurl-7.76.1-40.el9.aarch64.rpm                                                                  5.4 MB/s | 278 kB     00:00    
DEBUG util.py:461:  (52/202): libdb-5.3.28-57.el9_6.aarch64.rpm                                                                   13 MB/s | 707 kB     00:00    
DEBUG util.py:461:  (53/202): libeconf-0.4.1-5.el9.aarch64.rpm                                                                   538 kB/s |  25 kB     00:00    
DEBUG util.py:461:  (54/202): libevent-2.1.12-8.el9_4.aarch64.rpm                                                                4.8 MB/s | 253 kB     00:00    
DEBUG util.py:461:  (55/202): libfdisk-2.37.4-25.el9.aarch64.rpm                                                                 2.9 MB/s | 147 kB     00:00    
DEBUG util.py:461:  (56/202): libffi-3.4.2-8.el9.aarch64.rpm                                                                     730 kB/s |  35 kB     00:00    
DEBUG util.py:461:  (57/202): libgcc-11.5.0-14.el9.aarch64.rpm                                                                   1.6 MB/s |  79 kB     00:00    
DEBUG util.py:461:  (58/202): libgomp-11.5.0-14.el9.aarch64.rpm                                                                  4.5 MB/s | 256 kB     00:00    
DEBUG util.py:461:  (59/202): libgcrypt-1.10.0-11.el9.aarch64.rpm                                                                5.9 MB/s | 454 kB     00:00    
DEBUG util.py:461:  (60/202): libgpg-error-1.42-5.el9.aarch64.rpm                                                                3.9 MB/s | 209 kB     00:00    
DEBUG util.py:461:  (61/202): libidn2-2.3.0-7.el9.aarch64.rpm                                                                    2.0 MB/s |  96 kB     00:00    
DEBUG util.py:461:  (62/202): libnghttp2-1.43.0-6.el9_7.1.aarch64.rpm                                                            1.4 MB/s |  72 kB     00:00    
DEBUG util.py:461:  (63/202): libmount-2.37.4-25.el9.aarch64.rpm                                                                 2.5 MB/s | 131 kB     00:00    
DEBUG util.py:461:  (64/202): libpsl-0.21.1-5.el9.aarch64.rpm                                                                    1.3 MB/s |  63 kB     00:00    
DEBUG util.py:461:  (65/202): libpwquality-1.4.4-8.el9.aarch64.rpm                                                               2.1 MB/s | 105 kB     00:00    
DEBUG util.py:461:  (66/202): libpkgconf-1.7.3-10.el9.aarch64.rpm                                                                559 kB/s |  35 kB     00:00    
DEBUG util.py:461:  (67/202): libselinux-3.6-3.el9.aarch64.rpm                                                                   1.1 MB/s |  85 kB     00:00    
DEBUG util.py:461:  (68/202): libsemanage-3.6-5.el9_6.aarch64.rpm                                                                1.5 MB/s | 114 kB     00:00    
DEBUG util.py:461:  (69/202): libsepol-3.6-3.el9.aarch64.rpm                                                                     4.4 MB/s | 317 kB     00:00    
DEBUG util.py:461:  (70/202): libsigsegv-2.13-4.el9.aarch64.rpm                                                                  563 kB/s |  26 kB     00:00    
DEBUG util.py:461:  (71/202): libsmartcols-2.37.4-25.el9.aarch64.rpm                                                             1.2 MB/s |  60 kB     00:00    
DEBUG util.py:461:  (72/202): libssh-0.10.4-18.el9.aarch64.rpm                                                                   4.0 MB/s | 211 kB     00:00    
DEBUG util.py:461:  (73/202): libssh-config-0.10.4-18.el9.noarch.rpm                                                             171 kB/s | 8.2 kB     00:00    
DEBUG util.py:461:  (74/202): libstdc++-11.5.0-14.el9.aarch64.rpm                                                                 13 MB/s | 702 kB     00:00    
DEBUG util.py:461:  (75/202): libtasn1-4.16.0-9.el9.aarch64.rpm                                                                  1.4 MB/s |  72 kB     00:00    
DEBUG util.py:461:  (76/202): libtool-ltdl-2.4.6-46.el9.aarch64.rpm                                                              718 kB/s |  34 kB     00:00    
DEBUG util.py:461:  (77/202): libutempter-1.2.1-6.el9.aarch64.rpm                                                                540 kB/s |  26 kB     00:00    
DEBUG util.py:461:  (78/202): libunistring-0.9.10-15.el9.aarch64.rpm                                                             9.1 MB/s | 487 kB     00:00    
DEBUG util.py:461:  (79/202): libuuid-2.37.4-25.el9.aarch64.rpm                                                                  542 kB/s |  26 kB     00:00    
DEBUG util.py:461:  (80/202): libverto-0.3.2-3.el9.aarch64.rpm                                                                   417 kB/s |  20 kB     00:00    
DEBUG util.py:461:  (81/202): libxcrypt-4.4.18-3.el9.aarch64.rpm                                                                 2.4 MB/s | 120 kB     00:00    
DEBUG util.py:461:  (82/202): lua-libs-5.4.4-4.el9.aarch64.rpm                                                                   1.9 MB/s | 127 kB     00:00    
DEBUG util.py:461:  (83/202): libzstd-1.5.5-1.el9.aarch64.rpm                                                                    3.7 MB/s | 273 kB     00:00    
DEBUG util.py:461:  (84/202): libxml2-2.9.13-14.el9_7.aarch64.rpm                                                                7.8 MB/s | 729 kB     00:00    
DEBUG util.py:461:  (85/202): lz4-libs-1.9.3-5.el9.aarch64.rpm                                                                   1.3 MB/s |  66 kB     00:00    
DEBUG util.py:461:  (86/202): ncurses-6.2-12.20210508.el9.aarch64.rpm                                                            6.6 MB/s | 398 kB     00:00    
DEBUG util.py:461:  (87/202): mpfr-4.1.0-10.el9.aarch64.rpm                                                                      3.2 MB/s | 238 kB     00:00    
DEBUG util.py:461:  (88/202): ncurses-base-6.2-12.20210508.el9.noarch.rpm                                                        1.2 MB/s |  60 kB     00:00    
DEBUG util.py:461:  (89/202): ncurses-libs-6.2-12.20210508.el9.aarch64.rpm                                                       3.4 MB/s | 310 kB     00:00    
DEBUG util.py:461:  (90/202): openldap-2.6.8-4.el9.0.1.aarch64.rpm                                                               2.9 MB/s | 251 kB     00:00    
DEBUG util.py:461:  (91/202): openssl-3.5.5-2.el9_8.aarch64.rpm                                                                   20 MB/s | 1.4 MB     00:00    
DEBUG util.py:461:  (92/202): openssl-fips-provider-3.5.5-2.el9_8.aarch64.rpm                                                     13 MB/s | 728 kB     00:00    
DEBUG util.py:461:  (93/202): openssl-libs-3.5.5-2.el9_8.aarch64.rpm                                                              22 MB/s | 2.2 MB     00:00    
DEBUG util.py:461:  (94/202): p11-kit-0.26.2-1.el9.aarch64.rpm                                                                   5.3 MB/s | 543 kB     00:00    
DEBUG util.py:461:  (95/202): p11-kit-trust-0.26.2-1.el9.aarch64.rpm                                                             2.3 MB/s | 149 kB     00:00    
DEBUG util.py:461:  (96/202): pam-1.5.1-28.el9.aarch64.rpm                                                                       9.8 MB/s | 542 kB     00:00    
DEBUG util.py:461:  (97/202): pcre-8.44-4.el9.aarch64.rpm                                                                        3.2 MB/s | 179 kB     00:00    
DEBUG util.py:461:  (98/202): pcre2-10.40-6.el9.aarch64.rpm                                                                      3.7 MB/s | 217 kB     00:00    
DEBUG util.py:461:  (99/202): pcre2-syntax-10.40-6.el9.noarch.rpm                                                                2.8 MB/s | 140 kB     00:00    
DEBUG util.py:461:  (100/202): pkgconf-m4-1.7.3-10.el9.noarch.rpm                                                                299 kB/s |  14 kB     00:00    
DEBUG util.py:461:  (101/202): pkgconf-1.7.3-10.el9.aarch64.rpm                                                                  773 kB/s |  39 kB     00:00    
DEBUG util.py:461:  (102/202): pkgconf-pkg-config-1.7.3-10.el9.aarch64.rpm                                                       200 kB/s |  10 kB     00:00    
DEBUG util.py:461:  (103/202): popt-1.18-8.el9.aarch64.rpm                                                                       1.1 MB/s |  58 kB     00:00    
DEBUG util.py:461:  (104/202): publicsuffix-list-dafsa-20210518-3.el9.noarch.rpm                                                 1.1 MB/s |  58 kB     00:00    
DEBUG util.py:461:  (105/202): readline-8.1-4.el9.aarch64.rpm                                                                    4.0 MB/s | 210 kB     00:00    
DEBUG util.py:461:  (106/202): rocky-gpg-keys-9.8-1.1.el9.noarch.rpm                                                             250 kB/s |  12 kB     00:00    
DEBUG util.py:461:  (107/202): rocky-release-9.8-1.1.el9.noarch.rpm                                                              466 kB/s |  22 kB     00:00    
DEBUG util.py:461:  (108/202): rocky-repos-9.8-1.1.el9.noarch.rpm                                                                253 kB/s |  12 kB     00:00    
DEBUG util.py:461:  (109/202): rpm-4.16.1.3-40.el9.aarch64.rpm                                                                   8.8 MB/s | 480 kB     00:00    
DEBUG util.py:461:  (110/202): rpm-build-libs-4.16.1.3-40.el9.aarch64.rpm                                                        1.5 MB/s |  85 kB     00:00    
DEBUG util.py:461:  (111/202): rpm-libs-4.16.1.3-40.el9.aarch64.rpm                                                              5.7 MB/s | 301 kB     00:00    
DEBUG util.py:461:  (112/202): sed-4.8-10.el9_8.aarch64.rpm                                                                      5.4 MB/s | 293 kB     00:00    
DEBUG util.py:461:  (113/202): setup-2.13.7-10.el9.noarch.rpm                                                                    2.5 MB/s | 140 kB     00:00    
DEBUG util.py:461:  (114/202): shadow-utils-4.9-16.el9.aarch64.rpm                                                                19 MB/s | 1.1 MB     00:00    
DEBUG util.py:461:  (115/202): sqlite-libs-3.34.1-9.el9_7.aarch64.rpm                                                             11 MB/s | 636 kB     00:00    
DEBUG util.py:461:  (116/202): systemd-libs-252-67.el9.rocky.0.1.aarch64.rpm                                                     7.7 MB/s | 626 kB     00:00    
DEBUG util.py:461:  (117/202): tar-1.34-11.el9.aarch64.rpm                                                                        15 MB/s | 869 kB     00:00    
DEBUG util.py:461:  (118/202): tzdata-2026a-1.el9.noarch.rpm                                                                     9.1 MB/s | 496 kB     00:00    
DEBUG util.py:461:  (119/202): unzip-6.0-60.el9_8.aarch64.rpm                                                                    3.2 MB/s | 177 kB     00:00    
DEBUG util.py:461:  (120/202): util-linux-2.37.4-25.el9.aarch64.rpm                                                               22 MB/s | 2.2 MB     00:00    
DEBUG util.py:461:  (121/202): util-linux-core-2.37.4-25.el9.aarch64.rpm                                                         4.3 MB/s | 429 kB     00:00    
DEBUG util.py:461:  (122/202): which-2.21-30.el9_6.aarch64.rpm                                                                   557 kB/s |  40 kB     00:00    
DEBUG util.py:461:  (123/202): xz-libs-5.2.5-8.el9_0.aarch64.rpm                                                                 1.3 MB/s |  90 kB     00:00    
DEBUG util.py:461:  (124/202): xz-5.2.5-8.el9_0.aarch64.rpm                                                                      2.6 MB/s | 214 kB     00:00    
DEBUG util.py:461:  (125/202): zip-3.0-35.el9.aarch64.rpm                                                                        3.2 MB/s | 257 kB     00:00    
DEBUG util.py:461:  (126/202): zlib-1.2.11-40.el9.aarch64.rpm                                                                    1.8 MB/s |  89 kB     00:00    
DEBUG util.py:461:  (127/202): zstd-1.5.5-1.el9.aarch64.rpm                                                                      6.6 MB/s | 354 kB     00:00    
DEBUG util.py:461:  (128/202): efi-srpm-macros-6-4.el9.noarch.rpm                                                                 56 kB/s |  21 kB     00:00    
DEBUG util.py:461:  (129/202): debugedit-5.0-11.el9.aarch64.rpm                                                                  156 kB/s |  76 kB     00:00    
DEBUG util.py:461:  (130/202): fonts-srpm-macros-2.0.5-7.el9.1.noarch.rpm                                                        421 kB/s |  27 kB     00:00    
DEBUG util.py:461:  (131/202): ghc-srpm-macros-1.5.0-6.el9.noarch.rpm                                                            112 kB/s | 7.8 kB     00:00    
DEBUG util.py:461:  (132/202): dwz-0.16-1.el9.aarch64.rpm                                                                        238 kB/s | 133 kB     00:00    
DEBUG util.py:461:  (133/202): go-srpm-macros-3.8.1-1.el9.noarch.rpm                                                             226 kB/s |  27 kB     00:00    
DEBUG util.py:461:  (134/202): kernel-srpm-macros-1.0-14.el9.noarch.rpm                                                          143 kB/s |  14 kB     00:00    
DEBUG util.py:461:  (135/202): lua-srpm-macros-1-6.el9.noarch.rpm                                                                135 kB/s | 8.5 kB     00:00    
DEBUG util.py:461:  (136/202): ocaml-srpm-macros-6-6.el9.noarch.rpm                                                               83 kB/s | 7.8 kB     00:00    
DEBUG util.py:461:  (137/202): openblas-srpm-macros-2-11.el9.noarch.rpm                                                           90 kB/s | 7.3 kB     00:00    
DEBUG util.py:461:  (138/202): perl-AutoLoader-5.74-483.el9.noarch.rpm                                                           316 kB/s |  20 kB     00:00    
DEBUG util.py:461:  (139/202): patch-2.7.6-16.el9.aarch64.rpm                                                                    579 kB/s | 123 kB     00:00    
DEBUG util.py:461:  (140/202): gdb-minimal-16.3-3.el9.aarch64.rpm                                                                7.6 MB/s | 4.2 MB     00:00    
DEBUG util.py:461:  (141/202): perl-Carp-1.50-460.el9.0.1.noarch.rpm                                                             314 kB/s |  29 kB     00:00    
DEBUG util.py:461:  (142/202): perl-Class-Struct-0.66-483.el9.noarch.rpm                                                         270 kB/s |  21 kB     00:00    
DEBUG util.py:461:  (143/202): perl-B-1.80-483.el9.aarch64.rpm                                                                   630 kB/s | 178 kB     00:00    
DEBUG util.py:461:  (144/202): perl-Digest-1.19-4.el9.0.1.noarch.rpm                                                             309 kB/s |  25 kB     00:00    
DEBUG util.py:461:  (145/202): perl-Data-Dumper-2.174-462.el9.aarch64.rpm                                                        480 kB/s |  54 kB     00:00    
DEBUG util.py:461:  (146/202): perl-Digest-MD5-2.58-4.el9.aarch64.rpm                                                            418 kB/s |  36 kB     00:00    
DEBUG util.py:461:  (147/202): perl-Errno-1.30-483.el9.aarch64.rpm                                                               128 kB/s |  13 kB     00:00    
DEBUG util.py:461:  (148/202): perl-Encode-3.08-462.el9.aarch64.rpm                                                               13 MB/s | 1.7 MB     00:00    
DEBUG util.py:461:  (149/202): perl-Exporter-5.74-461.el9.noarch.rpm                                                             450 kB/s |  31 kB     00:00    
DEBUG util.py:461:  (150/202): perl-Fcntl-1.13-483.el9.aarch64.rpm                                                               254 kB/s |  19 kB     00:00    
DEBUG util.py:461:  (151/202): perl-File-Basename-2.85-483.el9.noarch.rpm                                                        244 kB/s |  16 kB     00:00    
DEBUG util.py:461:  (152/202): perl-File-Path-2.18-4.el9.noarch.rpm                                                              539 kB/s |  35 kB     00:00    
DEBUG util.py:461:  (153/202): perl-FileHandle-2.03-483.el9.noarch.rpm                                                           226 kB/s |  14 kB     00:00    
DEBUG util.py:461:  (154/202): perl-File-stat-1.09-483.el9.noarch.rpm                                                            214 kB/s |  16 kB     00:00    
DEBUG util.py:461:  (155/202): perl-File-Temp-0.231.100-4.el9.noarch.rpm                                                         700 kB/s |  59 kB     00:00    
DEBUG util.py:461:  (156/202): perl-Getopt-Long-2.52-4.el9.noarch.rpm                                                            946 kB/s |  60 kB     00:00    
DEBUG util.py:461:  (157/202): perl-Getopt-Std-1.12-483.el9.noarch.rpm                                                           221 kB/s |  14 kB     00:00    
DEBUG util.py:461:  (158/202): perl-HTTP-Tiny-0.076-462.el9.noarch.rpm                                                           542 kB/s |  53 kB     00:00    
DEBUG util.py:461:  (159/202): perl-IO-Socket-IP-0.41-5.el9.noarch.rpm                                                           584 kB/s |  42 kB     00:00    
DEBUG util.py:461:  (160/202): perl-IPC-Open3-1.21-483.el9.noarch.rpm                                                            333 kB/s |  22 kB     00:00    
DEBUG util.py:461:  (161/202): perl-IO-1.43-483.el9.aarch64.rpm                                                                  469 kB/s |  85 kB     00:00    
DEBUG util.py:461:  (162/202): perl-IO-Socket-SSL-2.073-2.el9.noarch.rpm                                                         1.3 MB/s | 214 kB     00:00    
DEBUG util.py:461:  (163/202): perl-MIME-Base64-3.16-4.el9.aarch64.rpm                                                           349 kB/s |  30 kB     00:00    
DEBUG util.py:461:  (164/202): perl-Mozilla-CA-20200520-6.el9.noarch.rpm                                                         190 kB/s |  12 kB     00:00    
DEBUG util.py:461:  (165/202): perl-POSIX-1.94-483.el9.aarch64.rpm                                                               1.1 MB/s |  95 kB     00:00    
DEBUG util.py:461:  (166/202): perl-PathTools-3.78-461.el9.aarch64.rpm                                                           890 kB/s |  85 kB     00:00    
DEBUG util.py:461:  (167/202): perl-Net-SSLeay-1.94-3.el9.aarch64.rpm                                                            2.5 MB/s | 391 kB     00:00    
DEBUG util.py:461:  (168/202): perl-Pod-Escapes-1.07-460.el9.0.1.noarch.rpm                                                      261 kB/s |  20 kB     00:00    
DEBUG util.py:461:  (169/202): perl-Pod-Perldoc-3.28.01-461.el9.noarch.rpm                                                       1.3 MB/s |  83 kB     00:00    
DEBUG util.py:461:  (170/202): perl-Pod-Simple-3.42-4.el9.noarch.rpm                                                             2.0 MB/s | 215 kB     00:00    
DEBUG util.py:461:  (171/202): perl-Pod-Usage-2.01-4.el9.noarch.rpm                                                              524 kB/s |  40 kB     00:00    
DEBUG util.py:461:  (172/202): perl-Scalar-List-Utils-1.56-462.el9.aarch64.rpm                                                   748 kB/s |  68 kB     00:00    
DEBUG util.py:461:  (173/202): perl-SelectSaver-1.02-483.el9.noarch.rpm                                                          140 kB/s |  10 kB     00:00    
DEBUG util.py:461:  (174/202): perl-Socket-2.031-4.el9.aarch64.rpm                                                               730 kB/s |  54 kB     00:00    
DEBUG util.py:461:  (175/202): perl-Storable-3.21-460.el9.aarch64.rpm                                                            1.0 MB/s |  93 kB     00:00    
DEBUG util.py:461:  (176/202): perl-Term-Cap-1.17-460.el9.0.1.noarch.rpm                                                         344 kB/s |  22 kB     00:00    
DEBUG util.py:461:  (177/202): perl-Term-ANSIColor-5.01-461.el9.0.1.noarch.rpm                                                   452 kB/s |  48 kB     00:00    
DEBUG util.py:461:  (178/202): perl-Symbol-1.08-483.el9.noarch.rpm                                                                83 kB/s |  13 kB     00:00    
DEBUG util.py:461:  (179/202): perl-Text-ParseWords-3.30-460.el9.noarch.rpm                                                      254 kB/s |  16 kB     00:00    
DEBUG util.py:461:  (180/202): perl-Text-Tabs+Wrap-2013.0523-460.el9.0.1.noarch.rpm                                              296 kB/s |  23 kB     00:00    
DEBUG util.py:461:  (181/202): perl-URI-5.09-3.el9.0.1.noarch.rpm                                                                1.9 MB/s | 124 kB     00:00    
DEBUG util.py:461:  (182/202): perl-Time-Local-1.300-7.el9.noarch.rpm                                                            373 kB/s |  33 kB     00:00    
DEBUG util.py:461:  (183/202): perl-base-2.27-483.el9.noarch.rpm                                                                 212 kB/s |  15 kB     00:00    
DEBUG util.py:461:  (184/202): perl-constant-1.33-461.el9.0.1.noarch.rpm                                                         363 kB/s |  23 kB     00:00    
DEBUG util.py:461:  (185/202): perl-if-0.60.800-483.el9.noarch.rpm                                                               155 kB/s |  13 kB     00:00    
DEBUG util.py:461:  (186/202): perl-interpreter-5.32.1-483.el9.aarch64.rpm                                                       883 kB/s |  69 kB     00:00    
DEBUG util.py:461:  (187/202): perl-libnet-3.13-4.el9.noarch.rpm                                                                 1.9 MB/s | 125 kB     00:00    
DEBUG util.py:461:  (188/202): perl-mro-1.23-483.el9.aarch64.rpm                                                                 356 kB/s |  26 kB     00:00    
DEBUG util.py:461:  (189/202): perl-overload-1.31-483.el9.noarch.rpm                                                             684 kB/s |  44 kB     00:00    
DEBUG util.py:461:  (190/202): perl-overloading-0.02-483.el9.noarch.rpm                                                          178 kB/s |  12 kB     00:00    
DEBUG util.py:461:  (191/202): perl-parent-0.238-460.el9.noarch.rpm                                                              225 kB/s |  14 kB     00:00    
DEBUG util.py:461:  (192/202): perl-srpm-macros-1-41.el9.noarch.rpm                                                              113 kB/s | 8.2 kB     00:00    
DEBUG util.py:461:  (193/202): perl-libs-5.32.1-483.el9.aarch64.rpm                                                              8.3 MB/s | 2.0 MB     00:00    
DEBUG util.py:461:  (194/202): perl-podlators-4.14-460.el9.0.1.noarch.rpm                                                        1.1 MB/s | 117 kB     00:00    
DEBUG util.py:461:  (195/202): perl-subs-1.03-483.el9.noarch.rpm                                                                 165 kB/s |  10 kB     00:00    
DEBUG util.py:461:  (196/202): pyproject-srpm-macros-1.18.5-1.el9.noarch.rpm                                                     195 kB/s |  13 kB     00:00    
DEBUG util.py:461:  (197/202): perl-vars-1.05-483.el9.noarch.rpm                                                                 153 kB/s |  12 kB     00:00    
DEBUG util.py:461:  (198/202): qt5-srpm-macros-5.15.9-1.el9.noarch.rpm                                                           108 kB/s | 7.9 kB     00:00    
DEBUG util.py:461:  (199/202): redhat-rpm-config-210-1.el9.noarch.rpm                                                            587 kB/s |  64 kB     00:00    
DEBUG util.py:461:  (200/202): rpm-build-4.16.1.3-40.el9.aarch64.rpm                                                             517 kB/s |  58 kB     00:00    
DEBUG util.py:461:  (201/202): python-srpm-macros-3.9-54.el9.noarch.rpm                                                           78 kB/s |  17 kB     00:00    
DEBUG util.py:461:  (202/202): rust-srpm-macros-17-4.el9.noarch.rpm                                                              111 kB/s | 9.3 kB     00:00    
DEBUG util.py:461:  ---------------------------------------------------------------------------------------------------------------------------------------------
DEBUG util.py:461:  Total                                                                                                         10 MB/s |  63 MB     00:06     
DEBUG util.py:461:  Rocky Linux 9 - BaseOS                                                                                       1.7 MB/s | 1.7 kB     00:00    
DEBUG util.py:459:  Importing GPG key 0x350D275D:
DEBUG util.py:459:   Userid     : "Rocky Enterprise Software Foundation - Release key 2022 <releng@rockylinux.org>"
DEBUG util.py:459:   Fingerprint: 21CB 256A E16F C54C 6E65 2949 702D 426D 350D 275D
DEBUG util.py:459:   From       : /usr/share/distribution-gpg-keys/rocky/RPM-GPG-KEY-Rocky-9
DEBUG util.py:461:  Key imported successfully
DEBUG util.py:461:  Running transaction check
DEBUG util.py:461:  Transaction check succeeded.
DEBUG util.py:461:  Running transaction test
DEBUG util.py:461:  Transaction test succeeded.
DEBUG util.py:461:  Running transaction
DEBUG util.py:461:    Running scriptlet: filesystem-3.16-5.el9.aarch64                                                                                       1/1 
DEBUG util.py:461:    Preparing        :                                                                                                                     1/1 
DEBUG util.py:461:    Installing       : rust-srpm-macros-17-4.el9.noarch                                                                                  1/202 
DEBUG util.py:461:    Installing       : qt5-srpm-macros-5.15.9-1.el9.noarch                                                                               2/202 
DEBUG util.py:461:    Installing       : perl-srpm-macros-1-41.el9.noarch                                                                                  3/202 
DEBUG util.py:461:    Installing       : openblas-srpm-macros-2-11.el9.noarch                                                                              4/202 
DEBUG util.py:461:    Installing       : ocaml-srpm-macros-6-6.el9.noarch                                                                                  5/202 
DEBUG util.py:461:    Installing       : ghc-srpm-macros-1.5.0-6.el9.noarch                                                                                6/202 
DEBUG util.py:461:    Installing       : tzdata-2026a-1.el9.noarch                                                                                         7/202 
DEBUG util.py:461:    Installing       : rocky-gpg-keys-9.8-1.1.el9.noarch                                                                                 8/202 
DEBUG util.py:461:    Installing       : rocky-release-9.8-1.1.el9.noarch                                                                                  9/202 
DEBUG util.py:461:    Installing       : rocky-repos-9.8-1.1.el9.noarch                                                                                   10/202 
DEBUG util.py:461:    Installing       : setup-2.13.7-10.el9.noarch                                                                                       11/202 
DEBUG util.py:461:  warning: /etc/hosts created as /etc/hosts.rpmnew
DEBUG util.py:461:    Running scriptlet: setup-2.13.7-10.el9.noarch                                                                                       11/202 
DEBUG util.py:461:    Installing       : filesystem-3.16-5.el9.aarch64                                                                                    12/202 
DEBUG util.py:461:    Installing       : basesystem-11-13.el9.0.1.noarch                                                                                  13/202 
DEBUG util.py:461:    Installing       : publicsuffix-list-dafsa-20210518-3.el9.noarch                                                                    14/202 
DEBUG util.py:461:    Installing       : pkgconf-m4-1.7.3-10.el9.noarch                                                                                   15/202 
DEBUG util.py:461:    Installing       : pcre2-syntax-10.40-6.el9.noarch                                                                                  16/202 
DEBUG util.py:461:    Installing       : ncurses-base-6.2-12.20210508.el9.noarch                                                                          17/202 
DEBUG util.py:461:    Installing       : ncurses-libs-6.2-12.20210508.el9.aarch64                                                                         18/202 
DEBUG util.py:461:    Installing       : bash-5.1.8-9.el9.aarch64                                                                                         19/202 
DEBUG util.py:461:    Running scriptlet: bash-5.1.8-9.el9.aarch64                                                                                         19/202 
DEBUG util.py:461:    Installing       : libgcc-11.5.0-14.el9.aarch64                                                                                     20/202 
DEBUG util.py:461:    Running scriptlet: libgcc-11.5.0-14.el9.aarch64                                                                                     20/202 
DEBUG util.py:461:    Installing       : glibc-gconv-extra-2.34-266.el9_8.aarch64                                                                         21/202 
DEBUG util.py:461:    Running scriptlet: glibc-gconv-extra-2.34-266.el9_8.aarch64                                                                         21/202 
DEBUG util.py:461:    Installing       : glibc-minimal-langpack-2.34-266.el9_8.aarch64                                                                    22/202 
DEBUG util.py:461:    Installing       : glibc-common-2.34-266.el9_8.aarch64                                                                              23/202 
DEBUG util.py:461:    Running scriptlet: glibc-2.34-266.el9_8.aarch64                                                                                     24/202 
DEBUG util.py:461:    Installing       : glibc-2.34-266.el9_8.aarch64                                                                                     24/202 
DEBUG util.py:461:    Running scriptlet: glibc-2.34-266.el9_8.aarch64                                                                                     24/202 
DEBUG util.py:461:    Installing       : zlib-1.2.11-40.el9.aarch64                                                                                       25/202 
DEBUG util.py:461:    Installing       : xz-libs-5.2.5-8.el9_0.aarch64                                                                                    26/202 
DEBUG util.py:461:    Installing       : bzip2-libs-1.0.8-11.el9.aarch64                                                                                  27/202 
DEBUG util.py:461:    Installing       : libzstd-1.5.5-1.el9.aarch64                                                                                      28/202 
DEBUG util.py:461:    Installing       : elfutils-libelf-0.194-1.el9.rocky.0.1.aarch64                                                                    29/202 
DEBUG util.py:461:    Installing       : libxcrypt-4.4.18-3.el9.aarch64                                                                                   30/202 
DEBUG util.py:461:    Installing       : libstdc++-11.5.0-14.el9.aarch64                                                                                  31/202 
DEBUG util.py:461:    Installing       : libuuid-2.37.4-25.el9.aarch64                                                                                    32/202 
DEBUG util.py:461:    Installing       : gmp-1:6.2.0-13.el9.aarch64                                                                                       33/202 
DEBUG util.py:461:    Installing       : libattr-2.5.1-3.el9.aarch64                                                                                      34/202 
DEBUG util.py:461:    Installing       : libacl-2.3.1-4.el9.aarch64                                                                                       35/202 
DEBUG util.py:461:    Installing       : libcap-2.48-10.el9_7.1.aarch64                                                                                   36/202 
DEBUG util.py:461:    Installing       : popt-1.18-8.el9.aarch64                                                                                          37/202 
DEBUG util.py:461:    Installing       : libcom_err-1.46.5-8.el9.aarch64                                                                                  38/202 
DEBUG util.py:461:    Installing       : lz4-libs-1.9.3-5.el9.aarch64                                                                                     39/202 
DEBUG util.py:461:    Installing       : readline-8.1-4.el9.aarch64                                                                                       40/202 
DEBUG util.py:461:    Installing       : crypto-policies-20260224-1.gitea0f072.el9.noarch                                                                 41/202 
DEBUG util.py:461:    Running scriptlet: crypto-policies-20260224-1.gitea0f072.el9.noarch                                                                 41/202 
DEBUG util.py:461:    Installing       : mpfr-4.1.0-10.el9.aarch64                                                                                        42/202 
DEBUG util.py:461:    Installing       : dwz-0.16-1.el9.aarch64                                                                                           43/202 
DEBUG util.py:461:    Installing       : unzip-6.0-60.el9_8.aarch64                                                                                       44/202 
DEBUG util.py:461:    Installing       : file-libs-5.39-17.el9.aarch64                                                                                    45/202 
DEBUG util.py:461:    Installing       : file-5.39-17.el9.aarch64                                                                                         46/202 
DEBUG util.py:461:    Installing       : sqlite-libs-3.34.1-9.el9_7.aarch64                                                                               47/202 
DEBUG util.py:461:    Installing       : alternatives-1.24-2.el9.aarch64                                                                                  48/202 
DEBUG util.py:461:    Installing       : libcap-ng-0.8.2-7.el9.aarch64                                                                                    49/202 
DEBUG util.py:461:    Installing       : audit-libs-3.1.5-8.el9.aarch64                                                                                   50/202 
DEBUG util.py:461:    Installing       : libffi-3.4.2-8.el9.aarch64                                                                                       51/202 
DEBUG util.py:461:    Installing       : libsepol-3.6-3.el9.aarch64                                                                                       52/202 
DEBUG util.py:461:    Installing       : libsigsegv-2.13-4.el9.aarch64                                                                                    53/202 
DEBUG util.py:461:    Installing       : gawk-5.1.0-6.el9.aarch64                                                                                         54/202 
DEBUG util.py:461:    Installing       : libsmartcols-2.37.4-25.el9.aarch64                                                                               55/202 
DEBUG util.py:461:    Installing       : libtasn1-4.16.0-9.el9.aarch64                                                                                    56/202 
DEBUG util.py:461:    Installing       : p11-kit-0.26.2-1.el9.aarch64                                                                                     57/202 
DEBUG util.py:461:    Installing       : libunistring-0.9.10-15.el9.aarch64                                                                               58/202 
DEBUG util.py:461:    Installing       : libidn2-2.3.0-7.el9.aarch64                                                                                      59/202 
DEBUG util.py:461:    Installing       : lua-libs-5.4.4-4.el9.aarch64                                                                                     60/202 
DEBUG util.py:461:    Installing       : libpsl-0.21.1-5.el9.aarch64                                                                                      61/202 
DEBUG util.py:461:    Installing       : p11-kit-trust-0.26.2-1.el9.aarch64                                                                               62/202 
DEBUG util.py:461:    Running scriptlet: p11-kit-trust-0.26.2-1.el9.aarch64                                                                               62/202 
DEBUG util.py:461:    Installing       : zip-3.0-35.el9.aarch64                                                                                           63/202 
DEBUG util.py:461:    Installing       : zstd-1.5.5-1.el9.aarch64                                                                                         64/202 
DEBUG util.py:461:    Running scriptlet: groff-base-1.22.4-10.el9.0.1.aarch64                                                                             65/202 
DEBUG util.py:461:    Installing       : groff-base-1.22.4-10.el9.0.1.aarch64                                                                             65/202 
DEBUG util.py:461:    Running scriptlet: groff-base-1.22.4-10.el9.0.1.aarch64                                                                             65/202 
DEBUG util.py:461:    Installing       : bzip2-1.0.8-11.el9.aarch64                                                                                       66/202 
DEBUG util.py:461:    Installing       : libxml2-2.9.13-14.el9_7.aarch64                                                                                  67/202 
DEBUG util.py:461:    Installing       : info-6.7-15.el9.aarch64                                                                                          68/202 
DEBUG util.py:461:    Installing       : ed-1.14.2-12.el9.aarch64                                                                                         69/202 
DEBUG util.py:461:    Installing       : cpio-2.13-16.el9.aarch64                                                                                         70/202 
DEBUG util.py:461:    Installing       : diffutils-3.7-12.el9.aarch64                                                                                     71/202 
DEBUG util.py:461:    Installing       : gdbm-libs-1:1.23-1.el9.aarch64                                                                                   72/202 
DEBUG util.py:461:    Installing       : json-c-0.14-11.el9.aarch64                                                                                       73/202 
DEBUG util.py:461:    Installing       : keyutils-libs-1.6.3-1.el9.aarch64                                                                                74/202 
DEBUG util.py:461:    Installing       : libbrotli-1.0.9-9.el9_7.aarch64                                                                                  75/202 
DEBUG util.py:461:    Installing       : libdb-5.3.28-57.el9_6.aarch64                                                                                    76/202 
DEBUG util.py:461:    Installing       : libeconf-0.4.1-5.el9.aarch64                                                                                     77/202 
DEBUG util.py:461:    Installing       : libgomp-11.5.0-14.el9.aarch64                                                                                    78/202 
DEBUG util.py:461:    Installing       : libgpg-error-1.42-5.el9.aarch64                                                                                  79/202 
DEBUG util.py:461:    Installing       : libgcrypt-1.10.0-11.el9.aarch64                                                                                  80/202 
DEBUG util.py:461:    Installing       : libnghttp2-1.43.0-6.el9_7.1.aarch64                                                                              81/202 
DEBUG util.py:461:    Installing       : libpkgconf-1.7.3-10.el9.aarch64                                                                                  82/202 
DEBUG util.py:461:    Installing       : pkgconf-1.7.3-10.el9.aarch64                                                                                     83/202 
DEBUG util.py:461:    Installing       : pkgconf-pkg-config-1.7.3-10.el9.aarch64                                                                          84/202 
DEBUG util.py:461:    Installing       : libtool-ltdl-2.4.6-46.el9.aarch64                                                                                85/202 
DEBUG util.py:461:    Installing       : libverto-0.3.2-3.el9.aarch64                                                                                     86/202 
DEBUG util.py:461:    Installing       : ncurses-6.2-12.20210508.el9.aarch64                                                                              87/202 
DEBUG util.py:461:    Installing       : pcre-8.44-4.el9.aarch64                                                                                          88/202 
DEBUG util.py:461:    Installing       : grep-3.6-5.el9.aarch64                                                                                           89/202 
DEBUG util.py:461:    Installing       : xz-5.2.5-8.el9_0.aarch64                                                                                         90/202 
DEBUG util.py:461:    Installing       : pcre2-10.40-6.el9.aarch64                                                                                        91/202 
DEBUG util.py:461:    Installing       : libselinux-3.6-3.el9.aarch64                                                                                     92/202 
DEBUG util.py:461:    Installing       : sed-4.8-10.el9_8.aarch64                                                                                         93/202 
DEBUG util.py:461:    Installing       : findutils-1:4.8.0-7.el9.aarch64                                                                                  94/202 
DEBUG util.py:461:    Installing       : libsemanage-3.6-5.el9_6.aarch64                                                                                  95/202 
DEBUG util.py:461:    Installing       : shadow-utils-2:4.9-16.el9.aarch64                                                                                96/202 
DEBUG util.py:461:    Running scriptlet: libutempter-1.2.1-6.el9.aarch64                                                                                  97/202 
DEBUG util.py:461:    Installing       : libutempter-1.2.1-6.el9.aarch64                                                                                  97/202 
DEBUG util.py:461:    Installing       : tar-2:1.34-11.el9.aarch64                                                                                        98/202 
DEBUG util.py:461:    Installing       : patch-2.7.6-16.el9.aarch64                                                                                       99/202 
DEBUG util.py:461:    Installing       : elfutils-default-yama-scope-0.194-1.el9.rocky.0.1.noarch                                                        100/202 
DEBUG util.py:461:    Running scriptlet: elfutils-default-yama-scope-0.194-1.el9.rocky.0.1.noarch                                                        100/202 
DEBUG util.py:461:    Installing       : elfutils-libs-0.194-1.el9.rocky.0.1.aarch64                                                                     101/202 
DEBUG util.py:461:    Installing       : libssh-config-0.10.4-18.el9.noarch                                                                              102/202 
DEBUG util.py:461:    Installing       : coreutils-common-8.32-40.el9.aarch64                                                                            103/202 
DEBUG util.py:461:    Installing       : openssl-fips-provider-1:3.5.5-2.el9_8.aarch64                                                                   104/202 
DEBUG util.py:461:    Installing       : openssl-libs-1:3.5.5-2.el9_8.aarch64                                                                            105/202 
DEBUG util.py:461:    Installing       : coreutils-8.32-40.el9.aarch64                                                                                   106/202 
DEBUG util.py:461:    Running scriptlet: ca-certificates-2025.2.80_v9.0.305-91.el9.noarch                                                                107/202 
DEBUG util.py:461:    Installing       : ca-certificates-2025.2.80_v9.0.305-91.el9.noarch                                                                107/202 
DEBUG util.py:461:    Running scriptlet: ca-certificates-2025.2.80_v9.0.305-91.el9.noarch                                                                107/202 
DEBUG util.py:461:    Installing       : libblkid-2.37.4-25.el9.aarch64                                                                                  108/202 
DEBUG util.py:461:    Running scriptlet: libblkid-2.37.4-25.el9.aarch64                                                                                  108/202 
DEBUG util.py:461:    Installing       : krb5-libs-1.21.1-10.el9_8.aarch64                                                                               109/202 
DEBUG util.py:461:    Installing       : libmount-2.37.4-25.el9.aarch64                                                                                  110/202 
DEBUG util.py:461:    Installing       : gzip-1.12-1.el9.aarch64                                                                                         111/202 
DEBUG util.py:461:    Installing       : cracklib-2.9.6-28.el9.aarch64                                                                                   112/202 
DEBUG util.py:461:    Installing       : systemd-libs-252-67.el9.rocky.0.1.aarch64                                                                       113/202 
DEBUG util.py:461:    Running scriptlet: systemd-libs-252-67.el9.rocky.0.1.aarch64                                                                       113/202 
DEBUG util.py:461:    Installing       : libarchive-3.5.3-9.el9_7.aarch64                                                                                114/202 
DEBUG util.py:461:    Installing       : util-linux-core-2.37.4-25.el9.aarch64                                                                           115/202 
DEBUG util.py:461:    Running scriptlet: util-linux-core-2.37.4-25.el9.aarch64                                                                           115/202 
DEBUG util.py:461:    Installing       : cracklib-dicts-2.9.6-28.el9.aarch64                                                                             116/202 
DEBUG util.py:461:    Installing       : cyrus-sasl-lib-2.1.27-22.el9_7.aarch64                                                                          117/202 
DEBUG util.py:461:    Installing       : libssh-0.10.4-18.el9.aarch64                                                                                    118/202 
DEBUG util.py:461:    Installing       : libfdisk-2.37.4-25.el9.aarch64                                                                                  119/202 
DEBUG util.py:461:    Installing       : perl-Digest-1.19-4.el9.0.1.noarch                                                                               120/202 
DEBUG util.py:461:    Installing       : perl-Digest-MD5-2.58-4.el9.aarch64                                                                              121/202 
DEBUG util.py:461:    Installing       : perl-B-1.80-483.el9.aarch64                                                                                     122/202 
DEBUG util.py:461:    Installing       : perl-FileHandle-2.03-483.el9.noarch                                                                             123/202 
DEBUG util.py:461:    Installing       : perl-Data-Dumper-2.174-462.el9.aarch64                                                                          124/202 
DEBUG util.py:461:    Installing       : perl-libnet-3.13-4.el9.noarch                                                                                   125/202 
DEBUG util.py:461:    Installing       : perl-AutoLoader-5.74-483.el9.noarch                                                                             126/202 
DEBUG util.py:461:    Installing       : perl-base-2.27-483.el9.noarch                                                                                   127/202 
DEBUG util.py:461:    Installing       : perl-URI-5.09-3.el9.0.1.noarch                                                                                  128/202 
DEBUG util.py:461:    Installing       : perl-if-0.60.800-483.el9.noarch                                                                                 129/202 
DEBUG util.py:461:    Installing       : perl-IO-Socket-IP-0.41-5.el9.noarch                                                                             130/202 
DEBUG util.py:461:    Installing       : perl-Time-Local-2:1.300-7.el9.noarch                                                                            131/202 
DEBUG util.py:461:    Installing       : perl-File-Path-2.18-4.el9.noarch                                                                                132/202 
DEBUG util.py:461:    Installing       : perl-IO-Socket-SSL-2.073-2.el9.noarch                                                                           133/202 
DEBUG util.py:461:    Installing       : perl-Net-SSLeay-1.94-3.el9.aarch64                                                                              134/202 
DEBUG util.py:461:    Installing       : perl-Pod-Escapes-1:1.07-460.el9.0.1.noarch                                                                      135/202 
DEBUG util.py:461:    Installing       : perl-Text-Tabs+Wrap-2013.0523-460.el9.0.1.noarch                                                                136/202 
DEBUG util.py:461:    Installing       : perl-Mozilla-CA-20200520-6.el9.noarch                                                                           137/202 
DEBUG util.py:461:    Installing       : perl-Class-Struct-0.66-483.el9.noarch                                                                           138/202 
DEBUG util.py:461:    Installing       : perl-POSIX-1.94-483.el9.aarch64                                                                                 139/202 
DEBUG util.py:461:    Installing       : perl-Term-ANSIColor-5.01-461.el9.0.1.noarch                                                                     140/202 
DEBUG util.py:461:    Installing       : perl-IPC-Open3-1.21-483.el9.noarch                                                                              141/202 
DEBUG util.py:461:    Installing       : perl-subs-1.03-483.el9.noarch                                                                                   142/202 
DEBUG util.py:461:    Installing       : perl-File-Temp-1:0.231.100-4.el9.noarch                                                                         143/202 
DEBUG util.py:461:    Installing       : perl-Term-Cap-1.17-460.el9.0.1.noarch                                                                           144/202 
DEBUG util.py:461:    Installing       : perl-Pod-Simple-1:3.42-4.el9.noarch                                                                             145/202 
DEBUG util.py:461:    Installing       : perl-HTTP-Tiny-0.076-462.el9.noarch                                                                             146/202 
DEBUG util.py:461:    Installing       : perl-Socket-4:2.031-4.el9.aarch64                                                                               147/202 
DEBUG util.py:461:    Installing       : perl-SelectSaver-1.02-483.el9.noarch                                                                            148/202 
DEBUG util.py:461:    Installing       : perl-Symbol-1.08-483.el9.noarch                                                                                 149/202 
DEBUG util.py:461:    Installing       : perl-File-stat-1.09-483.el9.noarch                                                                              150/202 
DEBUG util.py:461:    Installing       : perl-podlators-1:4.14-460.el9.0.1.noarch                                                                        151/202 
DEBUG util.py:461:    Installing       : perl-Pod-Perldoc-3.28.01-461.el9.noarch                                                                         152/202 
DEBUG util.py:461:    Installing       : perl-Fcntl-1.13-483.el9.aarch64                                                                                 153/202 
DEBUG util.py:461:    Installing       : perl-Text-ParseWords-3.30-460.el9.noarch                                                                        154/202 
DEBUG util.py:461:    Installing       : perl-mro-1.23-483.el9.aarch64                                                                                   155/202 
DEBUG util.py:461:    Installing       : perl-IO-1.43-483.el9.aarch64                                                                                    156/202 
DEBUG util.py:461:    Installing       : perl-overloading-0.02-483.el9.noarch                                                                            157/202 
DEBUG util.py:461:    Installing       : perl-Pod-Usage-4:2.01-4.el9.noarch                                                                              158/202 
DEBUG util.py:461:    Installing       : perl-Errno-1.30-483.el9.aarch64                                                                                 159/202 
DEBUG util.py:461:    Installing       : perl-File-Basename-2.85-483.el9.noarch                                                                          160/202 
DEBUG util.py:461:    Installing       : perl-Getopt-Std-1.12-483.el9.noarch                                                                             161/202 
DEBUG util.py:461:    Installing       : perl-MIME-Base64-3.16-4.el9.aarch64                                                                             162/202 
DEBUG util.py:461:    Installing       : perl-Scalar-List-Utils-4:1.56-462.el9.aarch64                                                                   163/202 
DEBUG util.py:461:    Installing       : perl-constant-1.33-461.el9.0.1.noarch                                                                           164/202 
DEBUG util.py:461:    Installing       : perl-Storable-1:3.21-460.el9.aarch64                                                                            165/202 
DEBUG util.py:461:    Installing       : perl-overload-1.31-483.el9.noarch                                                                               166/202 
DEBUG util.py:461:    Installing       : perl-parent-1:0.238-460.el9.noarch                                                                              167/202 
DEBUG util.py:461:    Installing       : perl-vars-1.05-483.el9.noarch                                                                                   168/202 
DEBUG util.py:461:    Installing       : perl-Getopt-Long-1:2.52-4.el9.noarch                                                                            169/202 
DEBUG util.py:461:    Installing       : perl-Carp-1.50-460.el9.0.1.noarch                                                                               170/202 
DEBUG util.py:461:    Installing       : perl-Exporter-5.74-461.el9.noarch                                                                               171/202 
DEBUG util.py:461:    Installing       : perl-PathTools-3.78-461.el9.aarch64                                                                             172/202 
DEBUG util.py:461:    Installing       : perl-Encode-4:3.08-462.el9.aarch64                                                                              173/202 
DEBUG util.py:461:    Installing       : perl-libs-4:5.32.1-483.el9.aarch64                                                                              174/202 
DEBUG util.py:461:    Installing       : perl-interpreter-4:5.32.1-483.el9.aarch64                                                                       175/202 
DEBUG util.py:461:    Installing       : kernel-srpm-macros-1.0-14.el9.noarch                                                                            176/202 
DEBUG util.py:461:    Installing       : openssl-1:3.5.5-2.el9_8.aarch64                                                                                 177/202 
DEBUG util.py:461:    Installing       : libpwquality-1.4.4-8.el9.aarch64                                                                                178/202 
DEBUG util.py:461:    Installing       : pam-1.5.1-28.el9.aarch64                                                                                        179/202 
DEBUG util.py:461:    Installing       : libevent-2.1.12-8.el9_4.aarch64                                                                                 180/202 
DEBUG util.py:461:    Installing       : openldap-2.6.8-4.el9.0.1.aarch64                                                                                181/202 
DEBUG util.py:461:    Installing       : libcurl-7.76.1-40.el9.aarch64                                                                                   182/202 
DEBUG util.py:461:    Installing       : elfutils-debuginfod-client-0.194-1.el9.rocky.0.1.aarch64                                                        183/202 
DEBUG util.py:461:    Installing       : binutils-gold-2.35.2-72.el9.aarch64                                                                             184/202 
DEBUG util.py:461:    Installing       : binutils-2.35.2-72.el9.aarch64                                                                                  185/202 
DEBUG util.py:461:    Running scriptlet: binutils-2.35.2-72.el9.aarch64                                                                                  185/202 
DEBUG util.py:461:    Installing       : elfutils-0.194-1.el9.rocky.0.1.aarch64                                                                          186/202 
DEBUG util.py:461:    Installing       : gdb-minimal-16.3-3.el9.aarch64                                                                                  187/202 
DEBUG util.py:461:    Installing       : debugedit-5.0-11.el9.aarch64                                                                                    188/202 
DEBUG util.py:461:    Installing       : curl-7.76.1-40.el9.aarch64                                                                                      189/202 
DEBUG util.py:461:    Installing       : rpm-4.16.1.3-40.el9.aarch64                                                                                     190/202 
DEBUG util.py:461:    Installing       : rpm-libs-4.16.1.3-40.el9.aarch64                                                                                191/202 
DEBUG util.py:461:    Installing       : rpm-build-libs-4.16.1.3-40.el9.aarch64                                                                          192/202 
DEBUG util.py:461:    Installing       : efi-srpm-macros-6-4.el9.noarch                                                                                  193/202 
DEBUG util.py:461:    Installing       : lua-srpm-macros-1-6.el9.noarch                                                                                  194/202 
DEBUG util.py:461:    Installing       : fonts-srpm-macros-1:2.0.5-7.el9.1.noarch                                                                        195/202 
DEBUG util.py:461:    Installing       : go-srpm-macros-3.8.1-1.el9.noarch                                                                               196/202 
DEBUG util.py:461:    Installing       : python-srpm-macros-3.9-54.el9.noarch                                                                            197/202 
DEBUG util.py:461:    Installing       : pyproject-srpm-macros-1.18.5-1.el9.noarch                                                                       198/202 
DEBUG util.py:461:    Installing       : redhat-rpm-config-210-1.el9.noarch                                                                              199/202 
DEBUG util.py:461:    Installing       : rpm-build-4.16.1.3-40.el9.aarch64                                                                               200/202 
DEBUG util.py:461:    Installing       : util-linux-2.37.4-25.el9.aarch64                                                                                201/202 
DEBUG util.py:461:    Installing       : which-2.21-30.el9_6.aarch64                                                                                     202/202 
DEBUG util.py:461:    Running scriptlet: filesystem-3.16-5.el9.aarch64                                                                                   202/202 
DEBUG util.py:461:    Running scriptlet: ca-certificates-2025.2.80_v9.0.305-91.el9.noarch                                                                202/202 
DEBUG util.py:461:    Running scriptlet: rpm-4.16.1.3-40.el9.aarch64                                                                                     202/202 
DEBUG util.py:461:    Running scriptlet: which-2.21-30.el9_6.aarch64                                                                                     202/202 
DEBUG util.py:461:    Verifying        : alternatives-1.24-2.el9.aarch64                                                                                   1/202 
DEBUG util.py:461:    Verifying        : audit-libs-3.1.5-8.el9.aarch64                                                                                    2/202 
DEBUG util.py:461:    Verifying        : basesystem-11-13.el9.0.1.noarch                                                                                   3/202 
DEBUG util.py:461:    Verifying        : bash-5.1.8-9.el9.aarch64                                                                                          4/202 
DEBUG util.py:461:    Verifying        : binutils-2.35.2-72.el9.aarch64                                                                                    5/202 
DEBUG util.py:461:    Verifying        : binutils-gold-2.35.2-72.el9.aarch64                                                                               6/202 
DEBUG util.py:461:    Verifying        : bzip2-1.0.8-11.el9.aarch64                                                                                        7/202 
DEBUG util.py:461:    Verifying        : bzip2-libs-1.0.8-11.el9.aarch64                                                                                   8/202 
DEBUG util.py:461:    Verifying        : ca-certificates-2025.2.80_v9.0.305-91.el9.noarch                                                                  9/202 
DEBUG util.py:461:    Verifying        : coreutils-8.32-40.el9.aarch64                                                                                    10/202 
DEBUG util.py:461:    Verifying        : coreutils-common-8.32-40.el9.aarch64                                                                             11/202 
DEBUG util.py:461:    Verifying        : cpio-2.13-16.el9.aarch64                                                                                         12/202 
DEBUG util.py:461:    Verifying        : cracklib-2.9.6-28.el9.aarch64                                                                                    13/202 
DEBUG util.py:461:    Verifying        : cracklib-dicts-2.9.6-28.el9.aarch64                                                                              14/202 
DEBUG util.py:461:    Verifying        : crypto-policies-20260224-1.gitea0f072.el9.noarch                                                                 15/202 
DEBUG util.py:461:    Verifying        : curl-7.76.1-40.el9.aarch64                                                                                       16/202 
DEBUG util.py:461:    Verifying        : cyrus-sasl-lib-2.1.27-22.el9_7.aarch64                                                                           17/202 
DEBUG util.py:461:    Verifying        : diffutils-3.7-12.el9.aarch64                                                                                     18/202 
DEBUG util.py:461:    Verifying        : ed-1.14.2-12.el9.aarch64                                                                                         19/202 
DEBUG util.py:461:    Verifying        : elfutils-0.194-1.el9.rocky.0.1.aarch64                                                                           20/202 
DEBUG util.py:461:    Verifying        : elfutils-debuginfod-client-0.194-1.el9.rocky.0.1.aarch64                                                         21/202 
DEBUG util.py:461:    Verifying        : elfutils-default-yama-scope-0.194-1.el9.rocky.0.1.noarch                                                         22/202 
DEBUG util.py:461:    Verifying        : elfutils-libelf-0.194-1.el9.rocky.0.1.aarch64                                                                    23/202 
DEBUG util.py:461:    Verifying        : elfutils-libs-0.194-1.el9.rocky.0.1.aarch64                                                                      24/202 
DEBUG util.py:461:    Verifying        : file-5.39-17.el9.aarch64                                                                                         25/202 
DEBUG util.py:461:    Verifying        : file-libs-5.39-17.el9.aarch64                                                                                    26/202 
DEBUG util.py:461:    Verifying        : filesystem-3.16-5.el9.aarch64                                                                                    27/202 
DEBUG util.py:461:    Verifying        : findutils-1:4.8.0-7.el9.aarch64                                                                                  28/202 
DEBUG util.py:461:    Verifying        : gawk-5.1.0-6.el9.aarch64                                                                                         29/202 
DEBUG util.py:461:    Verifying        : gdbm-libs-1:1.23-1.el9.aarch64                                                                                   30/202 
DEBUG util.py:461:    Verifying        : glibc-2.34-266.el9_8.aarch64                                                                                     31/202 
DEBUG util.py:461:    Verifying        : glibc-common-2.34-266.el9_8.aarch64                                                                              32/202 
DEBUG util.py:461:    Verifying        : glibc-gconv-extra-2.34-266.el9_8.aarch64                                                                         33/202 
DEBUG util.py:461:    Verifying        : glibc-minimal-langpack-2.34-266.el9_8.aarch64                                                                    34/202 
DEBUG util.py:461:    Verifying        : gmp-1:6.2.0-13.el9.aarch64                                                                                       35/202 
DEBUG util.py:461:    Verifying        : grep-3.6-5.el9.aarch64                                                                                           36/202 
DEBUG util.py:461:    Verifying        : groff-base-1.22.4-10.el9.0.1.aarch64                                                                             37/202 
DEBUG util.py:461:    Verifying        : gzip-1.12-1.el9.aarch64                                                                                          38/202 
DEBUG util.py:461:    Verifying        : info-6.7-15.el9.aarch64                                                                                          39/202 
DEBUG util.py:461:    Verifying        : json-c-0.14-11.el9.aarch64                                                                                       40/202 
DEBUG util.py:461:    Verifying        : keyutils-libs-1.6.3-1.el9.aarch64                                                                                41/202 
DEBUG util.py:461:    Verifying        : krb5-libs-1.21.1-10.el9_8.aarch64                                                                                42/202 
DEBUG util.py:461:    Verifying        : libacl-2.3.1-4.el9.aarch64                                                                                       43/202 
DEBUG util.py:461:    Verifying        : libarchive-3.5.3-9.el9_7.aarch64                                                                                 44/202 
DEBUG util.py:461:    Verifying        : libattr-2.5.1-3.el9.aarch64                                                                                      45/202 
DEBUG util.py:461:    Verifying        : libblkid-2.37.4-25.el9.aarch64                                                                                   46/202 
DEBUG util.py:461:    Verifying        : libbrotli-1.0.9-9.el9_7.aarch64                                                                                  47/202 
DEBUG util.py:461:    Verifying        : libcap-2.48-10.el9_7.1.aarch64                                                                                   48/202 
DEBUG util.py:461:    Verifying        : libcap-ng-0.8.2-7.el9.aarch64                                                                                    49/202 
DEBUG util.py:461:    Verifying        : libcom_err-1.46.5-8.el9.aarch64                                                                                  50/202 
DEBUG util.py:461:    Verifying        : libcurl-7.76.1-40.el9.aarch64                                                                                    51/202 
DEBUG util.py:461:    Verifying        : libdb-5.3.28-57.el9_6.aarch64                                                                                    52/202 
DEBUG util.py:461:    Verifying        : libeconf-0.4.1-5.el9.aarch64                                                                                     53/202 
DEBUG util.py:461:    Verifying        : libevent-2.1.12-8.el9_4.aarch64                                                                                  54/202 
DEBUG util.py:461:    Verifying        : libfdisk-2.37.4-25.el9.aarch64                                                                                   55/202 
DEBUG util.py:461:    Verifying        : libffi-3.4.2-8.el9.aarch64                                                                                       56/202 
DEBUG util.py:461:    Verifying        : libgcc-11.5.0-14.el9.aarch64                                                                                     57/202 
DEBUG util.py:461:    Verifying        : libgcrypt-1.10.0-11.el9.aarch64                                                                                  58/202 
DEBUG util.py:461:    Verifying        : libgomp-11.5.0-14.el9.aarch64                                                                                    59/202 
DEBUG util.py:461:    Verifying        : libgpg-error-1.42-5.el9.aarch64                                                                                  60/202 
DEBUG util.py:461:    Verifying        : libidn2-2.3.0-7.el9.aarch64                                                                                      61/202 
DEBUG util.py:461:    Verifying        : libmount-2.37.4-25.el9.aarch64                                                                                   62/202 
DEBUG util.py:461:    Verifying        : libnghttp2-1.43.0-6.el9_7.1.aarch64                                                                              63/202 
DEBUG util.py:461:    Verifying        : libpkgconf-1.7.3-10.el9.aarch64                                                                                  64/202 
DEBUG util.py:461:    Verifying        : libpsl-0.21.1-5.el9.aarch64                                                                                      65/202 
DEBUG util.py:461:    Verifying        : libpwquality-1.4.4-8.el9.aarch64                                                                                 66/202 
DEBUG util.py:461:    Verifying        : libselinux-3.6-3.el9.aarch64                                                                                     67/202 
DEBUG util.py:461:    Verifying        : libsemanage-3.6-5.el9_6.aarch64                                                                                  68/202 
DEBUG util.py:461:    Verifying        : libsepol-3.6-3.el9.aarch64                                                                                       69/202 
DEBUG util.py:461:    Verifying        : libsigsegv-2.13-4.el9.aarch64                                                                                    70/202 
DEBUG util.py:461:    Verifying        : libsmartcols-2.37.4-25.el9.aarch64                                                                               71/202 
DEBUG util.py:461:    Verifying        : libssh-0.10.4-18.el9.aarch64                                                                                     72/202 
DEBUG util.py:461:    Verifying        : libssh-config-0.10.4-18.el9.noarch                                                                               73/202 
DEBUG util.py:461:    Verifying        : libstdc++-11.5.0-14.el9.aarch64                                                                                  74/202 
DEBUG util.py:461:    Verifying        : libtasn1-4.16.0-9.el9.aarch64                                                                                    75/202 
DEBUG util.py:461:    Verifying        : libtool-ltdl-2.4.6-46.el9.aarch64                                                                                76/202 
DEBUG util.py:461:    Verifying        : libunistring-0.9.10-15.el9.aarch64                                                                               77/202 
DEBUG util.py:461:    Verifying        : libutempter-1.2.1-6.el9.aarch64                                                                                  78/202 
DEBUG util.py:461:    Verifying        : libuuid-2.37.4-25.el9.aarch64                                                                                    79/202 
DEBUG util.py:461:    Verifying        : libverto-0.3.2-3.el9.aarch64                                                                                     80/202 
DEBUG util.py:461:    Verifying        : libxcrypt-4.4.18-3.el9.aarch64                                                                                   81/202 
DEBUG util.py:461:    Verifying        : libxml2-2.9.13-14.el9_7.aarch64                                                                                  82/202 
DEBUG util.py:461:    Verifying        : libzstd-1.5.5-1.el9.aarch64                                                                                      83/202 
DEBUG util.py:461:    Verifying        : lua-libs-5.4.4-4.el9.aarch64                                                                                     84/202 
DEBUG util.py:461:    Verifying        : lz4-libs-1.9.3-5.el9.aarch64                                                                                     85/202 
DEBUG util.py:461:    Verifying        : mpfr-4.1.0-10.el9.aarch64                                                                                        86/202 
DEBUG util.py:461:    Verifying        : ncurses-6.2-12.20210508.el9.aarch64                                                                              87/202 
DEBUG util.py:461:    Verifying        : ncurses-base-6.2-12.20210508.el9.noarch                                                                          88/202 
DEBUG util.py:461:    Verifying        : ncurses-libs-6.2-12.20210508.el9.aarch64                                                                         89/202 
DEBUG util.py:461:    Verifying        : openldap-2.6.8-4.el9.0.1.aarch64                                                                                 90/202 
DEBUG util.py:461:    Verifying        : openssl-1:3.5.5-2.el9_8.aarch64                                                                                  91/202 
DEBUG util.py:461:    Verifying        : openssl-fips-provider-1:3.5.5-2.el9_8.aarch64                                                                    92/202 
DEBUG util.py:461:    Verifying        : openssl-libs-1:3.5.5-2.el9_8.aarch64                                                                             93/202 
DEBUG util.py:461:    Verifying        : p11-kit-0.26.2-1.el9.aarch64                                                                                     94/202 
DEBUG util.py:461:    Verifying        : p11-kit-trust-0.26.2-1.el9.aarch64                                                                               95/202 
DEBUG util.py:461:    Verifying        : pam-1.5.1-28.el9.aarch64                                                                                         96/202 
DEBUG util.py:461:    Verifying        : pcre-8.44-4.el9.aarch64                                                                                          97/202 
DEBUG util.py:461:    Verifying        : pcre2-10.40-6.el9.aarch64                                                                                        98/202 
DEBUG util.py:461:    Verifying        : pcre2-syntax-10.40-6.el9.noarch                                                                                  99/202 
DEBUG util.py:461:    Verifying        : pkgconf-1.7.3-10.el9.aarch64                                                                                    100/202 
DEBUG util.py:461:    Verifying        : pkgconf-m4-1.7.3-10.el9.noarch                                                                                  101/202 
DEBUG util.py:461:    Verifying        : pkgconf-pkg-config-1.7.3-10.el9.aarch64                                                                         102/202 
DEBUG util.py:461:    Verifying        : popt-1.18-8.el9.aarch64                                                                                         103/202 
DEBUG util.py:461:    Verifying        : publicsuffix-list-dafsa-20210518-3.el9.noarch                                                                   104/202 
DEBUG util.py:461:    Verifying        : readline-8.1-4.el9.aarch64                                                                                      105/202 
DEBUG util.py:461:    Verifying        : rocky-gpg-keys-9.8-1.1.el9.noarch                                                                               106/202 
DEBUG util.py:461:    Verifying        : rocky-release-9.8-1.1.el9.noarch                                                                                107/202 
DEBUG util.py:461:    Verifying        : rocky-repos-9.8-1.1.el9.noarch                                                                                  108/202 
DEBUG util.py:461:    Verifying        : rpm-4.16.1.3-40.el9.aarch64                                                                                     109/202 
DEBUG util.py:461:    Verifying        : rpm-build-libs-4.16.1.3-40.el9.aarch64                                                                          110/202 
DEBUG util.py:461:    Verifying        : rpm-libs-4.16.1.3-40.el9.aarch64                                                                                111/202 
DEBUG util.py:461:    Verifying        : sed-4.8-10.el9_8.aarch64                                                                                        112/202 
DEBUG util.py:461:    Verifying        : setup-2.13.7-10.el9.noarch                                                                                      113/202 
DEBUG util.py:461:    Verifying        : shadow-utils-2:4.9-16.el9.aarch64                                                                               114/202 
DEBUG util.py:461:    Verifying        : sqlite-libs-3.34.1-9.el9_7.aarch64                                                                              115/202 
DEBUG util.py:461:    Verifying        : systemd-libs-252-67.el9.rocky.0.1.aarch64                                                                       116/202 
DEBUG util.py:461:    Verifying        : tar-2:1.34-11.el9.aarch64                                                                                       117/202 
DEBUG util.py:461:    Verifying        : tzdata-2026a-1.el9.noarch                                                                                       118/202 
DEBUG util.py:461:    Verifying        : unzip-6.0-60.el9_8.aarch64                                                                                      119/202 
DEBUG util.py:461:    Verifying        : util-linux-2.37.4-25.el9.aarch64                                                                                120/202 
DEBUG util.py:461:    Verifying        : util-linux-core-2.37.4-25.el9.aarch64                                                                           121/202 
DEBUG util.py:461:    Verifying        : which-2.21-30.el9_6.aarch64                                                                                     122/202 
DEBUG util.py:461:    Verifying        : xz-5.2.5-8.el9_0.aarch64                                                                                        123/202 
DEBUG util.py:461:    Verifying        : xz-libs-5.2.5-8.el9_0.aarch64                                                                                   124/202 
DEBUG util.py:461:    Verifying        : zip-3.0-35.el9.aarch64                                                                                          125/202 
DEBUG util.py:461:    Verifying        : zlib-1.2.11-40.el9.aarch64                                                                                      126/202 
DEBUG util.py:461:    Verifying        : zstd-1.5.5-1.el9.aarch64                                                                                        127/202 
DEBUG util.py:461:    Verifying        : debugedit-5.0-11.el9.aarch64                                                                                    128/202 
DEBUG util.py:461:    Verifying        : dwz-0.16-1.el9.aarch64                                                                                          129/202 
DEBUG util.py:461:    Verifying        : efi-srpm-macros-6-4.el9.noarch                                                                                  130/202 
DEBUG util.py:461:    Verifying        : fonts-srpm-macros-1:2.0.5-7.el9.1.noarch                                                                        131/202 
DEBUG util.py:461:    Verifying        : gdb-minimal-16.3-3.el9.aarch64                                                                                  132/202 
DEBUG util.py:461:    Verifying        : ghc-srpm-macros-1.5.0-6.el9.noarch                                                                              133/202 
DEBUG util.py:461:    Verifying        : go-srpm-macros-3.8.1-1.el9.noarch                                                                               134/202 
DEBUG util.py:461:    Verifying        : kernel-srpm-macros-1.0-14.el9.noarch                                                                            135/202 
DEBUG util.py:461:    Verifying        : lua-srpm-macros-1-6.el9.noarch                                                                                  136/202 
DEBUG util.py:461:    Verifying        : ocaml-srpm-macros-6-6.el9.noarch                                                                                137/202 
DEBUG util.py:461:    Verifying        : openblas-srpm-macros-2-11.el9.noarch                                                                            138/202 
DEBUG util.py:461:    Verifying        : patch-2.7.6-16.el9.aarch64                                                                                      139/202 
DEBUG util.py:461:    Verifying        : perl-AutoLoader-5.74-483.el9.noarch                                                                             140/202 
DEBUG util.py:461:    Verifying        : perl-B-1.80-483.el9.aarch64                                                                                     141/202 
DEBUG util.py:461:    Verifying        : perl-Carp-1.50-460.el9.0.1.noarch                                                                               142/202 
DEBUG util.py:461:    Verifying        : perl-Class-Struct-0.66-483.el9.noarch                                                                           143/202 
DEBUG util.py:461:    Verifying        : perl-Data-Dumper-2.174-462.el9.aarch64                                                                          144/202 
DEBUG util.py:461:    Verifying        : perl-Digest-1.19-4.el9.0.1.noarch                                                                               145/202 
DEBUG util.py:461:    Verifying        : perl-Digest-MD5-2.58-4.el9.aarch64                                                                              146/202 
DEBUG util.py:461:    Verifying        : perl-Encode-4:3.08-462.el9.aarch64                                                                              147/202 
DEBUG util.py:461:    Verifying        : perl-Errno-1.30-483.el9.aarch64                                                                                 148/202 
DEBUG util.py:461:    Verifying        : perl-Exporter-5.74-461.el9.noarch                                                                               149/202 
DEBUG util.py:461:    Verifying        : perl-Fcntl-1.13-483.el9.aarch64                                                                                 150/202 
DEBUG util.py:461:    Verifying        : perl-File-Basename-2.85-483.el9.noarch                                                                          151/202 
DEBUG util.py:461:    Verifying        : perl-File-Path-2.18-4.el9.noarch                                                                                152/202 
DEBUG util.py:461:    Verifying        : perl-File-Temp-1:0.231.100-4.el9.noarch                                                                         153/202 
DEBUG util.py:461:    Verifying        : perl-File-stat-1.09-483.el9.noarch                                                                              154/202 
DEBUG util.py:461:    Verifying        : perl-FileHandle-2.03-483.el9.noarch                                                                             155/202 
DEBUG util.py:461:    Verifying        : perl-Getopt-Long-1:2.52-4.el9.noarch                                                                            156/202 
DEBUG util.py:461:    Verifying        : perl-Getopt-Std-1.12-483.el9.noarch                                                                             157/202 
DEBUG util.py:461:    Verifying        : perl-HTTP-Tiny-0.076-462.el9.noarch                                                                             158/202 
DEBUG util.py:461:    Verifying        : perl-IO-1.43-483.el9.aarch64                                                                                    159/202 
DEBUG util.py:461:    Verifying        : perl-IO-Socket-IP-0.41-5.el9.noarch                                                                             160/202 
DEBUG util.py:461:    Verifying        : perl-IO-Socket-SSL-2.073-2.el9.noarch                                                                           161/202 
DEBUG util.py:461:    Verifying        : perl-IPC-Open3-1.21-483.el9.noarch                                                                              162/202 
DEBUG util.py:461:    Verifying        : perl-MIME-Base64-3.16-4.el9.aarch64                                                                             163/202 
DEBUG util.py:461:    Verifying        : perl-Mozilla-CA-20200520-6.el9.noarch                                                                           164/202 
DEBUG util.py:461:    Verifying        : perl-Net-SSLeay-1.94-3.el9.aarch64                                                                              165/202 
DEBUG util.py:461:    Verifying        : perl-POSIX-1.94-483.el9.aarch64                                                                                 166/202 
DEBUG util.py:461:    Verifying        : perl-PathTools-3.78-461.el9.aarch64                                                                             167/202 
DEBUG util.py:461:    Verifying        : perl-Pod-Escapes-1:1.07-460.el9.0.1.noarch                                                                      168/202 
DEBUG util.py:461:    Verifying        : perl-Pod-Perldoc-3.28.01-461.el9.noarch                                                                         169/202 
DEBUG util.py:461:    Verifying        : perl-Pod-Simple-1:3.42-4.el9.noarch                                                                             170/202 
DEBUG util.py:461:    Verifying        : perl-Pod-Usage-4:2.01-4.el9.noarch                                                                              171/202 
DEBUG util.py:461:    Verifying        : perl-Scalar-List-Utils-4:1.56-462.el9.aarch64                                                                   172/202 
DEBUG util.py:461:    Verifying        : perl-SelectSaver-1.02-483.el9.noarch                                                                            173/202 
DEBUG util.py:461:    Verifying        : perl-Socket-4:2.031-4.el9.aarch64                                                                               174/202 
DEBUG util.py:461:    Verifying        : perl-Storable-1:3.21-460.el9.aarch64                                                                            175/202 
DEBUG util.py:461:    Verifying        : perl-Symbol-1.08-483.el9.noarch                                                                                 176/202 
DEBUG util.py:461:    Verifying        : perl-Term-ANSIColor-5.01-461.el9.0.1.noarch                                                                     177/202 
DEBUG util.py:461:    Verifying        : perl-Term-Cap-1.17-460.el9.0.1.noarch                                                                           178/202 
DEBUG util.py:461:    Verifying        : perl-Text-ParseWords-3.30-460.el9.noarch                                                                        179/202 
DEBUG util.py:461:    Verifying        : perl-Text-Tabs+Wrap-2013.0523-460.el9.0.1.noarch                                                                180/202 
DEBUG util.py:461:    Verifying        : perl-Time-Local-2:1.300-7.el9.noarch                                                                            181/202 
DEBUG util.py:461:    Verifying        : perl-URI-5.09-3.el9.0.1.noarch                                                                                  182/202 
DEBUG util.py:461:    Verifying        : perl-base-2.27-483.el9.noarch                                                                                   183/202 
DEBUG util.py:461:    Verifying        : perl-constant-1.33-461.el9.0.1.noarch                                                                           184/202 
DEBUG util.py:461:    Verifying        : perl-if-0.60.800-483.el9.noarch                                                                                 185/202 
DEBUG util.py:461:    Verifying        : perl-interpreter-4:5.32.1-483.el9.aarch64                                                                       186/202 
DEBUG util.py:461:    Verifying        : perl-libnet-3.13-4.el9.noarch                                                                                   187/202 
DEBUG util.py:461:    Verifying        : perl-libs-4:5.32.1-483.el9.aarch64                                                                              188/202 
DEBUG util.py:461:    Verifying        : perl-mro-1.23-483.el9.aarch64                                                                                   189/202 
DEBUG util.py:461:    Verifying        : perl-overload-1.31-483.el9.noarch                                                                               190/202 
DEBUG util.py:461:    Verifying        : perl-overloading-0.02-483.el9.noarch                                                                            191/202 
DEBUG util.py:461:    Verifying        : perl-parent-1:0.238-460.el9.noarch                                                                              192/202 
DEBUG util.py:461:    Verifying        : perl-podlators-1:4.14-460.el9.0.1.noarch                                                                        193/202 
DEBUG util.py:461:    Verifying        : perl-srpm-macros-1-41.el9.noarch                                                                                194/202 
DEBUG util.py:461:    Verifying        : perl-subs-1.03-483.el9.noarch                                                                                   195/202 
DEBUG util.py:461:    Verifying        : perl-vars-1.05-483.el9.noarch                                                                                   196/202 
DEBUG util.py:461:    Verifying        : pyproject-srpm-macros-1.18.5-1.el9.noarch                                                                       197/202 
DEBUG util.py:461:    Verifying        : python-srpm-macros-3.9-54.el9.noarch                                                                            198/202 
DEBUG util.py:461:    Verifying        : qt5-srpm-macros-5.15.9-1.el9.noarch                                                                             199/202 
DEBUG util.py:461:    Verifying        : redhat-rpm-config-210-1.el9.noarch                                                                              200/202 
DEBUG util.py:461:    Verifying        : rpm-build-4.16.1.3-40.el9.aarch64                                                                               201/202 
DEBUG util.py:461:    Verifying        : rust-srpm-macros-17-4.el9.noarch                                                                                202/202 
DEBUG util.py:461:  Installed:
DEBUG util.py:461:    alternatives-1.24-2.el9.aarch64                                       audit-libs-3.1.5-8.el9.aarch64                                       
DEBUG util.py:461:    basesystem-11-13.el9.0.1.noarch                                       bash-5.1.8-9.el9.aarch64                                             
DEBUG util.py:461:    binutils-2.35.2-72.el9.aarch64                                        binutils-gold-2.35.2-72.el9.aarch64                                  
DEBUG util.py:461:    bzip2-1.0.8-11.el9.aarch64                                            bzip2-libs-1.0.8-11.el9.aarch64                                      
DEBUG util.py:461:    ca-certificates-2025.2.80_v9.0.305-91.el9.noarch                      coreutils-8.32-40.el9.aarch64                                        
DEBUG util.py:461:    coreutils-common-8.32-40.el9.aarch64                                  cpio-2.13-16.el9.aarch64                                             
DEBUG util.py:461:    cracklib-2.9.6-28.el9.aarch64                                         cracklib-dicts-2.9.6-28.el9.aarch64                                  
DEBUG util.py:461:    crypto-policies-20260224-1.gitea0f072.el9.noarch                      curl-7.76.1-40.el9.aarch64                                           
DEBUG util.py:461:    cyrus-sasl-lib-2.1.27-22.el9_7.aarch64                                debugedit-5.0-11.el9.aarch64                                         
DEBUG util.py:461:    diffutils-3.7-12.el9.aarch64                                          dwz-0.16-1.el9.aarch64                                               
DEBUG util.py:461:    ed-1.14.2-12.el9.aarch64                                              efi-srpm-macros-6-4.el9.noarch                                       
DEBUG util.py:461:    elfutils-0.194-1.el9.rocky.0.1.aarch64                                elfutils-debuginfod-client-0.194-1.el9.rocky.0.1.aarch64             
DEBUG util.py:461:    elfutils-default-yama-scope-0.194-1.el9.rocky.0.1.noarch              elfutils-libelf-0.194-1.el9.rocky.0.1.aarch64                        
DEBUG util.py:461:    elfutils-libs-0.194-1.el9.rocky.0.1.aarch64                           file-5.39-17.el9.aarch64                                             
DEBUG util.py:461:    file-libs-5.39-17.el9.aarch64                                         filesystem-3.16-5.el9.aarch64                                        
DEBUG util.py:461:    findutils-1:4.8.0-7.el9.aarch64                                       fonts-srpm-macros-1:2.0.5-7.el9.1.noarch                             
DEBUG util.py:461:    gawk-5.1.0-6.el9.aarch64                                              gdb-minimal-16.3-3.el9.aarch64                                       
DEBUG util.py:461:    gdbm-libs-1:1.23-1.el9.aarch64                                        ghc-srpm-macros-1.5.0-6.el9.noarch                                   
DEBUG util.py:461:    glibc-2.34-266.el9_8.aarch64                                          glibc-common-2.34-266.el9_8.aarch64                                  
DEBUG util.py:461:    glibc-gconv-extra-2.34-266.el9_8.aarch64                              glibc-minimal-langpack-2.34-266.el9_8.aarch64                        
DEBUG util.py:461:    gmp-1:6.2.0-13.el9.aarch64                                            go-srpm-macros-3.8.1-1.el9.noarch                                    
DEBUG util.py:461:    grep-3.6-5.el9.aarch64                                                groff-base-1.22.4-10.el9.0.1.aarch64                                 
DEBUG util.py:461:    gzip-1.12-1.el9.aarch64                                               info-6.7-15.el9.aarch64                                              
DEBUG util.py:461:    json-c-0.14-11.el9.aarch64                                            kernel-srpm-macros-1.0-14.el9.noarch                                 
DEBUG util.py:461:    keyutils-libs-1.6.3-1.el9.aarch64                                     krb5-libs-1.21.1-10.el9_8.aarch64                                    
DEBUG util.py:461:    libacl-2.3.1-4.el9.aarch64                                            libarchive-3.5.3-9.el9_7.aarch64                                     
DEBUG util.py:461:    libattr-2.5.1-3.el9.aarch64                                           libblkid-2.37.4-25.el9.aarch64                                       
DEBUG util.py:461:    libbrotli-1.0.9-9.el9_7.aarch64                                       libcap-2.48-10.el9_7.1.aarch64                                       
DEBUG util.py:461:    libcap-ng-0.8.2-7.el9.aarch64                                         libcom_err-1.46.5-8.el9.aarch64                                      
DEBUG util.py:461:    libcurl-7.76.1-40.el9.aarch64                                         libdb-5.3.28-57.el9_6.aarch64                                        
DEBUG util.py:461:    libeconf-0.4.1-5.el9.aarch64                                          libevent-2.1.12-8.el9_4.aarch64                                      
DEBUG util.py:461:    libfdisk-2.37.4-25.el9.aarch64                                        libffi-3.4.2-8.el9.aarch64                                           
DEBUG util.py:461:    libgcc-11.5.0-14.el9.aarch64                                          libgcrypt-1.10.0-11.el9.aarch64                                      
DEBUG util.py:461:    libgomp-11.5.0-14.el9.aarch64                                         libgpg-error-1.42-5.el9.aarch64                                      
DEBUG util.py:461:    libidn2-2.3.0-7.el9.aarch64                                           libmount-2.37.4-25.el9.aarch64                                       
DEBUG util.py:461:    libnghttp2-1.43.0-6.el9_7.1.aarch64                                   libpkgconf-1.7.3-10.el9.aarch64                                      
DEBUG util.py:461:    libpsl-0.21.1-5.el9.aarch64                                           libpwquality-1.4.4-8.el9.aarch64                                     
DEBUG util.py:461:    libselinux-3.6-3.el9.aarch64                                          libsemanage-3.6-5.el9_6.aarch64                                      
DEBUG util.py:461:    libsepol-3.6-3.el9.aarch64                                            libsigsegv-2.13-4.el9.aarch64                                        
DEBUG util.py:461:    libsmartcols-2.37.4-25.el9.aarch64                                    libssh-0.10.4-18.el9.aarch64                                         
DEBUG util.py:461:    libssh-config-0.10.4-18.el9.noarch                                    libstdc++-11.5.0-14.el9.aarch64                                      
DEBUG util.py:461:    libtasn1-4.16.0-9.el9.aarch64                                         libtool-ltdl-2.4.6-46.el9.aarch64                                    
DEBUG util.py:461:    libunistring-0.9.10-15.el9.aarch64                                    libutempter-1.2.1-6.el9.aarch64                                      
DEBUG util.py:461:    libuuid-2.37.4-25.el9.aarch64                                         libverto-0.3.2-3.el9.aarch64                                         
DEBUG util.py:461:    libxcrypt-4.4.18-3.el9.aarch64                                        libxml2-2.9.13-14.el9_7.aarch64                                      
DEBUG util.py:461:    libzstd-1.5.5-1.el9.aarch64                                           lua-libs-5.4.4-4.el9.aarch64                                         
DEBUG util.py:461:    lua-srpm-macros-1-6.el9.noarch                                        lz4-libs-1.9.3-5.el9.aarch64                                         
DEBUG util.py:461:    mpfr-4.1.0-10.el9.aarch64                                             ncurses-6.2-12.20210508.el9.aarch64                                  
DEBUG util.py:461:    ncurses-base-6.2-12.20210508.el9.noarch                               ncurses-libs-6.2-12.20210508.el9.aarch64                             
DEBUG util.py:461:    ocaml-srpm-macros-6-6.el9.noarch                                      openblas-srpm-macros-2-11.el9.noarch                                 
DEBUG util.py:461:    openldap-2.6.8-4.el9.0.1.aarch64                                      openssl-1:3.5.5-2.el9_8.aarch64                                      
DEBUG util.py:461:    openssl-fips-provider-1:3.5.5-2.el9_8.aarch64                         openssl-libs-1:3.5.5-2.el9_8.aarch64                                 
DEBUG util.py:461:    p11-kit-0.26.2-1.el9.aarch64                                          p11-kit-trust-0.26.2-1.el9.aarch64                                   
DEBUG util.py:461:    pam-1.5.1-28.el9.aarch64                                              patch-2.7.6-16.el9.aarch64                                           
DEBUG util.py:461:    pcre-8.44-4.el9.aarch64                                               pcre2-10.40-6.el9.aarch64                                            
DEBUG util.py:461:    pcre2-syntax-10.40-6.el9.noarch                                       perl-AutoLoader-5.74-483.el9.noarch                                  
DEBUG util.py:461:    perl-B-1.80-483.el9.aarch64                                           perl-Carp-1.50-460.el9.0.1.noarch                                    
DEBUG util.py:461:    perl-Class-Struct-0.66-483.el9.noarch                                 perl-Data-Dumper-2.174-462.el9.aarch64                               
DEBUG util.py:461:    perl-Digest-1.19-4.el9.0.1.noarch                                     perl-Digest-MD5-2.58-4.el9.aarch64                                   
DEBUG util.py:461:    perl-Encode-4:3.08-462.el9.aarch64                                    perl-Errno-1.30-483.el9.aarch64                                      
DEBUG util.py:461:    perl-Exporter-5.74-461.el9.noarch                                     perl-Fcntl-1.13-483.el9.aarch64                                      
DEBUG util.py:461:    perl-File-Basename-2.85-483.el9.noarch                                perl-File-Path-2.18-4.el9.noarch                                     
DEBUG util.py:461:    perl-File-Temp-1:0.231.100-4.el9.noarch                               perl-File-stat-1.09-483.el9.noarch                                   
DEBUG util.py:461:    perl-FileHandle-2.03-483.el9.noarch                                   perl-Getopt-Long-1:2.52-4.el9.noarch                                 
DEBUG util.py:461:    perl-Getopt-Std-1.12-483.el9.noarch                                   perl-HTTP-Tiny-0.076-462.el9.noarch                                  
DEBUG util.py:461:    perl-IO-1.43-483.el9.aarch64                                          perl-IO-Socket-IP-0.41-5.el9.noarch                                  
DEBUG util.py:461:    perl-IO-Socket-SSL-2.073-2.el9.noarch                                 perl-IPC-Open3-1.21-483.el9.noarch                                   
DEBUG util.py:461:    perl-MIME-Base64-3.16-4.el9.aarch64                                   perl-Mozilla-CA-20200520-6.el9.noarch                                
DEBUG util.py:461:    perl-Net-SSLeay-1.94-3.el9.aarch64                                    perl-POSIX-1.94-483.el9.aarch64                                      
DEBUG util.py:461:    perl-PathTools-3.78-461.el9.aarch64                                   perl-Pod-Escapes-1:1.07-460.el9.0.1.noarch                           
DEBUG util.py:461:    perl-Pod-Perldoc-3.28.01-461.el9.noarch                               perl-Pod-Simple-1:3.42-4.el9.noarch                                  
DEBUG util.py:461:    perl-Pod-Usage-4:2.01-4.el9.noarch                                    perl-Scalar-List-Utils-4:1.56-462.el9.aarch64                        
DEBUG util.py:461:    perl-SelectSaver-1.02-483.el9.noarch                                  perl-Socket-4:2.031-4.el9.aarch64                                    
DEBUG util.py:461:    perl-Storable-1:3.21-460.el9.aarch64                                  perl-Symbol-1.08-483.el9.noarch                                      
DEBUG util.py:461:    perl-Term-ANSIColor-5.01-461.el9.0.1.noarch                           perl-Term-Cap-1.17-460.el9.0.1.noarch                                
DEBUG util.py:461:    perl-Text-ParseWords-3.30-460.el9.noarch                              perl-Text-Tabs+Wrap-2013.0523-460.el9.0.1.noarch                     
DEBUG util.py:461:    perl-Time-Local-2:1.300-7.el9.noarch                                  perl-URI-5.09-3.el9.0.1.noarch                                       
DEBUG util.py:461:    perl-base-2.27-483.el9.noarch                                         perl-constant-1.33-461.el9.0.1.noarch                                
DEBUG util.py:461:    perl-if-0.60.800-483.el9.noarch                                       perl-interpreter-4:5.32.1-483.el9.aarch64                            
DEBUG util.py:461:    perl-libnet-3.13-4.el9.noarch                                         perl-libs-4:5.32.1-483.el9.aarch64                                   
DEBUG util.py:461:    perl-mro-1.23-483.el9.aarch64                                         perl-overload-1.31-483.el9.noarch                                    
DEBUG util.py:461:    perl-overloading-0.02-483.el9.noarch                                  perl-parent-1:0.238-460.el9.noarch                                   
DEBUG util.py:461:    perl-podlators-1:4.14-460.el9.0.1.noarch                              perl-srpm-macros-1-41.el9.noarch                                     
DEBUG util.py:461:    perl-subs-1.03-483.el9.noarch                                         perl-vars-1.05-483.el9.noarch                                        
DEBUG util.py:461:    pkgconf-1.7.3-10.el9.aarch64                                          pkgconf-m4-1.7.3-10.el9.noarch                                       
DEBUG util.py:461:    pkgconf-pkg-config-1.7.3-10.el9.aarch64                               popt-1.18-8.el9.aarch64                                              
DEBUG util.py:461:    publicsuffix-list-dafsa-20210518-3.el9.noarch                         pyproject-srpm-macros-1.18.5-1.el9.noarch                            
DEBUG util.py:461:    python-srpm-macros-3.9-54.el9.noarch                                  qt5-srpm-macros-5.15.9-1.el9.noarch                                  
DEBUG util.py:461:    readline-8.1-4.el9.aarch64                                            redhat-rpm-config-210-1.el9.noarch                                   
DEBUG util.py:461:    rocky-gpg-keys-9.8-1.1.el9.noarch                                     rocky-release-9.8-1.1.el9.noarch                                     
DEBUG util.py:461:    rocky-repos-9.8-1.1.el9.noarch                                        rpm-4.16.1.3-40.el9.aarch64                                          
DEBUG util.py:461:    rpm-build-4.16.1.3-40.el9.aarch64                                     rpm-build-libs-4.16.1.3-40.el9.aarch64                               
DEBUG util.py:461:    rpm-libs-4.16.1.3-40.el9.aarch64                                      rust-srpm-macros-17-4.el9.noarch                                     
DEBUG util.py:461:    sed-4.8-10.el9_8.aarch64                                              setup-2.13.7-10.el9.noarch                                           
DEBUG util.py:461:    shadow-utils-2:4.9-16.el9.aarch64                                     sqlite-libs-3.34.1-9.el9_7.aarch64                                   
DEBUG util.py:461:    systemd-libs-252-67.el9.rocky.0.1.aarch64                             tar-2:1.34-11.el9.aarch64                                            
DEBUG util.py:461:    tzdata-2026a-1.el9.noarch                                             unzip-6.0-60.el9_8.aarch64                                           
DEBUG util.py:461:    util-linux-2.37.4-25.el9.aarch64                                      util-linux-core-2.37.4-25.el9.aarch64                                
DEBUG util.py:461:    which-2.21-30.el9_6.aarch64                                           xz-5.2.5-8.el9_0.aarch64                                             
DEBUG util.py:461:    xz-libs-5.2.5-8.el9_0.aarch64                                         zip-3.0-35.el9.aarch64                                               
DEBUG util.py:461:    zlib-1.2.11-40.el9.aarch64                                            zstd-1.5.5-1.el9.aarch64                                             
DEBUG util.py:461:  Complete!
DEBUG util.py:608:  Child return code was: 0
DEBUG util.py:183:  kill orphans in chroot /var/lib/mock/rocky-9-aarch64/root
DEBUG util.py:183:  kill orphans in chroot /var/lib/mock/rocky-9-aarch64-bootstrap/root/var/lib/mock/rocky-9-aarch64/root
DEBUG util.py:634:  child environment: None
DEBUG util.py:556:  Executing command: ['/bin/umount', '-n', '-l', '/var/lib/mock/rocky-9-aarch64-bootstrap/root/var/lib/mock/rocky-9-aarch64/root'] with env {'TERM': 'vt100', 'SHELL': '/bin/sh', 'HOME': '/builddir', 'HOSTNAME': 'mock', 'PATH': '/usr/bin:/bin:/usr/sbin:/sbin', 'LANG': 'C.UTF-8'} and shell False
DEBUG util.py:608:  Child return code was: 0
DEBUG util.py:634:  child environment: None
DEBUG util.py:556:  Executing command: ['/bin/umount', '-n', '-l', '/var/lib/mock/rocky-9-aarch64-bootstrap/root/var/lib/mock/rocky-9-aarch64/root'] with env {'TERM': 'vt100', 'SHELL': '/bin/sh', 'HOME': '/builddir', 'HOSTNAME': 'mock', 'PATH': '/usr/bin:/bin:/usr/sbin:/sbin', 'LANG': 'C.UTF-8'} and shell False
DEBUG util.py:608:  Child return code was: 0
DEBUG file_util.py:30:  touching file: /var/lib/mock/rocky-9-aarch64/root/etc/os-release
DEBUG file_util.py:18:  ensuring that dir exists: /var/lib/mock/rocky-9-aarch64/root/builddir/build
DEBUG file_util.py:21:  created dir: /var/lib/mock/rocky-9-aarch64/root/builddir/build
DEBUG file_util.py:18:  ensuring that dir exists: /var/lib/mock/rocky-9-aarch64/root/builddir/build/RPMS
DEBUG file_util.py:21:  created dir: /var/lib/mock/rocky-9-aarch64/root/builddir/build/RPMS
DEBUG file_util.py:18:  ensuring that dir exists: /var/lib/mock/rocky-9-aarch64/root/builddir/build/SPECS
DEBUG file_util.py:21:  created dir: /var/lib/mock/rocky-9-aarch64/root/builddir/build/SPECS
DEBUG file_util.py:18:  ensuring that dir exists: /var/lib/mock/rocky-9-aarch64/root/builddir/build/SRPMS
DEBUG file_util.py:21:  created dir: /var/lib/mock/rocky-9-aarch64/root/builddir/build/SRPMS
DEBUG file_util.py:18:  ensuring that dir exists: /var/lib/mock/rocky-9-aarch64/root/builddir/build/SOURCES
DEBUG file_util.py:21:  created dir: /var/lib/mock/rocky-9-aarch64/root/builddir/build/SOURCES
DEBUG file_util.py:18:  ensuring that dir exists: /var/lib/mock/rocky-9-aarch64/root/builddir/build/BUILD
DEBUG file_util.py:21:  created dir: /var/lib/mock/rocky-9-aarch64/root/builddir/build/BUILD
DEBUG file_util.py:18:  ensuring that dir exists: /var/lib/mock/rocky-9-aarch64/root/builddir/build/BUILDROOT
DEBUG file_util.py:21:  created dir: /var/lib/mock/rocky-9-aarch64/root/builddir/build/BUILDROOT
DEBUG file_util.py:18:  ensuring that dir exists: /var/lib/mock/rocky-9-aarch64/root/builddir/build/originals
DEBUG file_util.py:21:  created dir: /var/lib/mock/rocky-9-aarch64/root/builddir/build/originals
DEBUG file_util.py:18:  ensuring that dir exists: /var/lib/mock/rocky-9-aarch64/root/builddir
DEBUG util.py:634:  child environment: None
DEBUG util.py:556:  Executing command: ['userdel', '-f', 'mockbuild', '--prefix', '/var/lib/mock/rocky-9-aarch64/root'] with env {'TERM': 'vt100', 'SHELL': '/bin/sh', 'HOME': '/builddir', 'HOSTNAME': 'mock', 'PATH': '/usr/bin:/bin:/usr/sbin:/sbin', 'LANG': 'C.UTF-8'} and shell False
DEBUG util.py:459:  userdel: user 'mockbuild' does not exist
DEBUG util.py:608:  Child return code was: 6
DEBUG util.py:634:  child environment: None
DEBUG util.py:556:  Executing command: ['groupdel', 'mock', '--prefix', '/var/lib/mock/rocky-9-aarch64/root'] with env {'TERM': 'vt100', 'SHELL': '/bin/sh', 'HOME': '/builddir', 'HOSTNAME': 'mock', 'PATH': '/usr/bin:/bin:/usr/sbin:/sbin', 'LANG': 'C.UTF-8'} and shell False
DEBUG util.py:459:  groupdel: group 'mock' does not exist
DEBUG util.py:608:  Child return code was: 6
DEBUG util.py:634:  child environment: None
DEBUG util.py:556:  Executing command: ['groupadd', 'mock', '-g', '135', '--prefix', '/var/lib/mock/rocky-9-aarch64/root'] with env {'TERM': 'vt100', 'SHELL': '/bin/sh', 'HOME': '/builddir', 'HOSTNAME': 'mock', 'PATH': '/usr/bin:/bin:/usr/sbin:/sbin', 'LANG': 'C.UTF-8'} and shell False
DEBUG util.py:608:  Child return code was: 0
DEBUG util.py:634:  child environment: None
DEBUG util.py:556:  Executing command: ['useradd', 'mockbuild', '-o', '-u', '1001', '-g', '135', '-N', '-d', '/builddir', '--prefix', '/var/lib/mock/rocky-9-aarch64/root'] with env {'TERM': 'vt100', 'SHELL': '/bin/sh', 'HOME': '/builddir', 'HOSTNAME': 'mock', 'PATH': '/usr/bin:/bin:/usr/sbin:/sbin', 'LANG': 'C.UTF-8'} and shell False
DEBUG util.py:459:  useradd: warning: the home directory /builddir already exists.
DEBUG util.py:459:  useradd: Not copying any file from skel directory into it.
DEBUG util.py:608:  Child return code was: 0
DEBUG file_util.py:30:  touching file: /var/lib/mock/rocky-9-aarch64/root/.initialized
DEBUG util.py:634:  child environment: None
DEBUG util.py:556:  Executing command: ['sync'] with env {'TERM': 'vt100', 'SHELL': '/bin/sh', 'HOME': '/builddir', 'HOSTNAME': 'mock', 'PATH': '/usr/bin:/bin:/usr/sbin:/sbin', 'LANG': 'C.UTF-8'} and shell False
DEBUG util.py:608:  Child return code was: 0
DEBUG util.py:634:  child environment: None
DEBUG util.py:556:  Executing command: ['/bin/tar', '--one-file-system', '--exclude-caches', '--exclude-caches-under', '--use-compress-program', 'pigz', '-cf', '/var/cache/mock/rocky-9-aarch64/root_cache/cache.tar.gz', '-C', '/var/lib/mock/rocky-9-aarch64/root', '--exclude=./proc', '--exclude=./sys', '--exclude=./dev', '--exclude=./tmp/ccache', '--exclude=./var/cache/yum', '--exclude=./var/cache/dnf', '--exclude=./var/log', '--exclude=.//proc', '--exclude=.//proc', '--exclude=.//sys', '--exclude=.//sys', '--exclude=.//dev/shm', '--exclude=.//dev/pts', '--exclude=.//proc/filesystems', '--exclude=.//sys/fs/selinux', '--exclude=.//var/cache/yum', '--exclude=.//var/cache/dnf', '.'] with env {'TERM': 'vt100', 'SHELL': '/bin/sh', 'HOME': '/builddir', 'HOSTNAME': 'mock', 'PATH': '/usr/bin:/bin:/usr/sbin:/sbin', 'LANG': 'C.UTF-8'} and shell False
DEBUG util.py:608:  Child return code was: 0
DEBUG file_util.py:18:  ensuring that dir exists: /var/lib/mock/rocky-9-aarch64-bootstrap/root/var/lib/mock/rocky-9-aarch64/root
DEBUG util.py:634:  child environment: None
DEBUG util.py:556:  Executing command: ['/bin/mount', '-n', '-t', 'tmpfs', '-o', 'private,mode=0755', 'tmpfs', '/var/lib/mock/rocky-9-aarch64-bootstrap/root/var/lib/mock/rocky-9-aarch64/root'] with env {'TERM': 'vt100', 'SHELL': '/bin/sh', 'HOME': '/builddir', 'HOSTNAME': 'mock', 'PATH': '/usr/bin:/bin:/usr/sbin:/sbin', 'LANG': 'C.UTF-8'} and shell False
DEBUG util.py:608:  Child return code was: 0
DEBUG file_util.py:18:  ensuring that dir exists: /var/lib/mock/rocky-9-aarch64-bootstrap/root/var/lib/mock/rocky-9-aarch64/root
DEBUG util.py:634:  child environment: None
DEBUG util.py:556:  Executing command: ['/bin/mount', '-n', '-o', 'rbind', '/var/lib/mock/rocky-9-aarch64/root', '/var/lib/mock/rocky-9-aarch64-bootstrap/root/var/lib/mock/rocky-9-aarch64/root'] with env {'TERM': 'vt100', 'SHELL': '/bin/sh', 'HOME': '/builddir', 'HOSTNAME': 'mock', 'PATH': '/usr/bin:/bin:/usr/sbin:/sbin', 'LANG': 'C.UTF-8'} and shell False
DEBUG util.py:608:  Child return code was: 0
DEBUG util.py:634:  child environment: None
DEBUG util.py:556:  Executing command: ['/bin/mount', '-n', '-o', 'remount,private,rbind', '--target', '/var/lib/mock/rocky-9-aarch64-bootstrap/root/var/lib/mock/rocky-9-aarch64/root'] with env {'TERM': 'vt100', 'SHELL': '/bin/sh', 'HOME': '/builddir', 'HOSTNAME': 'mock', 'PATH': '/usr/bin:/bin:/usr/sbin:/sbin', 'LANG': 'C.UTF-8'} and shell False
DEBUG util.py:608:  Child return code was: 0
DEBUG util.py:634:  child environment: None
DEBUG util.py:556:  Executing command: ['/bin/rpm', '-qa', '--root', '/var/lib/mock/rocky-9-aarch64/root'] with env {'TERM': 'vt100', 'SHELL': '/bin/bash', 'HOME': '/builddir', 'HOSTNAME': 'mock', 'PATH': '/usr/bin:/bin:/usr/sbin:/sbin', 'PROMPT_COMMAND': 'printf "\\033]0;<mock-chroot>\\007"', 'PS1': '<mock-chroot> \\s-\\v\\$ ', 'LANG': 'C.UTF-8'} and shell False
DEBUG util.py:461:  gpg-pubkey-350d275d-6279464b
DEBUG util.py:461:  rust-srpm-macros-17-4.el9.noarch
DEBUG util.py:461:  qt5-srpm-macros-5.15.9-1.el9.noarch
DEBUG util.py:461:  perl-srpm-macros-1-41.el9.noarch
DEBUG util.py:461:  openblas-srpm-macros-2-11.el9.noarch
DEBUG util.py:461:  ocaml-srpm-macros-6-6.el9.noarch
DEBUG util.py:461:  ghc-srpm-macros-1.5.0-6.el9.noarch
DEBUG util.py:461:  tzdata-2026a-1.el9.noarch
DEBUG util.py:461:  rocky-gpg-keys-9.8-1.1.el9.noarch
DEBUG util.py:461:  rocky-release-9.8-1.1.el9.noarch
DEBUG util.py:461:  rocky-repos-9.8-1.1.el9.noarch
DEBUG util.py:461:  setup-2.13.7-10.el9.noarch
DEBUG util.py:461:  filesystem-3.16-5.el9.aarch64
DEBUG util.py:461:  basesystem-11-13.el9.0.1.noarch
DEBUG util.py:461:  publicsuffix-list-dafsa-20210518-3.el9.noarch
DEBUG util.py:461:  pkgconf-m4-1.7.3-10.el9.noarch
DEBUG util.py:461:  pcre2-syntax-10.40-6.el9.noarch
DEBUG util.py:461:  ncurses-base-6.2-12.20210508.el9.noarch
DEBUG util.py:461:  ncurses-libs-6.2-12.20210508.el9.aarch64
DEBUG util.py:461:  bash-5.1.8-9.el9.aarch64
DEBUG util.py:461:  libgcc-11.5.0-14.el9.aarch64
DEBUG util.py:461:  glibc-gconv-extra-2.34-266.el9_8.aarch64
DEBUG util.py:461:  glibc-minimal-langpack-2.34-266.el9_8.aarch64
DEBUG util.py:461:  glibc-common-2.34-266.el9_8.aarch64
DEBUG util.py:461:  glibc-2.34-266.el9_8.aarch64
DEBUG util.py:461:  zlib-1.2.11-40.el9.aarch64
DEBUG util.py:461:  xz-libs-5.2.5-8.el9_0.aarch64
DEBUG util.py:461:  bzip2-libs-1.0.8-11.el9.aarch64
DEBUG util.py:461:  libzstd-1.5.5-1.el9.aarch64
DEBUG util.py:461:  elfutils-libelf-0.194-1.el9.rocky.0.1.aarch64
DEBUG util.py:461:  libxcrypt-4.4.18-3.el9.aarch64
DEBUG util.py:461:  libstdc++-11.5.0-14.el9.aarch64
DEBUG util.py:461:  libuuid-2.37.4-25.el9.aarch64
DEBUG util.py:461:  gmp-6.2.0-13.el9.aarch64
DEBUG util.py:461:  libattr-2.5.1-3.el9.aarch64
DEBUG util.py:461:  libacl-2.3.1-4.el9.aarch64
DEBUG util.py:461:  libcap-2.48-10.el9_7.1.aarch64
DEBUG util.py:461:  popt-1.18-8.el9.aarch64
DEBUG util.py:461:  libcom_err-1.46.5-8.el9.aarch64
DEBUG util.py:461:  lz4-libs-1.9.3-5.el9.aarch64
DEBUG util.py:461:  readline-8.1-4.el9.aarch64
DEBUG util.py:461:  crypto-policies-20260224-1.gitea0f072.el9.noarch
DEBUG util.py:461:  mpfr-4.1.0-10.el9.aarch64
DEBUG util.py:461:  dwz-0.16-1.el9.aarch64
DEBUG util.py:461:  unzip-6.0-60.el9_8.aarch64
DEBUG util.py:461:  file-libs-5.39-17.el9.aarch64
DEBUG util.py:461:  file-5.39-17.el9.aarch64
DEBUG util.py:461:  sqlite-libs-3.34.1-9.el9_7.aarch64
DEBUG util.py:461:  alternatives-1.24-2.el9.aarch64
DEBUG util.py:461:  libcap-ng-0.8.2-7.el9.aarch64
DEBUG util.py:461:  audit-libs-3.1.5-8.el9.aarch64
DEBUG util.py:461:  libffi-3.4.2-8.el9.aarch64
DEBUG util.py:461:  libsepol-3.6-3.el9.aarch64
DEBUG util.py:461:  libsigsegv-2.13-4.el9.aarch64
DEBUG util.py:461:  gawk-5.1.0-6.el9.aarch64
DEBUG util.py:461:  libsmartcols-2.37.4-25.el9.aarch64
DEBUG util.py:461:  libtasn1-4.16.0-9.el9.aarch64
DEBUG util.py:461:  p11-kit-0.26.2-1.el9.aarch64
DEBUG util.py:461:  libunistring-0.9.10-15.el9.aarch64
DEBUG util.py:461:  libidn2-2.3.0-7.el9.aarch64
DEBUG util.py:461:  lua-libs-5.4.4-4.el9.aarch64
DEBUG util.py:461:  libpsl-0.21.1-5.el9.aarch64
DEBUG util.py:461:  p11-kit-trust-0.26.2-1.el9.aarch64
DEBUG util.py:461:  zip-3.0-35.el9.aarch64
DEBUG util.py:461:  zstd-1.5.5-1.el9.aarch64
DEBUG util.py:461:  groff-base-1.22.4-10.el9.0.1.aarch64
DEBUG util.py:461:  bzip2-1.0.8-11.el9.aarch64
DEBUG util.py:461:  libxml2-2.9.13-14.el9_7.aarch64
DEBUG util.py:461:  info-6.7-15.el9.aarch64
DEBUG util.py:461:  ed-1.14.2-12.el9.aarch64
DEBUG util.py:461:  cpio-2.13-16.el9.aarch64
DEBUG util.py:461:  diffutils-3.7-12.el9.aarch64
DEBUG util.py:461:  gdbm-libs-1.23-1.el9.aarch64
DEBUG util.py:461:  json-c-0.14-11.el9.aarch64
DEBUG util.py:461:  keyutils-libs-1.6.3-1.el9.aarch64
DEBUG util.py:461:  libbrotli-1.0.9-9.el9_7.aarch64
DEBUG util.py:461:  libdb-5.3.28-57.el9_6.aarch64
DEBUG util.py:461:  libeconf-0.4.1-5.el9.aarch64
DEBUG util.py:461:  libgomp-11.5.0-14.el9.aarch64
DEBUG util.py:461:  libgpg-error-1.42-5.el9.aarch64
DEBUG util.py:461:  libgcrypt-1.10.0-11.el9.aarch64
DEBUG util.py:461:  libnghttp2-1.43.0-6.el9_7.1.aarch64
DEBUG util.py:461:  libpkgconf-1.7.3-10.el9.aarch64
DEBUG util.py:461:  pkgconf-1.7.3-10.el9.aarch64
DEBUG util.py:461:  pkgconf-pkg-config-1.7.3-10.el9.aarch64
DEBUG util.py:461:  libtool-ltdl-2.4.6-46.el9.aarch64
DEBUG util.py:461:  libverto-0.3.2-3.el9.aarch64
DEBUG util.py:461:  ncurses-6.2-12.20210508.el9.aarch64
DEBUG util.py:461:  pcre-8.44-4.el9.aarch64
DEBUG util.py:461:  grep-3.6-5.el9.aarch64
DEBUG util.py:461:  xz-5.2.5-8.el9_0.aarch64
DEBUG util.py:461:  pcre2-10.40-6.el9.aarch64
DEBUG util.py:461:  libselinux-3.6-3.el9.aarch64
DEBUG util.py:461:  sed-4.8-10.el9_8.aarch64
DEBUG util.py:461:  findutils-4.8.0-7.el9.aarch64
DEBUG util.py:461:  libsemanage-3.6-5.el9_6.aarch64
DEBUG util.py:461:  shadow-utils-4.9-16.el9.aarch64
DEBUG util.py:461:  libutempter-1.2.1-6.el9.aarch64
DEBUG util.py:461:  tar-1.34-11.el9.aarch64
DEBUG util.py:461:  patch-2.7.6-16.el9.aarch64
DEBUG util.py:461:  elfutils-default-yama-scope-0.194-1.el9.rocky.0.1.noarch
DEBUG util.py:461:  elfutils-libs-0.194-1.el9.rocky.0.1.aarch64
DEBUG util.py:461:  libssh-config-0.10.4-18.el9.noarch
DEBUG util.py:461:  coreutils-common-8.32-40.el9.aarch64
DEBUG util.py:461:  openssl-fips-provider-3.5.5-2.el9_8.aarch64
DEBUG util.py:461:  openssl-libs-3.5.5-2.el9_8.aarch64
DEBUG util.py:461:  coreutils-8.32-40.el9.aarch64
DEBUG util.py:461:  ca-certificates-2025.2.80_v9.0.305-91.el9.noarch
DEBUG util.py:461:  libblkid-2.37.4-25.el9.aarch64
DEBUG util.py:461:  krb5-libs-1.21.1-10.el9_8.aarch64
DEBUG util.py:461:  libmount-2.37.4-25.el9.aarch64
DEBUG util.py:461:  gzip-1.12-1.el9.aarch64
DEBUG util.py:461:  cracklib-2.9.6-28.el9.aarch64
DEBUG util.py:461:  systemd-libs-252-67.el9.rocky.0.1.aarch64
DEBUG util.py:461:  libarchive-3.5.3-9.el9_7.aarch64
DEBUG util.py:461:  util-linux-core-2.37.4-25.el9.aarch64
DEBUG util.py:461:  cracklib-dicts-2.9.6-28.el9.aarch64
DEBUG util.py:461:  cyrus-sasl-lib-2.1.27-22.el9_7.aarch64
DEBUG util.py:461:  libssh-0.10.4-18.el9.aarch64
DEBUG util.py:461:  libfdisk-2.37.4-25.el9.aarch64
DEBUG util.py:461:  perl-Digest-1.19-4.el9.0.1.noarch
DEBUG util.py:461:  perl-Digest-MD5-2.58-4.el9.aarch64
DEBUG util.py:461:  perl-B-1.80-483.el9.aarch64
DEBUG util.py:461:  perl-FileHandle-2.03-483.el9.noarch
DEBUG util.py:461:  perl-Data-Dumper-2.174-462.el9.aarch64
DEBUG util.py:461:  perl-libnet-3.13-4.el9.noarch
DEBUG util.py:461:  perl-AutoLoader-5.74-483.el9.noarch
DEBUG util.py:461:  perl-base-2.27-483.el9.noarch
DEBUG util.py:461:  perl-URI-5.09-3.el9.0.1.noarch
DEBUG util.py:461:  perl-if-0.60.800-483.el9.noarch
DEBUG util.py:461:  perl-IO-Socket-IP-0.41-5.el9.noarch
DEBUG util.py:461:  perl-Time-Local-1.300-7.el9.noarch
DEBUG util.py:461:  perl-File-Path-2.18-4.el9.noarch
DEBUG util.py:461:  perl-IO-Socket-SSL-2.073-2.el9.noarch
DEBUG util.py:461:  perl-Net-SSLeay-1.94-3.el9.aarch64
DEBUG util.py:461:  perl-Pod-Escapes-1.07-460.el9.0.1.noarch
DEBUG util.py:461:  perl-Text-Tabs+Wrap-2013.0523-460.el9.0.1.noarch
DEBUG util.py:461:  perl-Mozilla-CA-20200520-6.el9.noarch
DEBUG util.py:461:  perl-Class-Struct-0.66-483.el9.noarch
DEBUG util.py:461:  perl-POSIX-1.94-483.el9.aarch64
DEBUG util.py:461:  perl-Term-ANSIColor-5.01-461.el9.0.1.noarch
DEBUG util.py:461:  perl-IPC-Open3-1.21-483.el9.noarch
DEBUG util.py:461:  perl-subs-1.03-483.el9.noarch
DEBUG util.py:461:  perl-File-Temp-0.231.100-4.el9.noarch
DEBUG util.py:461:  perl-Term-Cap-1.17-460.el9.0.1.noarch
DEBUG util.py:461:  perl-Pod-Simple-3.42-4.el9.noarch
DEBUG util.py:461:  perl-HTTP-Tiny-0.076-462.el9.noarch
DEBUG util.py:461:  perl-Socket-2.031-4.el9.aarch64
DEBUG util.py:461:  perl-SelectSaver-1.02-483.el9.noarch
DEBUG util.py:461:  perl-Symbol-1.08-483.el9.noarch
DEBUG util.py:461:  perl-File-stat-1.09-483.el9.noarch
DEBUG util.py:461:  perl-podlators-4.14-460.el9.0.1.noarch
DEBUG util.py:461:  perl-Pod-Perldoc-3.28.01-461.el9.noarch
DEBUG util.py:461:  perl-Fcntl-1.13-483.el9.aarch64
DEBUG util.py:461:  perl-Text-ParseWords-3.30-460.el9.noarch
DEBUG util.py:461:  perl-mro-1.23-483.el9.aarch64
DEBUG util.py:461:  perl-IO-1.43-483.el9.aarch64
DEBUG util.py:461:  perl-overloading-0.02-483.el9.noarch
DEBUG util.py:461:  perl-Pod-Usage-2.01-4.el9.noarch
DEBUG util.py:461:  perl-Errno-1.30-483.el9.aarch64
DEBUG util.py:461:  perl-File-Basename-2.85-483.el9.noarch
DEBUG util.py:461:  perl-Getopt-Std-1.12-483.el9.noarch
DEBUG util.py:461:  perl-MIME-Base64-3.16-4.el9.aarch64
DEBUG util.py:461:  perl-Scalar-List-Utils-1.56-462.el9.aarch64
DEBUG util.py:461:  perl-constant-1.33-461.el9.0.1.noarch
DEBUG util.py:461:  perl-Storable-3.21-460.el9.aarch64
DEBUG util.py:461:  perl-overload-1.31-483.el9.noarch
DEBUG util.py:461:  perl-parent-0.238-460.el9.noarch
DEBUG util.py:461:  perl-vars-1.05-483.el9.noarch
DEBUG util.py:461:  perl-Getopt-Long-2.52-4.el9.noarch
DEBUG util.py:461:  perl-Carp-1.50-460.el9.0.1.noarch
DEBUG util.py:461:  perl-Exporter-5.74-461.el9.noarch
DEBUG util.py:461:  perl-PathTools-3.78-461.el9.aarch64
DEBUG util.py:461:  perl-Encode-3.08-462.el9.aarch64
DEBUG util.py:461:  perl-libs-5.32.1-483.el9.aarch64
DEBUG util.py:461:  perl-interpreter-5.32.1-483.el9.aarch64
DEBUG util.py:461:  kernel-srpm-macros-1.0-14.el9.noarch
DEBUG util.py:461:  openssl-3.5.5-2.el9_8.aarch64
DEBUG util.py:461:  libpwquality-1.4.4-8.el9.aarch64
DEBUG util.py:461:  pam-1.5.1-28.el9.aarch64
DEBUG util.py:461:  libevent-2.1.12-8.el9_4.aarch64
DEBUG util.py:461:  openldap-2.6.8-4.el9.0.1.aarch64
DEBUG util.py:461:  libcurl-7.76.1-40.el9.aarch64
DEBUG util.py:461:  elfutils-debuginfod-client-0.194-1.el9.rocky.0.1.aarch64
DEBUG util.py:461:  binutils-gold-2.35.2-72.el9.aarch64
DEBUG util.py:461:  binutils-2.35.2-72.el9.aarch64
DEBUG util.py:461:  elfutils-0.194-1.el9.rocky.0.1.aarch64
DEBUG util.py:461:  gdb-minimal-16.3-3.el9.aarch64
DEBUG util.py:461:  debugedit-5.0-11.el9.aarch64
DEBUG util.py:461:  curl-7.76.1-40.el9.aarch64
DEBUG util.py:461:  rpm-4.16.1.3-40.el9.aarch64
DEBUG util.py:461:  rpm-libs-4.16.1.3-40.el9.aarch64
DEBUG util.py:461:  rpm-build-libs-4.16.1.3-40.el9.aarch64
DEBUG util.py:461:  efi-srpm-macros-6-4.el9.noarch
DEBUG util.py:461:  lua-srpm-macros-1-6.el9.noarch
DEBUG util.py:461:  fonts-srpm-macros-2.0.5-7.el9.1.noarch
DEBUG util.py:461:  go-srpm-macros-3.8.1-1.el9.noarch
DEBUG util.py:461:  python-srpm-macros-3.9-54.el9.noarch
DEBUG util.py:461:  pyproject-srpm-macros-1.18.5-1.el9.noarch
DEBUG util.py:461:  redhat-rpm-config-210-1.el9.noarch
DEBUG util.py:461:  rpm-build-4.16.1.3-40.el9.aarch64
DEBUG util.py:461:  util-linux-2.37.4-25.el9.aarch64
DEBUG util.py:461:  which-2.21-30.el9_6.aarch64
DEBUG util.py:608:  Child return code was: 0
DEBUG util.py:183:  kill orphans in chroot /var/lib/mock/rocky-9-aarch64/root
DEBUG util.py:183:  kill orphans in chroot /var/lib/mock/rocky-9-aarch64-bootstrap/root/var/lib/mock/rocky-9-aarch64/root
DEBUG util.py:634:  child environment: None
DEBUG util.py:556:  Executing command: ['/bin/umount', '-n', '-l', '/var/lib/mock/rocky-9-aarch64-bootstrap/root/var/lib/mock/rocky-9-aarch64/root'] with env {'TERM': 'vt100', 'SHELL': '/bin/sh', 'HOME': '/builddir', 'HOSTNAME': 'mock', 'PATH': '/usr/bin:/bin:/usr/sbin:/sbin', 'LANG': 'C.UTF-8'} and shell False
DEBUG util.py:608:  Child return code was: 0
DEBUG util.py:634:  child environment: None
DEBUG util.py:556:  Executing command: ['/bin/umount', '-n', '-l', '/var/lib/mock/rocky-9-aarch64-bootstrap/root/var/lib/mock/rocky-9-aarch64/root'] with env {'TERM': 'vt100', 'SHELL': '/bin/sh', 'HOME': '/builddir', 'HOSTNAME': 'mock', 'PATH': '/usr/bin:/bin:/usr/sbin:/sbin', 'LANG': 'C.UTF-8'} and shell False
DEBUG util.py:608:  Child return code was: 0
INFO backend.py:228:  Installed packages:
INFO backend.py:229:  alternatives-1.24-2.el9.aarch64
audit-libs-3.1.5-8.el9.aarch64
basesystem-11-13.el9.0.1.noarch
bash-5.1.8-9.el9.aarch64
binutils-2.35.2-72.el9.aarch64
binutils-gold-2.35.2-72.el9.aarch64
bzip2-1.0.8-11.el9.aarch64
bzip2-libs-1.0.8-11.el9.aarch64
ca-certificates-2025.2.80_v9.0.305-91.el9.noarch
coreutils-8.32-40.el9.aarch64
coreutils-common-8.32-40.el9.aarch64
cpio-2.13-16.el9.aarch64
cracklib-2.9.6-28.el9.aarch64
cracklib-dicts-2.9.6-28.el9.aarch64
crypto-policies-20260224-1.gitea0f072.el9.noarch
curl-7.76.1-40.el9.aarch64
cyrus-sasl-lib-2.1.27-22.el9_7.aarch64
debugedit-5.0-11.el9.aarch64
diffutils-3.7-12.el9.aarch64
dwz-0.16-1.el9.aarch64
ed-1.14.2-12.el9.aarch64
efi-srpm-macros-6-4.el9.noarch
elfutils-0.194-1.el9.rocky.0.1.aarch64
elfutils-debuginfod-client-0.194-1.el9.rocky.0.1.aarch64
elfutils-default-yama-scope-0.194-1.el9.rocky.0.1.noarch
elfutils-libelf-0.194-1.el9.rocky.0.1.aarch64
elfutils-libs-0.194-1.el9.rocky.0.1.aarch64
file-5.39-17.el9.aarch64
file-libs-5.39-17.el9.aarch64
filesystem-3.16-5.el9.aarch64
findutils-4.8.0-7.el9.aarch64
fonts-srpm-macros-2.0.5-7.el9.1.noarch
gawk-5.1.0-6.el9.aarch64
gdb-minimal-16.3-3.el9.aarch64
gdbm-libs-1.23-1.el9.aarch64
ghc-srpm-macros-1.5.0-6.el9.noarch
glibc-2.34-266.el9_8.aarch64
glibc-common-2.34-266.el9_8.aarch64
glibc-gconv-extra-2.34-266.el9_8.aarch64
glibc-minimal-langpack-2.34-266.el9_8.aarch64
gmp-6.2.0-13.el9.aarch64
go-srpm-macros-3.8.1-1.el9.noarch
gpg-pubkey-350d275d-6279464b
grep-3.6-5.el9.aarch64
groff-base-1.22.4-10.el9.0.1.aarch64
gzip-1.12-1.el9.aarch64
info-6.7-15.el9.aarch64
json-c-0.14-11.el9.aarch64
kernel-srpm-macros-1.0-14.el9.noarch
keyutils-libs-1.6.3-1.el9.aarch64
krb5-libs-1.21.1-10.el9_8.aarch64
libacl-2.3.1-4.el9.aarch64
libarchive-3.5.3-9.el9_7.aarch64
libattr-2.5.1-3.el9.aarch64
libblkid-2.37.4-25.el9.aarch64
libbrotli-1.0.9-9.el9_7.aarch64
libcap-2.48-10.el9_7.1.aarch64
libcap-ng-0.8.2-7.el9.aarch64
libcom_err-1.46.5-8.el9.aarch64
libcurl-7.76.1-40.el9.aarch64
libdb-5.3.28-57.el9_6.aarch64
libeconf-0.4.1-5.el9.aarch64
libevent-2.1.12-8.el9_4.aarch64
libfdisk-2.37.4-25.el9.aarch64
libffi-3.4.2-8.el9.aarch64
libgcc-11.5.0-14.el9.aarch64
libgcrypt-1.10.0-11.el9.aarch64
libgomp-11.5.0-14.el9.aarch64
libgpg-error-1.42-5.el9.aarch64
libidn2-2.3.0-7.el9.aarch64
libmount-2.37.4-25.el9.aarch64
libnghttp2-1.43.0-6.el9_7.1.aarch64
libpkgconf-1.7.3-10.el9.aarch64
libpsl-0.21.1-5.el9.aarch64
libpwquality-1.4.4-8.el9.aarch64
libselinux-3.6-3.el9.aarch64
libsemanage-3.6-5.el9_6.aarch64
libsepol-3.6-3.el9.aarch64
libsigsegv-2.13-4.el9.aarch64
libsmartcols-2.37.4-25.el9.aarch64
libssh-0.10.4-18.el9.aarch64
libssh-config-0.10.4-18.el9.noarch
libstdc++-11.5.0-14.el9.aarch64
libtasn1-4.16.0-9.el9.aarch64
libtool-ltdl-2.4.6-46.el9.aarch64
libunistring-0.9.10-15.el9.aarch64
libutempter-1.2.1-6.el9.aarch64
libuuid-2.37.4-25.el9.aarch64
libverto-0.3.2-3.el9.aarch64
libxcrypt-4.4.18-3.el9.aarch64
libxml2-2.9.13-14.el9_7.aarch64
libzstd-1.5.5-1.el9.aarch64
lua-libs-5.4.4-4.el9.aarch64
lua-srpm-macros-1-6.el9.noarch
lz4-libs-1.9.3-5.el9.aarch64
mpfr-4.1.0-10.el9.aarch64
ncurses-6.2-12.20210508.el9.aarch64
ncurses-base-6.2-12.20210508.el9.noarch
ncurses-libs-6.2-12.20210508.el9.aarch64
ocaml-srpm-macros-6-6.el9.noarch
openblas-srpm-macros-2-11.el9.noarch
openldap-2.6.8-4.el9.0.1.aarch64
openssl-3.5.5-2.el9_8.aarch64
openssl-fips-provider-3.5.5-2.el9_8.aarch64
openssl-libs-3.5.5-2.el9_8.aarch64
p11-kit-0.26.2-1.el9.aarch64
p11-kit-trust-0.26.2-1.el9.aarch64
pam-1.5.1-28.el9.aarch64
patch-2.7.6-16.el9.aarch64
pcre-8.44-4.el9.aarch64
pcre2-10.40-6.el9.aarch64
pcre2-syntax-10.40-6.el9.noarch
perl-AutoLoader-5.74-483.el9.noarch
perl-B-1.80-483.el9.aarch64
perl-Carp-1.50-460.el9.0.1.noarch
perl-Class-Struct-0.66-483.el9.noarch
perl-Data-Dumper-2.174-462.el9.aarch64
perl-Digest-1.19-4.el9.0.1.noarch
perl-Digest-MD5-2.58-4.el9.aarch64
perl-Encode-3.08-462.el9.aarch64
perl-Errno-1.30-483.el9.aarch64
perl-Exporter-5.74-461.el9.noarch
perl-Fcntl-1.13-483.el9.aarch64
perl-File-Basename-2.85-483.el9.noarch
perl-File-Path-2.18-4.el9.noarch
perl-File-Temp-0.231.100-4.el9.noarch
perl-File-stat-1.09-483.el9.noarch
perl-FileHandle-2.03-483.el9.noarch
perl-Getopt-Long-2.52-4.el9.noarch
perl-Getopt-Std-1.12-483.el9.noarch
perl-HTTP-Tiny-0.076-462.el9.noarch
perl-IO-1.43-483.el9.aarch64
perl-IO-Socket-IP-0.41-5.el9.noarch
perl-IO-Socket-SSL-2.073-2.el9.noarch
perl-IPC-Open3-1.21-483.el9.noarch
perl-MIME-Base64-3.16-4.el9.aarch64
perl-Mozilla-CA-20200520-6.el9.noarch
perl-Net-SSLeay-1.94-3.el9.aarch64
perl-POSIX-1.94-483.el9.aarch64
perl-PathTools-3.78-461.el9.aarch64
perl-Pod-Escapes-1.07-460.el9.0.1.noarch
perl-Pod-Perldoc-3.28.01-461.el9.noarch
perl-Pod-Simple-3.42-4.el9.noarch
perl-Pod-Usage-2.01-4.el9.noarch
perl-Scalar-List-Utils-1.56-462.el9.aarch64
perl-SelectSaver-1.02-483.el9.noarch
perl-Socket-2.031-4.el9.aarch64
perl-Storable-3.21-460.el9.aarch64
perl-Symbol-1.08-483.el9.noarch
perl-Term-ANSIColor-5.01-461.el9.0.1.noarch
perl-Term-Cap-1.17-460.el9.0.1.noarch
perl-Text-ParseWords-3.30-460.el9.noarch
perl-Text-Tabs+Wrap-2013.0523-460.el9.0.1.noarch
perl-Time-Local-1.300-7.el9.noarch
perl-URI-5.09-3.el9.0.1.noarch
perl-base-2.27-483.el9.noarch
perl-constant-1.33-461.el9.0.1.noarch
perl-if-0.60.800-483.el9.noarch
perl-interpreter-5.32.1-483.el9.aarch64
perl-libnet-3.13-4.el9.noarch
perl-libs-5.32.1-483.el9.aarch64
perl-mro-1.23-483.el9.aarch64
perl-overload-1.31-483.el9.noarch
perl-overloading-0.02-483.el9.noarch
perl-parent-0.238-460.el9.noarch
perl-podlators-4.14-460.el9.0.1.noarch
perl-srpm-macros-1-41.el9.noarch
perl-subs-1.03-483.el9.noarch
perl-vars-1.05-483.el9.noarch
pkgconf-1.7.3-10.el9.aarch64
pkgconf-m4-1.7.3-10.el9.noarch
pkgconf-pkg-config-1.7.3-10.el9.aarch64
popt-1.18-8.el9.aarch64
publicsuffix-list-dafsa-20210518-3.el9.noarch
pyproject-srpm-macros-1.18.5-1.el9.noarch
python-srpm-macros-3.9-54.el9.noarch
qt5-srpm-macros-5.15.9-1.el9.noarch
readline-8.1-4.el9.aarch64
redhat-rpm-config-210-1.el9.noarch
rocky-gpg-keys-9.8-1.1.el9.noarch
rocky-release-9.8-1.1.el9.noarch
rocky-repos-9.8-1.1.el9.noarch
rpm-4.16.1.3-40.el9.aarch64
rpm-build-4.16.1.3-40.el9.aarch64
rpm-build-libs-4.16.1.3-40.el9.aarch64
rpm-libs-4.16.1.3-40.el9.aarch64
rust-srpm-macros-17-4.el9.noarch
sed-4.8-10.el9_8.aarch64
setup-2.13.7-10.el9.noarch
shadow-utils-4.9-16.el9.aarch64
sqlite-libs-3.34.1-9.el9_7.aarch64
systemd-libs-252-67.el9.rocky.0.1.aarch64
tar-1.34-11.el9.aarch64
tzdata-2026a-1.el9.noarch
unzip-6.0-60.el9_8.aarch64
util-linux-2.37.4-25.el9.aarch64
util-linux-core-2.37.4-25.el9.aarch64
which-2.21-30.el9_6.aarch64
xz-5.2.5-8.el9_0.aarch64
xz-libs-5.2.5-8.el9_0.aarch64
zip-3.0-35.el9.aarch64
zlib-1.2.11-40.el9.aarch64
zstd-1.5.5-1.el9.aarch64
DEBUG util.py:634:  child environment: None
DEBUG backend.py:613:  Copying package to result dir
DEBUG util.py:183:  kill orphans in chroot /var/lib/mock/rocky-9-aarch64/root
DEBUG util.py:634:  child environment: None
DEBUG util.py:556:  Executing command: ['/bin/umount', '-n', '/var/lib/mock/rocky-9-aarch64/root/var/cache/dnf'] with env {'TERM': 'vt100', 'SHELL': '/bin/sh', 'HOME': '/builddir', 'HOSTNAME': 'mock', 'PATH': '/usr/bin:/bin:/usr/sbin:/sbin', 'LANG': 'C.UTF-8'} and shell False
DEBUG util.py:608:  Child return code was: 0
DEBUG util.py:634:  child environment: None
DEBUG util.py:556:  Executing command: ['/bin/umount', '-n', '/var/lib/mock/rocky-9-aarch64/root/var/cache/yum'] with env {'TERM': 'vt100', 'SHELL': '/bin/sh', 'HOME': '/builddir', 'HOSTNAME': 'mock', 'PATH': '/usr/bin:/bin:/usr/sbin:/sbin', 'LANG': 'C.UTF-8'} and shell False
DEBUG util.py:608:  Child return code was: 0
DEBUG util.py:634:  child environment: None
DEBUG util.py:556:  Executing command: ['/bin/umount', '-n', '-l', '/var/lib/mock/rocky-9-aarch64/root/sys/fs/selinux'] with env {'TERM': 'vt100', 'SHELL': '/bin/sh', 'HOME': '/builddir', 'HOSTNAME': 'mock', 'PATH': '/usr/bin:/bin:/usr/sbin:/sbin', 'LANG': 'C.UTF-8'} and shell False
DEBUG util.py:608:  Child return code was: 0
DEBUG util.py:634:  child environment: None
DEBUG util.py:556:  Executing command: ['/bin/umount', '-n', '/var/lib/mock/rocky-9-aarch64/root/proc/filesystems'] with env {'TERM': 'vt100', 'SHELL': '/bin/sh', 'HOME': '/builddir', 'HOSTNAME': 'mock', 'PATH': '/usr/bin:/bin:/usr/sbin:/sbin', 'LANG': 'C.UTF-8'} and shell False
DEBUG util.py:608:  Child return code was: 0
DEBUG util.py:634:  child environment: None
DEBUG util.py:556:  Executing command: ['/bin/umount', '-n', '-l', '/var/lib/mock/rocky-9-aarch64/root/dev/pts'] with env {'TERM': 'vt100', 'SHELL': '/bin/sh', 'HOME': '/builddir', 'HOSTNAME': 'mock', 'PATH': '/usr/bin:/bin:/usr/sbin:/sbin', 'LANG': 'C.UTF-8'} and shell False
DEBUG util.py:608:  Child return code was: 0
DEBUG util.py:634:  child environment: None
DEBUG util.py:556:  Executing command: ['/bin/umount', '-n', '-l', '/var/lib/mock/rocky-9-aarch64/root/dev/shm'] with env {'TERM': 'vt100', 'SHELL': '/bin/sh', 'HOME': '/builddir', 'HOSTNAME': 'mock', 'PATH': '/usr/bin:/bin:/usr/sbin:/sbin', 'LANG': 'C.UTF-8'} and shell False
DEBUG util.py:608:  Child return code was: 0
DEBUG util.py:634:  child environment: None
DEBUG util.py:556:  Executing command: ['/bin/umount', '-n', '-l', '/var/lib/mock/rocky-9-aarch64/root/sys'] with env {'TERM': 'vt100', 'SHELL': '/bin/sh', 'HOME': '/builddir', 'HOSTNAME': 'mock', 'PATH': '/usr/bin:/bin:/usr/sbin:/sbin', 'LANG': 'C.UTF-8'} and shell False
DEBUG util.py:608:  Child return code was: 0
DEBUG util.py:634:  child environment: None
DEBUG util.py:556:  Executing command: ['/bin/umount', '-n', '-l', '/var/lib/mock/rocky-9-aarch64/root/sys'] with env {'TERM': 'vt100', 'SHELL': '/bin/sh', 'HOME': '/builddir', 'HOSTNAME': 'mock', 'PATH': '/usr/bin:/bin:/usr/sbin:/sbin', 'LANG': 'C.UTF-8'} and shell False
DEBUG util.py:608:  Child return code was: 0
DEBUG util.py:634:  child environment: None
DEBUG util.py:556:  Executing command: ['/bin/umount', '-n', '-l', '/var/lib/mock/rocky-9-aarch64/root/proc'] with env {'TERM': 'vt100', 'SHELL': '/bin/sh', 'HOME': '/builddir', 'HOSTNAME': 'mock', 'PATH': '/usr/bin:/bin:/usr/sbin:/sbin', 'LANG': 'C.UTF-8'} and shell False
DEBUG util.py:608:  Child return code was: 0
DEBUG util.py:634:  child environment: None
DEBUG util.py:556:  Executing command: ['/bin/umount', '-n', '-l', '/var/lib/mock/rocky-9-aarch64/root/proc'] with env {'TERM': 'vt100', 'SHELL': '/bin/sh', 'HOME': '/builddir', 'HOSTNAME': 'mock', 'PATH': '/usr/bin:/bin:/usr/sbin:/sbin', 'LANG': 'C.UTF-8'} and shell False
DEBUG util.py:608:  Child return code was: 0
DEBUG util.py:634:  child environment: None
DEBUG util.py:556:  Executing command: ['btrfs', 'subv', 'list', '/var/lib/mock'] with env {'TERM': 'vt100', 'SHELL': '/bin/sh', 'HOME': '/builddir', 'HOSTNAME': 'mock', 'PATH': '/usr/bin:/bin:/usr/sbin:/sbin', 'LANG': 'C.UTF-8'} and shell False
DEBUG file_downloader.py:55:  Local file: /home/sherif/r9nx/results/shim-unsigned-aarch64-16.1-3.el9.src.rpm
DEBUG file_util.py:18:  ensuring that dir exists: /var/lib/mock/rocky-9-aarch64/root
DEBUG file_util.py:21:  created dir: /var/lib/mock/rocky-9-aarch64/root
DEBUG file_util.py:18:  ensuring that dir exists: /var/lib/mock/rocky-9-aarch64-bootstrap/root
DEBUG file_util.py:18:  ensuring that dir exists: /var/lib/mock/rocky-9-aarch64-bootstrap/results
INFO buildroot.py:318:  calling preinit hooks
DEBUG file_util.py:18:  ensuring that dir exists: /var/cache/mock/rocky-9-aarch64-bootstrap/root_cache/
DEBUG file_util.py:18:  ensuring that dir exists: /var/cache/mock/rocky-9-aarch64-bootstrap/yum_cache
DEBUG file_util.py:18:  ensuring that dir exists: /var/cache/mock/rocky-9-aarch64-bootstrap/dnf_cache
DEBUG buildroot.py:723:  create skeleton dirs
DEBUG file_util.py:18:  ensuring that dir exists: /var/lib/mock/rocky-9-aarch64-bootstrap/root/var/lib/rpm
DEBUG file_util.py:18:  ensuring that dir exists: /var/lib/mock/rocky-9-aarch64-bootstrap/root/var/lib/yum
DEBUG file_util.py:18:  ensuring that dir exists: /var/lib/mock/rocky-9-aarch64-bootstrap/root/var/lib/dbus
DEBUG file_util.py:18:  ensuring that dir exists: /var/lib/mock/rocky-9-aarch64-bootstrap/root/var/log
DEBUG file_util.py:18:  ensuring that dir exists: /var/lib/mock/rocky-9-aarch64-bootstrap/root/var/cache/dnf
DEBUG file_util.py:18:  ensuring that dir exists: /var/lib/mock/rocky-9-aarch64-bootstrap/root/var/cache/yum
DEBUG file_util.py:18:  ensuring that dir exists: /var/lib/mock/rocky-9-aarch64-bootstrap/root/etc/rpm
DEBUG file_util.py:18:  ensuring that dir exists: /var/lib/mock/rocky-9-aarch64-bootstrap/root/tmp
DEBUG file_util.py:18:  ensuring that dir exists: /var/lib/mock/rocky-9-aarch64-bootstrap/root/tmp/ccache
DEBUG file_util.py:18:  ensuring that dir exists: /var/lib/mock/rocky-9-aarch64-bootstrap/root/var/tmp
DEBUG file_util.py:18:  ensuring that dir exists: /var/lib/mock/rocky-9-aarch64-bootstrap/root/etc/dnf
DEBUG file_util.py:18:  ensuring that dir exists: /var/lib/mock/rocky-9-aarch64-bootstrap/root/etc/dnf/vars
DEBUG file_util.py:18:  ensuring that dir exists: /var/lib/mock/rocky-9-aarch64-bootstrap/root/etc/yum.repos.d
DEBUG file_util.py:21:  created dir: /var/lib/mock/rocky-9-aarch64-bootstrap/root/etc/yum.repos.d
DEBUG file_util.py:18:  ensuring that dir exists: /var/lib/mock/rocky-9-aarch64-bootstrap/root/etc/yum
DEBUG file_util.py:18:  ensuring that dir exists: /var/lib/mock/rocky-9-aarch64-bootstrap/root/proc
DEBUG file_util.py:18:  ensuring that dir exists: /var/lib/mock/rocky-9-aarch64-bootstrap/root/sys
DEBUG file_util.py:18:  ensuring that dir exists: /var/lib/mock/rocky-9-aarch64-bootstrap/root/run/lock
DEBUG file_util.py:18:  ensuring that dir exists: /var/lib/mock/rocky-9-aarch64-bootstrap/root/dev/pts
DEBUG file_util.py:18:  ensuring that dir exists: /var/lib/mock/rocky-9-aarch64-bootstrap/root/dev/shm
DEBUG file_util.py:18:  ensuring that dir exists: /var/lib/mock/rocky-9-aarch64-bootstrap/root/dev/mapper
DEBUG file_util.py:21:  created dir: /var/lib/mock/rocky-9-aarch64-bootstrap/root/dev/mapper
DEBUG buildroot.py:867:  kernel version == 5.14.0-611.34.1.el9_7.aarch64
DEBUG file_util.py:30:  touching file: /var/lib/mock/rocky-9-aarch64-bootstrap/root/etc/fstab
DEBUG file_util.py:30:  touching file: /var/lib/mock/rocky-9-aarch64-bootstrap/root/etc/yum/yum.conf
DEBUG file_util.py:30:  touching file: /var/lib/mock/rocky-9-aarch64-bootstrap/root/etc/dnf/dnf.conf
DEBUG file_util.py:30:  touching file: /var/lib/mock/rocky-9-aarch64-bootstrap/root/var/log/yum.log
DEBUG buildroot.py:332:  rootdir = /var/lib/mock/rocky-9-aarch64-bootstrap/root
DEBUG buildroot.py:333:  resultdir = /var/lib/mock/rocky-9-aarch64-bootstrap/results
DEBUG package_manager.py:63:  searching for 'dnf4' package manager or alternatives
DEBUG file_util.py:18:  ensuring that dir exists: /var/lib/mock/rocky-9-aarch64-bootstrap/root/etc/pki/mock
DEBUG package_manager.py:404:  copying CA trust dir into chroot: /etc/pki/ca-trust => /etc/pki/ca-trust
DEBUG file_util.py:158:  Updating files in /var/lib/mock/rocky-9-aarch64-bootstrap/root/etc/pki/ca-trust with files from /etc/pki/ca-trust
DEBUG file_util.py:18:  ensuring that dir exists: /var/lib/mock/rocky-9-aarch64-bootstrap/root/etc/pki/ca-trust
DEBUG file_util.py:18:  ensuring that dir exists: /var/lib/mock/rocky-9-aarch64-bootstrap/root/etc/pki/ca-trust/./extracted
DEBUG file_util.py:18:  ensuring that dir exists: /var/lib/mock/rocky-9-aarch64-bootstrap/root/etc/pki/ca-trust/./source
DEBUG file_util.py:18:  ensuring that dir exists: /var/lib/mock/rocky-9-aarch64-bootstrap/root/etc/pki/ca-trust/extracted/edk2
DEBUG file_util.py:18:  ensuring that dir exists: /var/lib/mock/rocky-9-aarch64-bootstrap/root/etc/pki/ca-trust/extracted/java
DEBUG file_util.py:18:  ensuring that dir exists: /var/lib/mock/rocky-9-aarch64-bootstrap/root/etc/pki/ca-trust/extracted/openssl
DEBUG file_util.py:18:  ensuring that dir exists: /var/lib/mock/rocky-9-aarch64-bootstrap/root/etc/pki/ca-trust/extracted/pem
DEBUG file_util.py:18:  ensuring that dir exists: /var/lib/mock/rocky-9-aarch64-bootstrap/root/etc/pki/ca-trust/extracted/pem/directory-hash
DEBUG file_util.py:18:  ensuring that dir exists: /var/lib/mock/rocky-9-aarch64-bootstrap/root/etc/pki/ca-trust/source/anchors
DEBUG file_util.py:18:  ensuring that dir exists: /var/lib/mock/rocky-9-aarch64-bootstrap/root/etc/pki/ca-trust/source/blocklist
DEBUG package_manager.py:404:  copying CA trust dir into chroot: /usr/share/pki/ca-trust-source => /usr/share/pki/ca-trust-source
DEBUG file_util.py:158:  Updating files in /var/lib/mock/rocky-9-aarch64-bootstrap/root/usr/share/pki/ca-trust-source with files from /usr/share/pki/ca-trust-source
DEBUG file_util.py:18:  ensuring that dir exists: /var/lib/mock/rocky-9-aarch64-bootstrap/root/usr/share/pki/ca-trust-source
DEBUG file_util.py:18:  ensuring that dir exists: /var/lib/mock/rocky-9-aarch64-bootstrap/root/usr/share/pki/ca-trust-source/./anchors
DEBUG file_util.py:18:  ensuring that dir exists: /var/lib/mock/rocky-9-aarch64-bootstrap/root/usr/share/pki/ca-trust-source/./blocklist
DEBUG file_util.py:18:  ensuring that dir exists: /var/lib/mock/rocky-9-aarch64-bootstrap/root/usr/share
DEBUG package_manager.py:388:  Copying /usr/share/distribution-gpg-keys to the bootstrap chroot
DEBUG util.py:634:  child environment: None
DEBUG util.py:556:  Executing command: ['cp', '-a', '/usr/share/distribution-gpg-keys', '/var/lib/mock/rocky-9-aarch64-bootstrap/root/usr/share'] with env {'TERM': 'vt100', 'SHELL': '/bin/sh', 'HOME': '/builddir', 'HOSTNAME': 'mock', 'PATH': '/usr/bin:/bin:/usr/sbin:/sbin', 'LANG': 'C.UTF-8'} and shell False
DEBUG util.py:608:  Child return code was: 0
DEBUG file_util.py:18:  ensuring that dir exists: /var/lib/mock/rocky-9-aarch64-bootstrap/root/etc/dnf
DEBUG package_manager.py:691:  configure DNF vars
DEBUG file_util.py:18:  ensuring that dir exists: /var/lib/mock/rocky-9-aarch64-bootstrap/root/etc
DEBUG file_util.py:18:  ensuring that dir exists: /var/lib/mock/rocky-9-aarch64-bootstrap/root/etc
DEBUG buildroot.py:38:  method _cleanup_homedir skipped in bootstrap
DEBUG buildroot.py:38:  method _setup_build_dirs skipped in bootstrap
DEBUG buildroot.py:38:  method _make_users skipped in bootstrap
DEBUG file_util.py:30:  touching file: /var/lib/mock/rocky-9-aarch64-bootstrap/root/.initialized
DEBUG file_util.py:18:  ensuring that dir exists: /var/lib/mock/rocky-9-aarch64
DEBUG file_util.py:18:  ensuring that dir exists: /var/lib/mock/rocky-9-aarch64/root
DEBUG file_util.py:18:  ensuring that dir exists: /home/sherif/r9nx/results
INFO buildroot.py:318:  calling preinit hooks
DEBUG file_util.py:18:  ensuring that dir exists: /var/cache/mock/rocky-9-aarch64/root_cache/
DEBUG file_util.py:18:  ensuring that dir exists: /var/lib/mock/rocky-9-aarch64/root
DEBUG util.py:634:  child environment: None
DEBUG util.py:556:  Executing command: ['/bin/tar', '--use-compress-program', 'pigz', '-xf', '/var/cache/mock/rocky-9-aarch64/root_cache/cache.tar.gz', '-C', '/var/lib/mock/rocky-9-aarch64/root'] with env {'TERM': 'vt100', 'SHELL': '/bin/sh', 'HOME': '/builddir', 'HOSTNAME': 'mock', 'PATH': '/usr/bin:/bin:/usr/sbin:/sbin', 'LANG': 'C.UTF-8'} and shell False
DEBUG util.py:608:  Child return code was: 0
DEBUG file_util.py:18:  ensuring that dir exists: /var/lib/mock/rocky-9-aarch64/root/./proc
DEBUG file_util.py:21:  created dir: /var/lib/mock/rocky-9-aarch64/root/./proc
DEBUG file_util.py:18:  ensuring that dir exists: /var/lib/mock/rocky-9-aarch64/root/./sys
DEBUG file_util.py:21:  created dir: /var/lib/mock/rocky-9-aarch64/root/./sys
DEBUG file_util.py:18:  ensuring that dir exists: /var/lib/mock/rocky-9-aarch64/root/./dev
DEBUG file_util.py:21:  created dir: /var/lib/mock/rocky-9-aarch64/root/./dev
DEBUG file_util.py:18:  ensuring that dir exists: /var/lib/mock/rocky-9-aarch64/root/./tmp/ccache
DEBUG file_util.py:21:  created dir: /var/lib/mock/rocky-9-aarch64/root/./tmp/ccache
DEBUG file_util.py:18:  ensuring that dir exists: /var/lib/mock/rocky-9-aarch64/root/./var/cache/yum
DEBUG file_util.py:21:  created dir: /var/lib/mock/rocky-9-aarch64/root/./var/cache/yum
DEBUG file_util.py:18:  ensuring that dir exists: /var/lib/mock/rocky-9-aarch64/root/./var/cache/dnf
DEBUG file_util.py:21:  created dir: /var/lib/mock/rocky-9-aarch64/root/./var/cache/dnf
DEBUG file_util.py:18:  ensuring that dir exists: /var/lib/mock/rocky-9-aarch64/root/./var/log
DEBUG file_util.py:21:  created dir: /var/lib/mock/rocky-9-aarch64/root/./var/log
DEBUG file_util.py:18:  ensuring that dir exists: /var/cache/mock/rocky-9-aarch64/yum_cache
DEBUG file_util.py:18:  ensuring that dir exists: /var/cache/mock/rocky-9-aarch64/dnf_cache
DEBUG util.py:634:  child environment: None
DEBUG util.py:556:  Executing command: ['/usr/bin/lscpu'] with env {'TERM': 'vt100', 'SHELL': '/bin/sh', 'HOME': '/builddir', 'HOSTNAME': 'mock', 'PATH': '/usr/bin:/bin:/usr/sbin:/sbin', 'LANG': 'C.UTF-8'} and shell False
DEBUG util.py:461:  Architecture:                            aarch64
DEBUG util.py:461:  CPU op-mode(s):                          32-bit, 64-bit
DEBUG util.py:461:  Byte Order:                              Little Endian
DEBUG util.py:461:  CPU(s):                                  64
DEBUG util.py:461:  On-line CPU(s) list:                     0-63
DEBUG util.py:461:  Vendor ID:                               ARM
DEBUG util.py:461:  Model name:                              Neoverse-N1
DEBUG util.py:461:  Model:                                   1
DEBUG util.py:461:  Thread(s) per core:                      1
DEBUG util.py:461:  Core(s) per socket:                      64
DEBUG util.py:461:  Socket(s):                               1
DEBUG util.py:461:  Stepping:                                r3p1
DEBUG util.py:461:  BogoMIPS:                                243.75
DEBUG util.py:461:  Flags:                                   fp asimd evtstrm aes pmull sha1 sha2 crc32 atomics fphp asimdhp cpuid asimdrdm lrcpc dcpop asimddp
DEBUG util.py:461:  L1d cache:                               4 MiB (64 instances)
DEBUG util.py:461:  L1i cache:                               4 MiB (64 instances)
DEBUG util.py:461:  L2 cache:                                64 MiB (64 instances)
DEBUG util.py:461:  L3 cache:                                32 MiB (1 instance)
DEBUG util.py:461:  NUMA node(s):                            1
DEBUG util.py:461:  NUMA node0 CPU(s):                       0-63
DEBUG util.py:461:  Vulnerability Gather data sampling:      Not affected
DEBUG util.py:461:  Vulnerability Indirect target selection: Not affected
DEBUG util.py:461:  Vulnerability Itlb multihit:             Not affected
DEBUG util.py:461:  Vulnerability L1tf:                      Not affected
DEBUG util.py:461:  Vulnerability Mds:                       Not affected
DEBUG util.py:461:  Vulnerability Meltdown:                  Not affected
DEBUG util.py:461:  Vulnerability Mmio stale data:           Not affected
DEBUG util.py:461:  Vulnerability Reg file data sampling:    Not affected
DEBUG util.py:461:  Vulnerability Retbleed:                  Not affected
DEBUG util.py:461:  Vulnerability Spec rstack overflow:      Not affected
DEBUG util.py:461:  Vulnerability Spec store bypass:         Mitigation; Speculative Store Bypass disabled via prctl
DEBUG util.py:461:  Vulnerability Spectre v1:                Mitigation; __user pointer sanitization
DEBUG util.py:461:  Vulnerability Spectre v2:                Mitigation; CSV2, BHB
DEBUG util.py:461:  Vulnerability Srbds:                     Not affected
DEBUG util.py:461:  Vulnerability Tsa:                       Not affected
DEBUG util.py:461:  Vulnerability Tsx async abort:           Not affected
DEBUG util.py:461:  Vulnerability Vmscape:                   Not affected
DEBUG util.py:608:  Child return code was: 0
DEBUG util.py:634:  child environment: None
DEBUG util.py:556:  Executing command: ['/bin/free', '--human'] with env {'TERM': 'vt100', 'SHELL': '/bin/sh', 'HOME': '/builddir', 'HOSTNAME': 'mock', 'PATH': '/usr/bin:/bin:/usr/sbin:/sbin', 'LANG': 'C.UTF-8'} and shell False
DEBUG util.py:461:                 total        used        free      shared  buff/cache   available
DEBUG util.py:461:  Mem:           122Gi       3.0Gi       116Gi        45Mi       4.3Gi       120Gi
DEBUG util.py:461:  Swap:             0B          0B          0B
DEBUG util.py:608:  Child return code was: 0
DEBUG util.py:634:  child environment: None
DEBUG util.py:556:  Executing command: ['/bin/df', '-H', '-T', '/var/lib/mock/rocky-9-aarch64/root', '/var/cache/mock'] with env {'TERM': 'vt100', 'SHELL': '/bin/sh', 'HOME': '/builddir', 'HOSTNAME': 'mock', 'PATH': '/usr/bin:/bin:/usr/sbin:/sbin', 'LANG': 'C.UTF-8'} and shell False
DEBUG util.py:461:  Filesystem     Type  Size  Used Avail Use% Mounted on
DEBUG util.py:461:  /dev/nvme0n1p2 xfs   322G  220G  103G  69% /
DEBUG util.py:461:  /dev/nvme0n1p2 xfs   322G  220G  103G  69% /
DEBUG util.py:608:  Child return code was: 0
DEBUG buildroot.py:723:  create skeleton dirs
DEBUG file_util.py:18:  ensuring that dir exists: /var/lib/mock/rocky-9-aarch64/root/var/lib/rpm
DEBUG file_util.py:18:  ensuring that dir exists: /var/lib/mock/rocky-9-aarch64/root/var/lib/yum
DEBUG file_util.py:18:  ensuring that dir exists: /var/lib/mock/rocky-9-aarch64/root/var/lib/dbus
DEBUG file_util.py:18:  ensuring that dir exists: /var/lib/mock/rocky-9-aarch64/root/var/log
DEBUG file_util.py:18:  ensuring that dir exists: /var/lib/mock/rocky-9-aarch64/root/var/cache/dnf
DEBUG file_util.py:18:  ensuring that dir exists: /var/lib/mock/rocky-9-aarch64/root/var/cache/yum
DEBUG file_util.py:18:  ensuring that dir exists: /var/lib/mock/rocky-9-aarch64/root/etc/rpm
DEBUG file_util.py:18:  ensuring that dir exists: /var/lib/mock/rocky-9-aarch64/root/tmp
DEBUG file_util.py:18:  ensuring that dir exists: /var/lib/mock/rocky-9-aarch64/root/tmp/ccache
DEBUG file_util.py:18:  ensuring that dir exists: /var/lib/mock/rocky-9-aarch64/root/var/tmp
DEBUG file_util.py:18:  ensuring that dir exists: /var/lib/mock/rocky-9-aarch64/root/etc/dnf
DEBUG file_util.py:18:  ensuring that dir exists: /var/lib/mock/rocky-9-aarch64/root/etc/dnf/vars
DEBUG file_util.py:18:  ensuring that dir exists: /var/lib/mock/rocky-9-aarch64/root/etc/yum.repos.d
DEBUG file_util.py:18:  ensuring that dir exists: /var/lib/mock/rocky-9-aarch64/root/etc/yum
DEBUG file_util.py:18:  ensuring that dir exists: /var/lib/mock/rocky-9-aarch64/root/proc
DEBUG file_util.py:18:  ensuring that dir exists: /var/lib/mock/rocky-9-aarch64/root/sys
DEBUG file_util.py:18:  ensuring that dir exists: /var/lib/mock/rocky-9-aarch64/root/run/lock
DEBUG file_util.py:18:  ensuring that dir exists: /var/lib/mock/rocky-9-aarch64/root/dev/pts
DEBUG file_util.py:21:  created dir: /var/lib/mock/rocky-9-aarch64/root/dev/pts
DEBUG file_util.py:18:  ensuring that dir exists: /var/lib/mock/rocky-9-aarch64/root/dev/shm
DEBUG file_util.py:21:  created dir: /var/lib/mock/rocky-9-aarch64/root/dev/shm
DEBUG file_util.py:18:  ensuring that dir exists: /var/lib/mock/rocky-9-aarch64/root/dev/mapper
DEBUG file_util.py:21:  created dir: /var/lib/mock/rocky-9-aarch64/root/dev/mapper
DEBUG buildroot.py:867:  kernel version == 5.14.0-611.34.1.el9_7.aarch64
DEBUG file_util.py:30:  touching file: /var/lib/mock/rocky-9-aarch64/root/etc/fstab
DEBUG file_util.py:30:  touching file: /var/lib/mock/rocky-9-aarch64/root/etc/yum/yum.conf
DEBUG file_util.py:30:  touching file: /var/lib/mock/rocky-9-aarch64/root/etc/dnf/dnf.conf
DEBUG file_util.py:30:  touching file: /var/lib/mock/rocky-9-aarch64/root/var/log/yum.log
DEBUG buildroot.py:332:  rootdir = /var/lib/mock/rocky-9-aarch64/root
DEBUG buildroot.py:333:  resultdir = /home/sherif/r9nx/results
DEBUG file_util.py:18:  ensuring that dir exists: /var/lib/mock/rocky-9-aarch64/root/etc/pki/mock
DEBUG package_manager.py:404:  copying CA trust dir into chroot: /etc/pki/ca-trust => /etc/pki/ca-trust
DEBUG file_util.py:158:  Updating files in /var/lib/mock/rocky-9-aarch64/root/etc/pki/ca-trust with files from /etc/pki/ca-trust
DEBUG file_util.py:18:  ensuring that dir exists: /var/lib/mock/rocky-9-aarch64/root/etc/pki/ca-trust
DEBUG file_util.py:18:  ensuring that dir exists: /var/lib/mock/rocky-9-aarch64/root/etc/pki/ca-trust/./extracted
DEBUG file_util.py:18:  ensuring that dir exists: /var/lib/mock/rocky-9-aarch64/root/etc/pki/ca-trust/./source
DEBUG file_util.py:18:  ensuring that dir exists: /var/lib/mock/rocky-9-aarch64/root/etc/pki/ca-trust/extracted/edk2
DEBUG file_util.py:18:  ensuring that dir exists: /var/lib/mock/rocky-9-aarch64/root/etc/pki/ca-trust/extracted/java
DEBUG file_util.py:18:  ensuring that dir exists: /var/lib/mock/rocky-9-aarch64/root/etc/pki/ca-trust/extracted/openssl
DEBUG file_util.py:18:  ensuring that dir exists: /var/lib/mock/rocky-9-aarch64/root/etc/pki/ca-trust/extracted/pem
DEBUG file_util.py:18:  ensuring that dir exists: /var/lib/mock/rocky-9-aarch64/root/etc/pki/ca-trust/extracted/pem/directory-hash
DEBUG file_util.py:18:  ensuring that dir exists: /var/lib/mock/rocky-9-aarch64/root/etc/pki/ca-trust/source/anchors
DEBUG file_util.py:18:  ensuring that dir exists: /var/lib/mock/rocky-9-aarch64/root/etc/pki/ca-trust/source/blocklist
DEBUG package_manager.py:404:  copying CA trust dir into chroot: /usr/share/pki/ca-trust-source => /usr/share/pki/ca-trust-source
DEBUG file_util.py:158:  Updating files in /var/lib/mock/rocky-9-aarch64/root/usr/share/pki/ca-trust-source with files from /usr/share/pki/ca-trust-source
DEBUG file_util.py:18:  ensuring that dir exists: /var/lib/mock/rocky-9-aarch64/root/usr/share/pki/ca-trust-source
DEBUG file_util.py:18:  ensuring that dir exists: /var/lib/mock/rocky-9-aarch64/root/usr/share/pki/ca-trust-source/./anchors
DEBUG file_util.py:18:  ensuring that dir exists: /var/lib/mock/rocky-9-aarch64/root/usr/share/pki/ca-trust-source/./blocklist
DEBUG file_util.py:18:  ensuring that dir exists: /var/lib/mock/rocky-9-aarch64/root/etc/dnf
DEBUG package_manager.py:691:  configure DNF vars
DEBUG file_util.py:18:  ensuring that dir exists: /var/lib/mock/rocky-9-aarch64/root/proc
DEBUG util.py:634:  child environment: None
DEBUG util.py:556:  Executing command: ['/bin/mount', '-n', '-t', 'tmpfs', '-o', 'rprivate,mode=0755', 'tmpfs', '/var/lib/mock/rocky-9-aarch64/root/proc'] with env {'TERM': 'vt100', 'SHELL': '/bin/sh', 'HOME': '/builddir', 'HOSTNAME': 'mock', 'PATH': '/usr/bin:/bin:/usr/sbin:/sbin', 'LANG': 'C.UTF-8'} and shell False
DEBUG util.py:608:  Child return code was: 0
DEBUG file_util.py:18:  ensuring that dir exists: /var/lib/mock/rocky-9-aarch64/root/proc
DEBUG util.py:634:  child environment: None
DEBUG util.py:556:  Executing command: ['/bin/mount', '-n', '-o', 'rbind', '/proc', '/var/lib/mock/rocky-9-aarch64/root/proc'] with env {'TERM': 'vt100', 'SHELL': '/bin/sh', 'HOME': '/builddir', 'HOSTNAME': 'mock', 'PATH': '/usr/bin:/bin:/usr/sbin:/sbin', 'LANG': 'C.UTF-8'} and shell False
DEBUG util.py:608:  Child return code was: 0
DEBUG util.py:634:  child environment: None
DEBUG util.py:556:  Executing command: ['/bin/mount', '-n', '-o', 'remount,nodev,noexec,nosuid,readonly,rprivate,rbind', '--target', '/var/lib/mock/rocky-9-aarch64/root/proc'] with env {'TERM': 'vt100', 'SHELL': '/bin/sh', 'HOME': '/builddir', 'HOSTNAME': 'mock', 'PATH': '/usr/bin:/bin:/usr/sbin:/sbin', 'LANG': 'C.UTF-8'} and shell False
DEBUG util.py:608:  Child return code was: 0
DEBUG file_util.py:18:  ensuring that dir exists: /var/lib/mock/rocky-9-aarch64/root/sys
DEBUG util.py:634:  child environment: None
DEBUG util.py:556:  Executing command: ['/bin/mount', '-n', '-t', 'tmpfs', '-o', 'rprivate,mode=0755', 'tmpfs', '/var/lib/mock/rocky-9-aarch64/root/sys'] with env {'TERM': 'vt100', 'SHELL': '/bin/sh', 'HOME': '/builddir', 'HOSTNAME': 'mock', 'PATH': '/usr/bin:/bin:/usr/sbin:/sbin', 'LANG': 'C.UTF-8'} and shell False
DEBUG util.py:608:  Child return code was: 0
DEBUG file_util.py:18:  ensuring that dir exists: /var/lib/mock/rocky-9-aarch64/root/sys
DEBUG util.py:634:  child environment: None
DEBUG util.py:556:  Executing command: ['/bin/mount', '-n', '-o', 'rbind', '/sys', '/var/lib/mock/rocky-9-aarch64/root/sys'] with env {'TERM': 'vt100', 'SHELL': '/bin/sh', 'HOME': '/builddir', 'HOSTNAME': 'mock', 'PATH': '/usr/bin:/bin:/usr/sbin:/sbin', 'LANG': 'C.UTF-8'} and shell False
DEBUG util.py:608:  Child return code was: 0
DEBUG util.py:634:  child environment: None
DEBUG util.py:556:  Executing command: ['/bin/mount', '-n', '-o', 'remount,nodev,noexec,nosuid,readonly,rprivate,rbind', '--target', '/var/lib/mock/rocky-9-aarch64/root/sys'] with env {'TERM': 'vt100', 'SHELL': '/bin/sh', 'HOME': '/builddir', 'HOSTNAME': 'mock', 'PATH': '/usr/bin:/bin:/usr/sbin:/sbin', 'LANG': 'C.UTF-8'} and shell False
DEBUG util.py:608:  Child return code was: 0
DEBUG file_util.py:18:  ensuring that dir exists: /var/lib/mock/rocky-9-aarch64/root/dev/shm
DEBUG util.py:634:  child environment: None
DEBUG util.py:556:  Executing command: ['/bin/mount', '-n', '-t', 'tmpfs', 'tmpfs', '/var/lib/mock/rocky-9-aarch64/root/dev/shm'] with env {'TERM': 'vt100', 'SHELL': '/bin/sh', 'HOME': '/builddir', 'HOSTNAME': 'mock', 'PATH': '/usr/bin:/bin:/usr/sbin:/sbin', 'LANG': 'C.UTF-8'} and shell False
DEBUG util.py:608:  Child return code was: 0
DEBUG file_util.py:18:  ensuring that dir exists: /var/lib/mock/rocky-9-aarch64/root/dev/pts
DEBUG util.py:634:  child environment: None
DEBUG util.py:556:  Executing command: ['/bin/mount', '-n', '-t', 'devpts', '-o', 'gid=5,mode=0620,ptmxmode=0666,newinstance', 'devpts', '/var/lib/mock/rocky-9-aarch64/root/dev/pts'] with env {'TERM': 'vt100', 'SHELL': '/bin/sh', 'HOME': '/builddir', 'HOSTNAME': 'mock', 'PATH': '/usr/bin:/bin:/usr/sbin:/sbin', 'LANG': 'C.UTF-8'} and shell False
DEBUG util.py:608:  Child return code was: 0
DEBUG util.py:634:  child environment: None
DEBUG util.py:556:  Executing command: ['/bin/mount', '-n', '-o', 'bind', '/tmp/mock-selinux-plugin.s6pzo2xm', '/var/lib/mock/rocky-9-aarch64/root/proc/filesystems'] with env {'TERM': 'vt100', 'SHELL': '/bin/sh', 'HOME': '/builddir', 'HOSTNAME': 'mock', 'PATH': '/usr/bin:/bin:/usr/sbin:/sbin', 'LANG': 'C.UTF-8'} and shell False
DEBUG util.py:608:  Child return code was: 0
DEBUG file_util.py:18:  ensuring that dir exists: /var/lib/mock/rocky-9-aarch64/root/sys/fs/selinux
DEBUG util.py:634:  child environment: None
DEBUG util.py:556:  Executing command: ['/bin/mount', '-n', '-t', 'tmpfs', 'tmpfs', '/var/lib/mock/rocky-9-aarch64/root/sys/fs/selinux'] with env {'TERM': 'vt100', 'SHELL': '/bin/sh', 'HOME': '/builddir', 'HOSTNAME': 'mock', 'PATH': '/usr/bin:/bin:/usr/sbin:/sbin', 'LANG': 'C.UTF-8'} and shell False
DEBUG util.py:608:  Child return code was: 0
DEBUG file_util.py:18:  ensuring that dir exists: /var/lib/mock/rocky-9-aarch64/root/var/cache/yum
DEBUG util.py:634:  child environment: None
DEBUG util.py:556:  Executing command: ['/bin/mount', '-n', '-o', 'bind', '/var/cache/mock/rocky-9-aarch64/yum_cache', '/var/lib/mock/rocky-9-aarch64/root/var/cache/yum'] with env {'TERM': 'vt100', 'SHELL': '/bin/sh', 'HOME': '/builddir', 'HOSTNAME': 'mock', 'PATH': '/usr/bin:/bin:/usr/sbin:/sbin', 'LANG': 'C.UTF-8'} and shell False
DEBUG util.py:608:  Child return code was: 0
DEBUG file_util.py:18:  ensuring that dir exists: /var/lib/mock/rocky-9-aarch64/root/var/cache/dnf
DEBUG util.py:634:  child environment: None
DEBUG util.py:556:  Executing command: ['/bin/mount', '-n', '-o', 'bind', '/var/cache/mock/rocky-9-aarch64/dnf_cache', '/var/lib/mock/rocky-9-aarch64/root/var/cache/dnf'] with env {'TERM': 'vt100', 'SHELL': '/bin/sh', 'HOME': '/builddir', 'HOSTNAME': 'mock', 'PATH': '/usr/bin:/bin:/usr/sbin:/sbin', 'LANG': 'C.UTF-8'} and shell False
DEBUG util.py:608:  Child return code was: 0
DEBUG util.py:634:  child environment: None
DEBUG util.py:556:  Executing command: ['rpm', '-q', 'rpm', 'rpm-sequoia', 'python3-dnf', 'python3-dnf-plugins-core', 'yum', 'yum-utils', 'dnf5', 'dnf5-plugins'] with env {'TERM': 'vt100', 'SHELL': '/bin/sh', 'HOME': '/builddir', 'HOSTNAME': 'mock', 'PATH': '/usr/bin:/bin:/usr/sbin:/sbin', 'LANG': 'C.UTF-8'} and shell False
DEBUG util.py:461:  rpm-4.16.1.3-25.el9.aarch64
DEBUG util.py:461:  package rpm-sequoia is not installed
DEBUG util.py:461:  python3-dnf-4.14.0-8.el9.noarch
DEBUG util.py:461:  python3-dnf-plugins-core-4.3.0-11.el9_3.noarch
DEBUG util.py:461:  yum-4.14.0-8.el9.noarch
DEBUG util.py:461:  package yum-utils is not installed
DEBUG util.py:461:  package dnf5 is not installed
DEBUG util.py:461:  package dnf5-plugins is not installed
DEBUG util.py:608:  Child return code was: 4
INFO package_manager.py:201:  Buildroot is handled by package management downloaded with a bootstrap image:
  rpm-4.16.1.3-25.el9.aarch64
  python3-dnf-4.14.0-8.el9.noarch
  python3-dnf-plugins-core-4.3.0-11.el9_3.noarch
  yum-4.14.0-8.el9.noarch
DEBUG file_util.py:18:  ensuring that dir exists: /var/lib/mock/rocky-9-aarch64/root/builddir/build
DEBUG file_util.py:18:  ensuring that dir exists: /var/lib/mock/rocky-9-aarch64/root/builddir/build/RPMS
DEBUG file_util.py:21:  created dir: /var/lib/mock/rocky-9-aarch64/root/builddir/build/RPMS
DEBUG file_util.py:18:  ensuring that dir exists: /var/lib/mock/rocky-9-aarch64/root/builddir/build/SPECS
DEBUG file_util.py:21:  created dir: /var/lib/mock/rocky-9-aarch64/root/builddir/build/SPECS
DEBUG file_util.py:18:  ensuring that dir exists: /var/lib/mock/rocky-9-aarch64/root/builddir/build/SRPMS
DEBUG file_util.py:21:  created dir: /var/lib/mock/rocky-9-aarch64/root/builddir/build/SRPMS
DEBUG file_util.py:18:  ensuring that dir exists: /var/lib/mock/rocky-9-aarch64/root/builddir/build/SOURCES
DEBUG file_util.py:18:  ensuring that dir exists: /var/lib/mock/rocky-9-aarch64/root/builddir/build/BUILD
DEBUG file_util.py:21:  created dir: /var/lib/mock/rocky-9-aarch64/root/builddir/build/BUILD
DEBUG file_util.py:18:  ensuring that dir exists: /var/lib/mock/rocky-9-aarch64/root/builddir/build/BUILDROOT
DEBUG file_util.py:21:  created dir: /var/lib/mock/rocky-9-aarch64/root/builddir/build/BUILDROOT
DEBUG file_util.py:18:  ensuring that dir exists: /var/lib/mock/rocky-9-aarch64/root/builddir/build/originals
DEBUG file_util.py:21:  created dir: /var/lib/mock/rocky-9-aarch64/root/builddir/build/originals
DEBUG file_util.py:18:  ensuring that dir exists: /var/lib/mock/rocky-9-aarch64/root/builddir
DEBUG util.py:634:  child environment: None
DEBUG util.py:556:  Executing command: ['userdel', '-f', 'mockbuild', '--prefix', '/var/lib/mock/rocky-9-aarch64/root'] with env {'TERM': 'vt100', 'SHELL': '/bin/sh', 'HOME': '/builddir', 'HOSTNAME': 'mock', 'PATH': '/usr/bin:/bin:/usr/sbin:/sbin', 'LANG': 'C.UTF-8'} and shell False
DEBUG util.py:608:  Child return code was: 0
DEBUG util.py:634:  child environment: None
DEBUG util.py:556:  Executing command: ['groupdel', 'mock', '--prefix', '/var/lib/mock/rocky-9-aarch64/root'] with env {'TERM': 'vt100', 'SHELL': '/bin/sh', 'HOME': '/builddir', 'HOSTNAME': 'mock', 'PATH': '/usr/bin:/bin:/usr/sbin:/sbin', 'LANG': 'C.UTF-8'} and shell False
DEBUG util.py:608:  Child return code was: 0
DEBUG util.py:634:  child environment: None
DEBUG util.py:556:  Executing command: ['groupadd', 'mock', '-g', '135', '--prefix', '/var/lib/mock/rocky-9-aarch64/root'] with env {'TERM': 'vt100', 'SHELL': '/bin/sh', 'HOME': '/builddir', 'HOSTNAME': 'mock', 'PATH': '/usr/bin:/bin:/usr/sbin:/sbin', 'LANG': 'C.UTF-8'} and shell False
DEBUG util.py:608:  Child return code was: 0
DEBUG util.py:634:  child environment: None
DEBUG util.py:556:  Executing command: ['useradd', 'mockbuild', '-o', '-u', '1001', '-g', '135', '-N', '-d', '/builddir', '--prefix', '/var/lib/mock/rocky-9-aarch64/root'] with env {'TERM': 'vt100', 'SHELL': '/bin/sh', 'HOME': '/builddir', 'HOSTNAME': 'mock', 'PATH': '/usr/bin:/bin:/usr/sbin:/sbin', 'LANG': 'C.UTF-8'} and shell False
DEBUG util.py:459:  useradd: warning: the home directory /builddir already exists.
DEBUG util.py:459:  useradd: Not copying any file from skel directory into it.
DEBUG util.py:459:  Creating mailbox file: File exists
DEBUG util.py:608:  Child return code was: 0
DEBUG file_util.py:30:  touching file: /var/lib/mock/rocky-9-aarch64/root/.initialized
DEBUG util.py:634:  child environment: None
DEBUG util.py:556:  Executing command: ['/bin/rpm', '-Uvh', '--nodeps', '/builddir/build/originals/shim-unsigned-aarch64-16.1-3.el9.src.rpm'] with env {'TERM': 'vt100', 'SHELL': '/bin/bash', 'HOME': '/builddir', 'HOSTNAME': 'mock', 'PATH': '/usr/bin:/bin:/usr/sbin:/sbin', 'PROMPT_COMMAND': 'printf "\\033]0;<mock-chroot>\\007"', 'PS1': '<mock-chroot> \\s-\\v\\$ ', 'LANG': 'C.UTF-8'} and shell False
DEBUG util.py:461:  Updating / installing...
DEBUG util.py:461:  shim-unsigned-aarch64-16.1-3.el9      ########################################
DEBUG util.py:608:  Child return code was: 0
DEBUG file_util.py:18:  ensuring that dir exists: /var/lib/mock/rocky-9-aarch64-bootstrap/root/var/lib/mock/rocky-9-aarch64/root
DEBUG util.py:634:  child environment: None
DEBUG util.py:556:  Executing command: ['/bin/mount', '-n', '-t', 'tmpfs', '-o', 'private,mode=0755', 'tmpfs', '/var/lib/mock/rocky-9-aarch64-bootstrap/root/var/lib/mock/rocky-9-aarch64/root'] with env {'TERM': 'vt100', 'SHELL': '/bin/sh', 'HOME': '/builddir', 'HOSTNAME': 'mock', 'PATH': '/usr/bin:/bin:/usr/sbin:/sbin', 'LANG': 'C.UTF-8'} and shell False
DEBUG util.py:608:  Child return code was: 0
DEBUG file_util.py:18:  ensuring that dir exists: /var/lib/mock/rocky-9-aarch64-bootstrap/root/var/lib/mock/rocky-9-aarch64/root
DEBUG util.py:634:  child environment: None
DEBUG util.py:556:  Executing command: ['/bin/mount', '-n', '-o', 'rbind', '/var/lib/mock/rocky-9-aarch64/root', '/var/lib/mock/rocky-9-aarch64-bootstrap/root/var/lib/mock/rocky-9-aarch64/root'] with env {'TERM': 'vt100', 'SHELL': '/bin/sh', 'HOME': '/builddir', 'HOSTNAME': 'mock', 'PATH': '/usr/bin:/bin:/usr/sbin:/sbin', 'LANG': 'C.UTF-8'} and shell False
DEBUG util.py:608:  Child return code was: 0
DEBUG util.py:634:  child environment: None
DEBUG util.py:556:  Executing command: ['/bin/mount', '-n', '-o', 'remount,private,rbind', '--target', '/var/lib/mock/rocky-9-aarch64-bootstrap/root/var/lib/mock/rocky-9-aarch64/root'] with env {'TERM': 'vt100', 'SHELL': '/bin/sh', 'HOME': '/builddir', 'HOSTNAME': 'mock', 'PATH': '/usr/bin:/bin:/usr/sbin:/sbin', 'LANG': 'C.UTF-8'} and shell False
DEBUG util.py:608:  Child return code was: 0
DEBUG util.py:634:  child environment: None
DEBUG util.py:556:  Executing command: ['/bin/rpm', '-qa', '--root', '/var/lib/mock/rocky-9-aarch64/root'] with env {'TERM': 'vt100', 'SHELL': '/bin/bash', 'HOME': '/builddir', 'HOSTNAME': 'mock', 'PATH': '/usr/bin:/bin:/usr/sbin:/sbin', 'PROMPT_COMMAND': 'printf "\\033]0;<mock-chroot>\\007"', 'PS1': '<mock-chroot> \\s-\\v\\$ ', 'LANG': 'C.UTF-8'} and shell False
DEBUG util.py:461:  gpg-pubkey-350d275d-6279464b
DEBUG util.py:461:  rust-srpm-macros-17-4.el9.noarch
DEBUG util.py:461:  qt5-srpm-macros-5.15.9-1.el9.noarch
DEBUG util.py:461:  perl-srpm-macros-1-41.el9.noarch
DEBUG util.py:461:  openblas-srpm-macros-2-11.el9.noarch
DEBUG util.py:461:  ocaml-srpm-macros-6-6.el9.noarch
DEBUG util.py:461:  ghc-srpm-macros-1.5.0-6.el9.noarch
DEBUG util.py:461:  tzdata-2026a-1.el9.noarch
DEBUG util.py:461:  rocky-gpg-keys-9.8-1.1.el9.noarch
DEBUG util.py:461:  rocky-release-9.8-1.1.el9.noarch
DEBUG util.py:461:  rocky-repos-9.8-1.1.el9.noarch
DEBUG util.py:461:  setup-2.13.7-10.el9.noarch
DEBUG util.py:461:  filesystem-3.16-5.el9.aarch64
DEBUG util.py:461:  basesystem-11-13.el9.0.1.noarch
DEBUG util.py:461:  publicsuffix-list-dafsa-20210518-3.el9.noarch
DEBUG util.py:461:  pkgconf-m4-1.7.3-10.el9.noarch
DEBUG util.py:461:  pcre2-syntax-10.40-6.el9.noarch
DEBUG util.py:461:  ncurses-base-6.2-12.20210508.el9.noarch
DEBUG util.py:461:  ncurses-libs-6.2-12.20210508.el9.aarch64
DEBUG util.py:461:  bash-5.1.8-9.el9.aarch64
DEBUG util.py:461:  libgcc-11.5.0-14.el9.aarch64
DEBUG util.py:461:  glibc-gconv-extra-2.34-266.el9_8.aarch64
DEBUG util.py:461:  glibc-minimal-langpack-2.34-266.el9_8.aarch64
DEBUG util.py:461:  glibc-common-2.34-266.el9_8.aarch64
DEBUG util.py:461:  glibc-2.34-266.el9_8.aarch64
DEBUG util.py:461:  zlib-1.2.11-40.el9.aarch64
DEBUG util.py:461:  xz-libs-5.2.5-8.el9_0.aarch64
DEBUG util.py:461:  bzip2-libs-1.0.8-11.el9.aarch64
DEBUG util.py:461:  libzstd-1.5.5-1.el9.aarch64
DEBUG util.py:461:  elfutils-libelf-0.194-1.el9.rocky.0.1.aarch64
DEBUG util.py:461:  libxcrypt-4.4.18-3.el9.aarch64
DEBUG util.py:461:  libstdc++-11.5.0-14.el9.aarch64
DEBUG util.py:461:  libuuid-2.37.4-25.el9.aarch64
DEBUG util.py:461:  gmp-6.2.0-13.el9.aarch64
DEBUG util.py:461:  libattr-2.5.1-3.el9.aarch64
DEBUG util.py:461:  libacl-2.3.1-4.el9.aarch64
DEBUG util.py:461:  libcap-2.48-10.el9_7.1.aarch64
DEBUG util.py:461:  popt-1.18-8.el9.aarch64
DEBUG util.py:461:  libcom_err-1.46.5-8.el9.aarch64
DEBUG util.py:461:  lz4-libs-1.9.3-5.el9.aarch64
DEBUG util.py:461:  readline-8.1-4.el9.aarch64
DEBUG util.py:461:  crypto-policies-20260224-1.gitea0f072.el9.noarch
DEBUG util.py:461:  mpfr-4.1.0-10.el9.aarch64
DEBUG util.py:461:  dwz-0.16-1.el9.aarch64
DEBUG util.py:461:  unzip-6.0-60.el9_8.aarch64
DEBUG util.py:461:  file-libs-5.39-17.el9.aarch64
DEBUG util.py:461:  file-5.39-17.el9.aarch64
DEBUG util.py:461:  sqlite-libs-3.34.1-9.el9_7.aarch64
DEBUG util.py:461:  alternatives-1.24-2.el9.aarch64
DEBUG util.py:461:  libcap-ng-0.8.2-7.el9.aarch64
DEBUG util.py:461:  audit-libs-3.1.5-8.el9.aarch64
DEBUG util.py:461:  libffi-3.4.2-8.el9.aarch64
DEBUG util.py:461:  libsepol-3.6-3.el9.aarch64
DEBUG util.py:461:  libsigsegv-2.13-4.el9.aarch64
DEBUG util.py:461:  gawk-5.1.0-6.el9.aarch64
DEBUG util.py:461:  libsmartcols-2.37.4-25.el9.aarch64
DEBUG util.py:461:  libtasn1-4.16.0-9.el9.aarch64
DEBUG util.py:461:  p11-kit-0.26.2-1.el9.aarch64
DEBUG util.py:461:  libunistring-0.9.10-15.el9.aarch64
DEBUG util.py:461:  libidn2-2.3.0-7.el9.aarch64
DEBUG util.py:461:  lua-libs-5.4.4-4.el9.aarch64
DEBUG util.py:461:  libpsl-0.21.1-5.el9.aarch64
DEBUG util.py:461:  p11-kit-trust-0.26.2-1.el9.aarch64
DEBUG util.py:461:  zip-3.0-35.el9.aarch64
DEBUG util.py:461:  zstd-1.5.5-1.el9.aarch64
DEBUG util.py:461:  groff-base-1.22.4-10.el9.0.1.aarch64
DEBUG util.py:461:  bzip2-1.0.8-11.el9.aarch64
DEBUG util.py:461:  libxml2-2.9.13-14.el9_7.aarch64
DEBUG util.py:461:  info-6.7-15.el9.aarch64
DEBUG util.py:461:  ed-1.14.2-12.el9.aarch64
DEBUG util.py:461:  cpio-2.13-16.el9.aarch64
DEBUG util.py:461:  diffutils-3.7-12.el9.aarch64
DEBUG util.py:461:  gdbm-libs-1.23-1.el9.aarch64
DEBUG util.py:461:  json-c-0.14-11.el9.aarch64
DEBUG util.py:461:  keyutils-libs-1.6.3-1.el9.aarch64
DEBUG util.py:461:  libbrotli-1.0.9-9.el9_7.aarch64
DEBUG util.py:461:  libdb-5.3.28-57.el9_6.aarch64
DEBUG util.py:461:  libeconf-0.4.1-5.el9.aarch64
DEBUG util.py:461:  libgomp-11.5.0-14.el9.aarch64
DEBUG util.py:461:  libgpg-error-1.42-5.el9.aarch64
DEBUG util.py:461:  libgcrypt-1.10.0-11.el9.aarch64
DEBUG util.py:461:  libnghttp2-1.43.0-6.el9_7.1.aarch64
DEBUG util.py:461:  libpkgconf-1.7.3-10.el9.aarch64
DEBUG util.py:461:  pkgconf-1.7.3-10.el9.aarch64
DEBUG util.py:461:  pkgconf-pkg-config-1.7.3-10.el9.aarch64
DEBUG util.py:461:  libtool-ltdl-2.4.6-46.el9.aarch64
DEBUG util.py:461:  libverto-0.3.2-3.el9.aarch64
DEBUG util.py:461:  ncurses-6.2-12.20210508.el9.aarch64
DEBUG util.py:461:  pcre-8.44-4.el9.aarch64
DEBUG util.py:461:  grep-3.6-5.el9.aarch64
DEBUG util.py:461:  xz-5.2.5-8.el9_0.aarch64
DEBUG util.py:461:  pcre2-10.40-6.el9.aarch64
DEBUG util.py:461:  libselinux-3.6-3.el9.aarch64
DEBUG util.py:461:  sed-4.8-10.el9_8.aarch64
DEBUG util.py:461:  findutils-4.8.0-7.el9.aarch64
DEBUG util.py:461:  libsemanage-3.6-5.el9_6.aarch64
DEBUG util.py:461:  shadow-utils-4.9-16.el9.aarch64
DEBUG util.py:461:  libutempter-1.2.1-6.el9.aarch64
DEBUG util.py:461:  tar-1.34-11.el9.aarch64
DEBUG util.py:461:  patch-2.7.6-16.el9.aarch64
DEBUG util.py:461:  elfutils-default-yama-scope-0.194-1.el9.rocky.0.1.noarch
DEBUG util.py:461:  elfutils-libs-0.194-1.el9.rocky.0.1.aarch64
DEBUG util.py:461:  libssh-config-0.10.4-18.el9.noarch
DEBUG util.py:461:  coreutils-common-8.32-40.el9.aarch64
DEBUG util.py:461:  openssl-fips-provider-3.5.5-2.el9_8.aarch64
DEBUG util.py:461:  openssl-libs-3.5.5-2.el9_8.aarch64
DEBUG util.py:461:  coreutils-8.32-40.el9.aarch64
DEBUG util.py:461:  ca-certificates-2025.2.80_v9.0.305-91.el9.noarch
DEBUG util.py:461:  libblkid-2.37.4-25.el9.aarch64
DEBUG util.py:461:  krb5-libs-1.21.1-10.el9_8.aarch64
DEBUG util.py:461:  libmount-2.37.4-25.el9.aarch64
DEBUG util.py:461:  gzip-1.12-1.el9.aarch64
DEBUG util.py:461:  cracklib-2.9.6-28.el9.aarch64
DEBUG util.py:461:  systemd-libs-252-67.el9.rocky.0.1.aarch64
DEBUG util.py:461:  libarchive-3.5.3-9.el9_7.aarch64
DEBUG util.py:461:  util-linux-core-2.37.4-25.el9.aarch64
DEBUG util.py:461:  cracklib-dicts-2.9.6-28.el9.aarch64
DEBUG util.py:461:  cyrus-sasl-lib-2.1.27-22.el9_7.aarch64
DEBUG util.py:461:  libssh-0.10.4-18.el9.aarch64
DEBUG util.py:461:  libfdisk-2.37.4-25.el9.aarch64
DEBUG util.py:461:  perl-Digest-1.19-4.el9.0.1.noarch
DEBUG util.py:461:  perl-Digest-MD5-2.58-4.el9.aarch64
DEBUG util.py:461:  perl-B-1.80-483.el9.aarch64
DEBUG util.py:461:  perl-FileHandle-2.03-483.el9.noarch
DEBUG util.py:461:  perl-Data-Dumper-2.174-462.el9.aarch64
DEBUG util.py:461:  perl-libnet-3.13-4.el9.noarch
DEBUG util.py:461:  perl-AutoLoader-5.74-483.el9.noarch
DEBUG util.py:461:  perl-base-2.27-483.el9.noarch
DEBUG util.py:461:  perl-URI-5.09-3.el9.0.1.noarch
DEBUG util.py:461:  perl-if-0.60.800-483.el9.noarch
DEBUG util.py:461:  perl-IO-Socket-IP-0.41-5.el9.noarch
DEBUG util.py:461:  perl-Time-Local-1.300-7.el9.noarch
DEBUG util.py:461:  perl-File-Path-2.18-4.el9.noarch
DEBUG util.py:461:  perl-IO-Socket-SSL-2.073-2.el9.noarch
DEBUG util.py:461:  perl-Net-SSLeay-1.94-3.el9.aarch64
DEBUG util.py:461:  perl-Pod-Escapes-1.07-460.el9.0.1.noarch
DEBUG util.py:461:  perl-Text-Tabs+Wrap-2013.0523-460.el9.0.1.noarch
DEBUG util.py:461:  perl-Mozilla-CA-20200520-6.el9.noarch
DEBUG util.py:461:  perl-Class-Struct-0.66-483.el9.noarch
DEBUG util.py:461:  perl-POSIX-1.94-483.el9.aarch64
DEBUG util.py:461:  perl-Term-ANSIColor-5.01-461.el9.0.1.noarch
DEBUG util.py:461:  perl-IPC-Open3-1.21-483.el9.noarch
DEBUG util.py:461:  perl-subs-1.03-483.el9.noarch
DEBUG util.py:461:  perl-File-Temp-0.231.100-4.el9.noarch
DEBUG util.py:461:  perl-Term-Cap-1.17-460.el9.0.1.noarch
DEBUG util.py:461:  perl-Pod-Simple-3.42-4.el9.noarch
DEBUG util.py:461:  perl-HTTP-Tiny-0.076-462.el9.noarch
DEBUG util.py:461:  perl-Socket-2.031-4.el9.aarch64
DEBUG util.py:461:  perl-SelectSaver-1.02-483.el9.noarch
DEBUG util.py:461:  perl-Symbol-1.08-483.el9.noarch
DEBUG util.py:461:  perl-File-stat-1.09-483.el9.noarch
DEBUG util.py:461:  perl-podlators-4.14-460.el9.0.1.noarch
DEBUG util.py:461:  perl-Pod-Perldoc-3.28.01-461.el9.noarch
DEBUG util.py:461:  perl-Fcntl-1.13-483.el9.aarch64
DEBUG util.py:461:  perl-Text-ParseWords-3.30-460.el9.noarch
DEBUG util.py:461:  perl-mro-1.23-483.el9.aarch64
DEBUG util.py:461:  perl-IO-1.43-483.el9.aarch64
DEBUG util.py:461:  perl-overloading-0.02-483.el9.noarch
DEBUG util.py:461:  perl-Pod-Usage-2.01-4.el9.noarch
DEBUG util.py:461:  perl-Errno-1.30-483.el9.aarch64
DEBUG util.py:461:  perl-File-Basename-2.85-483.el9.noarch
DEBUG util.py:461:  perl-Getopt-Std-1.12-483.el9.noarch
DEBUG util.py:461:  perl-MIME-Base64-3.16-4.el9.aarch64
DEBUG util.py:461:  perl-Scalar-List-Utils-1.56-462.el9.aarch64
DEBUG util.py:461:  perl-constant-1.33-461.el9.0.1.noarch
DEBUG util.py:461:  perl-Storable-3.21-460.el9.aarch64
DEBUG util.py:461:  perl-overload-1.31-483.el9.noarch
DEBUG util.py:461:  perl-parent-0.238-460.el9.noarch
DEBUG util.py:461:  perl-vars-1.05-483.el9.noarch
DEBUG util.py:461:  perl-Getopt-Long-2.52-4.el9.noarch
DEBUG util.py:461:  perl-Carp-1.50-460.el9.0.1.noarch
DEBUG util.py:461:  perl-Exporter-5.74-461.el9.noarch
DEBUG util.py:461:  perl-PathTools-3.78-461.el9.aarch64
DEBUG util.py:461:  perl-Encode-3.08-462.el9.aarch64
DEBUG util.py:461:  perl-libs-5.32.1-483.el9.aarch64
DEBUG util.py:461:  perl-interpreter-5.32.1-483.el9.aarch64
DEBUG util.py:461:  kernel-srpm-macros-1.0-14.el9.noarch
DEBUG util.py:461:  openssl-3.5.5-2.el9_8.aarch64
DEBUG util.py:461:  libpwquality-1.4.4-8.el9.aarch64
DEBUG util.py:461:  pam-1.5.1-28.el9.aarch64
DEBUG util.py:461:  libevent-2.1.12-8.el9_4.aarch64
DEBUG util.py:461:  openldap-2.6.8-4.el9.0.1.aarch64
DEBUG util.py:461:  libcurl-7.76.1-40.el9.aarch64
DEBUG util.py:461:  elfutils-debuginfod-client-0.194-1.el9.rocky.0.1.aarch64
DEBUG util.py:461:  binutils-gold-2.35.2-72.el9.aarch64
DEBUG util.py:461:  binutils-2.35.2-72.el9.aarch64
DEBUG util.py:461:  elfutils-0.194-1.el9.rocky.0.1.aarch64
DEBUG util.py:461:  gdb-minimal-16.3-3.el9.aarch64
DEBUG util.py:461:  debugedit-5.0-11.el9.aarch64
DEBUG util.py:461:  curl-7.76.1-40.el9.aarch64
DEBUG util.py:461:  rpm-4.16.1.3-40.el9.aarch64
DEBUG util.py:461:  rpm-libs-4.16.1.3-40.el9.aarch64
DEBUG util.py:461:  rpm-build-libs-4.16.1.3-40.el9.aarch64
DEBUG util.py:461:  efi-srpm-macros-6-4.el9.noarch
DEBUG util.py:461:  lua-srpm-macros-1-6.el9.noarch
DEBUG util.py:461:  fonts-srpm-macros-2.0.5-7.el9.1.noarch
DEBUG util.py:461:  go-srpm-macros-3.8.1-1.el9.noarch
DEBUG util.py:461:  python-srpm-macros-3.9-54.el9.noarch
DEBUG util.py:461:  pyproject-srpm-macros-1.18.5-1.el9.noarch
DEBUG util.py:461:  redhat-rpm-config-210-1.el9.noarch
DEBUG util.py:461:  rpm-build-4.16.1.3-40.el9.aarch64
DEBUG util.py:461:  util-linux-2.37.4-25.el9.aarch64
DEBUG util.py:461:  which-2.21-30.el9_6.aarch64
DEBUG util.py:608:  Child return code was: 0
DEBUG util.py:183:  kill orphans in chroot /var/lib/mock/rocky-9-aarch64/root
DEBUG util.py:183:  kill orphans in chroot /var/lib/mock/rocky-9-aarch64-bootstrap/root/var/lib/mock/rocky-9-aarch64/root
DEBUG util.py:634:  child environment: None
DEBUG util.py:556:  Executing command: ['/bin/umount', '-n', '-l', '/var/lib/mock/rocky-9-aarch64-bootstrap/root/var/lib/mock/rocky-9-aarch64/root'] with env {'TERM': 'vt100', 'SHELL': '/bin/sh', 'HOME': '/builddir', 'HOSTNAME': 'mock', 'PATH': '/usr/bin:/bin:/usr/sbin:/sbin', 'LANG': 'C.UTF-8'} and shell False
DEBUG util.py:608:  Child return code was: 0
DEBUG util.py:634:  child environment: None
DEBUG util.py:556:  Executing command: ['/bin/umount', '-n', '-l', '/var/lib/mock/rocky-9-aarch64-bootstrap/root/var/lib/mock/rocky-9-aarch64/root'] with env {'TERM': 'vt100', 'SHELL': '/bin/sh', 'HOME': '/builddir', 'HOSTNAME': 'mock', 'PATH': '/usr/bin:/bin:/usr/sbin:/sbin', 'LANG': 'C.UTF-8'} and shell False
DEBUG util.py:608:  Child return code was: 0
DEBUG util.py:634:  child environment: None
DEBUG file_util.py:18:  ensuring that dir exists: /var/lib/mock/rocky-9-aarch64-bootstrap/root/var/lib/mock/rocky-9-aarch64/root
DEBUG util.py:634:  child environment: None
DEBUG util.py:556:  Executing command: ['/bin/mount', '-n', '-t', 'tmpfs', '-o', 'private,mode=0755', 'tmpfs', '/var/lib/mock/rocky-9-aarch64-bootstrap/root/var/lib/mock/rocky-9-aarch64/root'] with env {'TERM': 'vt100', 'SHELL': '/bin/sh', 'HOME': '/builddir', 'HOSTNAME': 'mock', 'PATH': '/usr/bin:/bin:/usr/sbin:/sbin', 'LANG': 'C.UTF-8'} and shell False
DEBUG util.py:608:  Child return code was: 0
DEBUG file_util.py:18:  ensuring that dir exists: /var/lib/mock/rocky-9-aarch64-bootstrap/root/var/lib/mock/rocky-9-aarch64/root
DEBUG util.py:634:  child environment: None
DEBUG util.py:556:  Executing command: ['/bin/mount', '-n', '-o', 'rbind', '/var/lib/mock/rocky-9-aarch64/root', '/var/lib/mock/rocky-9-aarch64-bootstrap/root/var/lib/mock/rocky-9-aarch64/root'] with env {'TERM': 'vt100', 'SHELL': '/bin/sh', 'HOME': '/builddir', 'HOSTNAME': 'mock', 'PATH': '/usr/bin:/bin:/usr/sbin:/sbin', 'LANG': 'C.UTF-8'} and shell False
DEBUG util.py:608:  Child return code was: 0
DEBUG util.py:634:  child environment: None
DEBUG util.py:556:  Executing command: ['/bin/mount', '-n', '-o', 'remount,private,rbind', '--target', '/var/lib/mock/rocky-9-aarch64-bootstrap/root/var/lib/mock/rocky-9-aarch64/root'] with env {'TERM': 'vt100', 'SHELL': '/bin/sh', 'HOME': '/builddir', 'HOSTNAME': 'mock', 'PATH': '/usr/bin:/bin:/usr/sbin:/sbin', 'LANG': 'C.UTF-8'} and shell False
DEBUG util.py:608:  Child return code was: 0
DEBUG file_util.py:18:  ensuring that dir exists: /var/lib/mock/rocky-9-aarch64/root/installation-homedir
DEBUG package_manager.py:295:  ['/usr/bin/dnf-3', 'builddep', '--installroot', '/var/lib/mock/rocky-9-aarch64/root/', '--releasever', '9', '--setopt=deltarpm=False', '--setopt=allow_vendor_change=yes', '--allowerasing', '--disableplugin=local', '--disableplugin=spacewalk', '--disableplugin=versionlock', '/var/lib/mock/rocky-9-aarch64/root//builddir/build/SRPMS/shim-unsigned-aarch64-16.1-3.el9.src.rpm']
DEBUG util.py:634:  child environment: None
DEBUG util.py:556:  Executing command: ['/usr/bin/dnf-3', 'builddep', '--installroot', '/var/lib/mock/rocky-9-aarch64/root/', '--releasever', '9', '--setopt=deltarpm=False', '--setopt=allow_vendor_change=yes', '--allowerasing', '--disableplugin=local', '--disableplugin=spacewalk', '--disableplugin=versionlock', '/var/lib/mock/rocky-9-aarch64/root//builddir/build/SRPMS/shim-unsigned-aarch64-16.1-3.el9.src.rpm', '--setopt=tsflags=nocontexts'] with env {'TERM': 'vt100', 'SHELL': '/bin/bash', 'HOME': '/var/lib/mock/rocky-9-aarch64/root/installation-homedir', 'HOSTNAME': 'mock', 'PATH': '/usr/bin:/bin:/usr/sbin:/sbin', 'PROMPT_COMMAND': 'printf "\\033]0;<mock-chroot>\\007"', 'PS1': '<mock-chroot> \\s-\\v\\$ ', 'LANG': 'C.UTF-8', 'LC_MESSAGES': 'C.UTF-8'} and shell False
DEBUG util.py:459:  No matches found for the following disable plugin patterns: local, spacewalk, versionlock
DEBUG util.py:461:  Rocky Linux 9 - BaseOS                                                                                       5.6 kB/s | 4.3 kB     00:00    
DEBUG util.py:461:  Rocky Linux 9 - AppStream                                                                                     20 kB/s | 4.8 kB     00:00    
DEBUG util.py:461:  Rocky Linux 9 - CRB                                                                                           17 kB/s | 4.8 kB     00:00    
DEBUG util.py:461:  Rocky Linux 9 - Extras                                                                                        10 kB/s | 3.1 kB     00:00    
DEBUG util.py:461:  Package findutils-1:4.8.0-7.el9.aarch64 is already installed.
DEBUG util.py:461:  Package openssl-1:3.5.5-2.el9_8.aarch64 is already installed.
DEBUG util.py:461:  Package sed-4.8-10.el9_8.aarch64 is already installed.
DEBUG util.py:461:  Dependencies resolved.
DEBUG util.py:461:  =============================================================================================================================================
DEBUG util.py:461:   Package                                  Architecture            Version                                    Repository                 Size
DEBUG util.py:461:  =============================================================================================================================================
DEBUG util.py:461:  Installing:
DEBUG util.py:461:   dos2unix                                 aarch64                 7.4.2-4.el9                                baseos                    234 k
DEBUG util.py:461:   elfutils-libelf-devel                    aarch64                 0.194-1.el9.rocky.0.1                      appstream                  67 k
DEBUG util.py:461:   gcc                                      aarch64                 11.5.0-14.el9                              appstream                  30 M
DEBUG util.py:461:   git                                      aarch64                 2.52.0-1.el9                               appstream                  39 k
DEBUG util.py:461:   make                                     aarch64                 1:4.3-8.el9                                baseos                    526 k
DEBUG util.py:461:   openssl-devel                            aarch64                 1:3.5.5-2.el9_8                            appstream                 3.4 M
DEBUG util.py:461:   pesign                                   aarch64                 115-6.el9_1.rocky.2                        appstream                 173 k
DEBUG util.py:461:   rocky-sb-certs                           noarch                  9.8-1.1.el9                                crb                        55 k
DEBUG util.py:461:  Installing dependencies:
DEBUG util.py:461:   annobin                                  aarch64                 12.98-2.el9                                appstream                 1.1 M
DEBUG util.py:461:   cpp                                      aarch64                 11.5.0-14.el9                              appstream                  10 M
DEBUG util.py:461:   crypto-policies-scripts                  noarch                  20260224-1.gitea0f072.el9                  baseos                     87 k
DEBUG util.py:461:   efivar-libs                              aarch64                 38-3.el9                                   baseos                    116 k
DEBUG util.py:461:   expat                                    aarch64                 2.5.0-6.el9                                baseos                    112 k
DEBUG util.py:461:   gcc-plugin-annobin                       aarch64                 11.5.0-14.el9                              appstream                  37 k
DEBUG util.py:461:   git-core                                 aarch64                 2.52.0-1.el9                               appstream                 5.1 M
DEBUG util.py:461:   git-core-doc                             noarch                  2.52.0-1.el9                               appstream                 2.8 M
DEBUG util.py:461:   glibc-devel                              aarch64                 2.34-266.el9_8                             appstream                 449 k
DEBUG util.py:461:   kernel-headers                           aarch64                 5.14.0-687.10.1.el9_8.0.1                  appstream                 2.4 M
DEBUG util.py:461:   less                                     aarch64                 590-6.el9                                  baseos                    159 k
DEBUG util.py:461:   libasan                                  aarch64                 11.5.0-14.el9                              appstream                 400 k
DEBUG util.py:461:   libatomic                                aarch64                 11.5.0-14.el9                              baseos                     26 k
DEBUG util.py:461:   libcbor                                  aarch64                 0.7.0-5.el9                                baseos                     55 k
DEBUG util.py:461:   libedit                                  aarch64                 3.1-39.20210216cvs.el9                     baseos                    101 k
DEBUG util.py:461:   libfido2                                 aarch64                 1.13.0-2.el9                               baseos                     95 k
DEBUG util.py:461:   libmpc                                   aarch64                 1.2.1-4.el9                                appstream                  62 k
DEBUG util.py:461:   libubsan                                 aarch64                 11.5.0-14.el9                              appstream                 175 k
DEBUG util.py:461:   libxcrypt-devel                          aarch64                 4.4.18-3.el9                               appstream                  28 k
DEBUG util.py:461:   libzstd-devel                            aarch64                 1.5.5-1.el9                                appstream                  50 k
DEBUG util.py:461:   llvm-filesystem                          aarch64                 21.1.8-2.el9                               appstream                  13 k
DEBUG util.py:461:   llvm-libs                                aarch64                 21.1.8-2.el9                               appstream                  29 M
DEBUG util.py:461:   nspr                                     aarch64                 4.36.0-8.el9                               appstream                 130 k
DEBUG util.py:461:   nss                                      aarch64                 3.112.0-8.el9                              appstream                 698 k
DEBUG util.py:461:   nss-softokn                              aarch64                 3.112.0-8.el9                              appstream                 389 k
DEBUG util.py:461:   nss-softokn-freebl                       aarch64                 3.112.0-8.el9                              appstream                 416 k
DEBUG util.py:461:   nss-sysinit                              aarch64                 3.112.0-8.el9                              appstream                  18 k
DEBUG util.py:461:   nss-tools                                aarch64                 3.112.0-8.el9                              appstream                 426 k
DEBUG util.py:461:   nss-util                                 aarch64                 3.112.0-8.el9                              appstream                  86 k
DEBUG util.py:461:   openssh                                  aarch64                 9.9p1-7.el9_8.rocky.0.1                    baseos                    411 k
DEBUG util.py:461:   openssh-clients                          aarch64                 9.9p1-7.el9_8.rocky.0.1                    baseos                    739 k
DEBUG util.py:461:   perl-DynaLoader                          aarch64                 1.47-483.el9                               appstream                  24 k
DEBUG util.py:461:   perl-Error                               noarch                  1:0.17029-7.el9.0.1                        appstream                  41 k
DEBUG util.py:461:   perl-Git                                 noarch                  2.52.0-1.el9                               appstream                  37 k
DEBUG util.py:461:   perl-TermReadKey                         aarch64                 2.38-11.el9                                appstream                  35 k
DEBUG util.py:461:   perl-lib                                 aarch64                 0.65-483.el9                               appstream                  13 k
DEBUG util.py:461:   python3                                  aarch64                 3.9.25-7.el9_8                             baseos                     26 k
DEBUG util.py:461:   python3-libs                             aarch64                 3.9.25-7.el9_8                             baseos                    7.5 M
DEBUG util.py:461:   python3-pip-wheel                        noarch                  21.3.1-2.el9_8.rocky.0.1                   baseos                    1.1 M
DEBUG util.py:461:   python3-setuptools-wheel                 noarch                  53.0.0-15.el9                              baseos                    467 k
DEBUG util.py:461:   zlib-devel                               aarch64                 1.2.11-40.el9                              appstream                  44 k
DEBUG util.py:461:  Transaction Summary
DEBUG util.py:461:  =============================================================================================================================================
DEBUG util.py:461:  Install  49 Packages
DEBUG util.py:461:  Total download size: 100 M
DEBUG util.py:461:  Installed size: 331 M
DEBUG util.py:461:  Downloading Packages:
DEBUG util.py:461:  (1/49): efivar-libs-38-3.el9.aarch64.rpm                                                                     413 kB/s | 116 kB     00:00    
DEBUG util.py:461:  (2/49): crypto-policies-scripts-20260224-1.gitea0f072.el9.noarch.rpm                                         298 kB/s |  87 kB     00:00    
DEBUG util.py:461:  (3/49): dos2unix-7.4.2-4.el9.aarch64.rpm                                                                     734 kB/s | 234 kB     00:00    
DEBUG util.py:461:  (4/49): expat-2.5.0-6.el9.aarch64.rpm                                                                        1.4 MB/s | 112 kB     00:00    
DEBUG util.py:461:  (5/49): libatomic-11.5.0-14.el9.aarch64.rpm                                                                  318 kB/s |  26 kB     00:00    
DEBUG util.py:461:  (6/49): less-590-6.el9.aarch64.rpm                                                                           1.4 MB/s | 159 kB     00:00    
DEBUG util.py:461:  (7/49): libcbor-0.7.0-5.el9.aarch64.rpm                                                                      1.1 MB/s |  55 kB     00:00    
DEBUG util.py:461:  (8/49): libedit-3.1-39.20210216cvs.el9.aarch64.rpm                                                           2.4 MB/s | 101 kB     00:00    
DEBUG util.py:461:  (9/49): libfido2-1.13.0-2.el9.aarch64.rpm                                                                    2.0 MB/s |  95 kB     00:00    
DEBUG util.py:461:  (10/49): make-4.3-8.el9.aarch64.rpm                                                                          6.3 MB/s | 526 kB     00:00    
DEBUG util.py:461:  (11/49): openssh-9.9p1-7.el9_8.rocky.0.1.aarch64.rpm                                                         5.4 MB/s | 411 kB     00:00    
DEBUG util.py:461:  (12/49): openssh-clients-9.9p1-7.el9_8.rocky.0.1.aarch64.rpm                                                 9.2 MB/s | 739 kB     00:00    
DEBUG util.py:461:  (13/49): python3-3.9.25-7.el9_8.aarch64.rpm                                                                  707 kB/s |  26 kB     00:00    
DEBUG util.py:461:  (14/49): python3-setuptools-wheel-53.0.0-15.el9.noarch.rpm                                                   7.6 MB/s | 467 kB     00:00    
DEBUG util.py:461:  (15/49): python3-pip-wheel-21.3.1-2.el9_8.rocky.0.1.noarch.rpm                                                15 MB/s | 1.1 MB     00:00    
DEBUG util.py:461:  (16/49): python3-libs-3.9.25-7.el9_8.aarch64.rpm                                                              39 MB/s | 7.5 MB     00:00    
DEBUG util.py:461:  (17/49): annobin-12.98-2.el9.aarch64.rpm                                                                     2.4 MB/s | 1.1 MB     00:00    
DEBUG util.py:461:  (18/49): elfutils-libelf-devel-0.194-1.el9.rocky.0.1.aarch64.rpm                                             129 kB/s |  67 kB     00:00    
DEBUG util.py:461:  (19/49): gcc-plugin-annobin-11.5.0-14.el9.aarch64.rpm                                                        703 kB/s |  37 kB     00:00    
DEBUG util.py:461:  (20/49): cpp-11.5.0-14.el9.aarch64.rpm                                                                        15 MB/s |  10 MB     00:00    
DEBUG util.py:461:  (21/49): git-2.52.0-1.el9.aarch64.rpm                                                                        1.0 MB/s |  39 kB     00:00    
DEBUG util.py:461:  (22/49): git-core-doc-2.52.0-1.el9.noarch.rpm                                                                 25 MB/s | 2.8 MB     00:00    
DEBUG util.py:461:  (23/49): glibc-devel-2.34-266.el9_8.aarch64.rpm                                                              6.5 MB/s | 449 kB     00:00    
DEBUG util.py:461:  (24/49): git-core-2.52.0-1.el9.aarch64.rpm                                                                    24 MB/s | 5.1 MB     00:00    
DEBUG util.py:461:  (25/49): gcc-11.5.0-14.el9.aarch64.rpm                                                                        43 MB/s |  30 MB     00:00    
DEBUG util.py:461:  (26/49): libasan-11.5.0-14.el9.aarch64.rpm                                                                   2.0 MB/s | 400 kB     00:00    
DEBUG util.py:461:  (27/49): kernel-headers-5.14.0-687.10.1.el9_8.0.1.aarch64.rpm                                                 10 MB/s | 2.4 MB     00:00    
DEBUG util.py:461:  (28/49): libmpc-1.2.1-4.el9.aarch64.rpm                                                                      1.8 MB/s |  62 kB     00:00    
DEBUG util.py:461:  (29/49): libxcrypt-devel-4.4.18-3.el9.aarch64.rpm                                                            669 kB/s |  28 kB     00:00    
DEBUG util.py:461:  (30/49): libzstd-devel-1.5.5-1.el9.aarch64.rpm                                                               608 kB/s |  50 kB     00:00    
DEBUG util.py:461:  (31/49): libubsan-11.5.0-14.el9.aarch64.rpm                                                                  1.4 MB/s | 175 kB     00:00    
DEBUG util.py:461:  (32/49): llvm-filesystem-21.1.8-2.el9.aarch64.rpm                                                            161 kB/s |  13 kB     00:00    
DEBUG util.py:461:  (33/49): nspr-4.36.0-8.el9.aarch64.rpm                                                                       2.1 MB/s | 130 kB     00:00    
DEBUG util.py:461:  (34/49): nss-3.112.0-8.el9.aarch64.rpm                                                                        11 MB/s | 698 kB     00:00    
DEBUG util.py:461:  (35/49): nss-softokn-3.112.0-8.el9.aarch64.rpm                                                               5.9 MB/s | 389 kB     00:00    
DEBUG util.py:461:  (36/49): nss-softokn-freebl-3.112.0-8.el9.aarch64.rpm                                                        5.6 MB/s | 416 kB     00:00    
DEBUG util.py:461:  (37/49): nss-sysinit-3.112.0-8.el9.aarch64.rpm                                                               189 kB/s |  18 kB     00:00    
DEBUG util.py:461:  (38/49): nss-tools-3.112.0-8.el9.aarch64.rpm                                                                 6.4 MB/s | 426 kB     00:00    
DEBUG util.py:461:  (39/49): nss-util-3.112.0-8.el9.aarch64.rpm                                                                  383 kB/s |  86 kB     00:00    
DEBUG util.py:461:  (40/49): openssl-devel-3.5.5-2.el9_8.aarch64.rpm                                                              12 MB/s | 3.4 MB     00:00    
DEBUG util.py:461:  (41/49): perl-Error-0.17029-7.el9.0.1.noarch.rpm                                                             2.6 MB/s |  41 kB     00:00    
DEBUG util.py:461:  (42/49): perl-Git-2.52.0-1.el9.noarch.rpm                                                                    2.3 MB/s |  37 kB     00:00    
DEBUG util.py:461:  (43/49): llvm-libs-21.1.8-2.el9.aarch64.rpm                                                                   42 MB/s |  29 MB     00:00    
DEBUG util.py:461:  (44/49): perl-DynaLoader-1.47-483.el9.aarch64.rpm                                                            100 kB/s |  24 kB     00:00    
DEBUG util.py:461:  (45/49): perl-TermReadKey-2.38-11.el9.aarch64.rpm                                                            247 kB/s |  35 kB     00:00    
DEBUG util.py:461:  (46/49): perl-lib-0.65-483.el9.aarch64.rpm                                                                   468 kB/s |  13 kB     00:00    
DEBUG util.py:461:  (47/49): pesign-115-6.el9_1.rocky.2.aarch64.rpm                                                              3.6 MB/s | 173 kB     00:00    
DEBUG util.py:461:  (48/49): zlib-devel-1.2.11-40.el9.aarch64.rpm                                                                626 kB/s |  44 kB     00:00    
DEBUG util.py:461:  (49/49): rocky-sb-certs-9.8-1.1.el9.noarch.rpm                                                               151 kB/s |  55 kB     00:00    
DEBUG util.py:461:  ---------------------------------------------------------------------------------------------------------------------------------------------
DEBUG util.py:461:  Total                                                                                                         30 MB/s | 100 MB     00:03     
DEBUG util.py:461:  Running transaction check
DEBUG util.py:461:  Transaction check succeeded.
DEBUG util.py:461:  Running transaction test
DEBUG util.py:461:  Transaction test succeeded.
DEBUG util.py:461:  Running transaction
DEBUG util.py:461:    Preparing        :                                                                                                                     1/1 
DEBUG util.py:461:    Installing       : nspr-4.36.0-8.el9.aarch64                                                                                          1/49 
DEBUG util.py:461:    Installing       : nss-util-3.112.0-8.el9.aarch64                                                                                     2/49 
DEBUG util.py:461:    Installing       : libmpc-1.2.1-4.el9.aarch64                                                                                         3/49 
DEBUG util.py:461:    Installing       : libedit-3.1-39.20210216cvs.el9.aarch64                                                                             4/49 
DEBUG util.py:461:    Installing       : expat-2.5.0-6.el9.aarch64                                                                                          5/49 
DEBUG util.py:461:    Installing       : cpp-11.5.0-14.el9.aarch64                                                                                          6/49 
DEBUG util.py:461:    Installing       : nss-softokn-freebl-3.112.0-8.el9.aarch64                                                                           7/49 
DEBUG util.py:461:    Installing       : nss-softokn-3.112.0-8.el9.aarch64                                                                                  8/49 
DEBUG util.py:461:    Installing       : zlib-devel-1.2.11-40.el9.aarch64                                                                                   9/49 
DEBUG util.py:461:    Installing       : perl-lib-0.65-483.el9.aarch64                                                                                     10/49 
DEBUG util.py:461:    Installing       : perl-Error-1:0.17029-7.el9.0.1.noarch                                                                             11/49 
DEBUG util.py:461:    Installing       : perl-DynaLoader-1.47-483.el9.aarch64                                                                              12/49 
DEBUG util.py:461:    Installing       : perl-TermReadKey-2.38-11.el9.aarch64                                                                              13/49 
DEBUG util.py:461:    Installing       : llvm-filesystem-21.1.8-2.el9.aarch64                                                                              14/49 
DEBUG util.py:461:    Installing       : llvm-libs-21.1.8-2.el9.aarch64                                                                                    15/49 
DEBUG util.py:461:    Installing       : libzstd-devel-1.5.5-1.el9.aarch64                                                                                 16/49 
DEBUG util.py:461:    Installing       : libubsan-11.5.0-14.el9.aarch64                                                                                    17/49 
DEBUG util.py:461:    Installing       : libasan-11.5.0-14.el9.aarch64                                                                                     18/49 
DEBUG util.py:461:    Installing       : kernel-headers-5.14.0-687.10.1.el9_8.0.1.aarch64                                                                  19/49 
DEBUG util.py:461:    Installing       : libxcrypt-devel-4.4.18-3.el9.aarch64                                                                              20/49 
DEBUG util.py:461:    Installing       : glibc-devel-2.34-266.el9_8.aarch64                                                                                21/49 
DEBUG util.py:461:    Installing       : python3-setuptools-wheel-53.0.0-15.el9.noarch                                                                     22/49 
DEBUG util.py:461:    Installing       : python3-pip-wheel-21.3.1-2.el9_8.rocky.0.1.noarch                                                                 23/49 
DEBUG util.py:461:    Installing       : python3-3.9.25-7.el9_8.aarch64                                                                                    24/49 
DEBUG util.py:461:    Installing       : python3-libs-3.9.25-7.el9_8.aarch64                                                                               25/49 
DEBUG util.py:461:    Installing       : crypto-policies-scripts-20260224-1.gitea0f072.el9.noarch                                                          26/49 
DEBUG util.py:461:    Installing       : nss-sysinit-3.112.0-8.el9.aarch64                                                                                 27/49 
DEBUG util.py:461:    Installing       : nss-3.112.0-8.el9.aarch64                                                                                         28/49 
DEBUG util.py:461:    Running scriptlet: nss-3.112.0-8.el9.aarch64                                                                                         28/49 
DEBUG util.py:461:    Installing       : nss-tools-3.112.0-8.el9.aarch64                                                                                   29/49 
DEBUG util.py:461:    Running scriptlet: openssh-9.9p1-7.el9_8.rocky.0.1.aarch64                                                                           30/49 
DEBUG util.py:461:    Installing       : openssh-9.9p1-7.el9_8.rocky.0.1.aarch64                                                                           30/49 
DEBUG util.py:461:    Installing       : make-1:4.3-8.el9.aarch64                                                                                          31/49 
DEBUG util.py:461:    Installing       : libcbor-0.7.0-5.el9.aarch64                                                                                       32/49 
DEBUG util.py:461:    Installing       : libfido2-1.13.0-2.el9.aarch64                                                                                     33/49 
DEBUG util.py:461:    Installing       : openssh-clients-9.9p1-7.el9_8.rocky.0.1.aarch64                                                                   34/49 
DEBUG util.py:461:    Running scriptlet: openssh-clients-9.9p1-7.el9_8.rocky.0.1.aarch64                                                                   34/49 
DEBUG util.py:461:    Installing       : libatomic-11.5.0-14.el9.aarch64                                                                                   35/49 
DEBUG util.py:461:    Installing       : gcc-11.5.0-14.el9.aarch64                                                                                         36/49 
DEBUG util.py:461:    Running scriptlet: gcc-11.5.0-14.el9.aarch64                                                                                         36/49 
DEBUG util.py:461:    Installing       : less-590-6.el9.aarch64                                                                                            37/49 
DEBUG util.py:461:    Installing       : git-core-2.52.0-1.el9.aarch64                                                                                     38/49 
DEBUG util.py:461:    Installing       : git-core-doc-2.52.0-1.el9.noarch                                                                                  39/49 
DEBUG util.py:461:    Installing       : perl-Git-2.52.0-1.el9.noarch                                                                                      40/49 
DEBUG util.py:461:    Installing       : git-2.52.0-1.el9.aarch64                                                                                          41/49 
DEBUG util.py:461:    Installing       : efivar-libs-38-3.el9.aarch64                                                                                      42/49 
DEBUG util.py:461:    Running scriptlet: pesign-115-6.el9_1.rocky.2.aarch64                                                                                43/49 
DEBUG util.py:461:    Installing       : pesign-115-6.el9_1.rocky.2.aarch64                                                                                43/49 
DEBUG util.py:461:    Running scriptlet: pesign-115-6.el9_1.rocky.2.aarch64                                                                                43/49 
DEBUG util.py:461:    Installing       : annobin-12.98-2.el9.aarch64                                                                                       44/49 
DEBUG util.py:461:    Running scriptlet: annobin-12.98-2.el9.aarch64                                                                                       44/49 
DEBUG util.py:461:    Installing       : gcc-plugin-annobin-11.5.0-14.el9.aarch64                                                                          45/49 
DEBUG util.py:461:    Running scriptlet: gcc-plugin-annobin-11.5.0-14.el9.aarch64                                                                          45/49 
DEBUG util.py:461:    Installing       : elfutils-libelf-devel-0.194-1.el9.rocky.0.1.aarch64                                                               46/49 
DEBUG util.py:461:    Installing       : rocky-sb-certs-9.8-1.1.el9.noarch                                                                                 47/49 
DEBUG util.py:461:    Installing       : openssl-devel-1:3.5.5-2.el9_8.aarch64                                                                             48/49 
DEBUG util.py:461:    Installing       : dos2unix-7.4.2-4.el9.aarch64                                                                                      49/49 
DEBUG util.py:461:    Running scriptlet: crypto-policies-scripts-20260224-1.gitea0f072.el9.noarch                                                          49/49 
DEBUG util.py:461:    Running scriptlet: nss-3.112.0-8.el9.aarch64                                                                                         49/49 
DEBUG util.py:461:    Running scriptlet: pesign-115-6.el9_1.rocky.2.aarch64                                                                                49/49 
DEBUG util.py:461:    Running scriptlet: dos2unix-7.4.2-4.el9.aarch64                                                                                      49/49 
DEBUG util.py:461:    Verifying        : crypto-policies-scripts-20260224-1.gitea0f072.el9.noarch                                                           1/49 
DEBUG util.py:461:    Verifying        : dos2unix-7.4.2-4.el9.aarch64                                                                                       2/49 
DEBUG util.py:461:    Verifying        : efivar-libs-38-3.el9.aarch64                                                                                       3/49 
DEBUG util.py:461:    Verifying        : expat-2.5.0-6.el9.aarch64                                                                                          4/49 
DEBUG util.py:461:    Verifying        : less-590-6.el9.aarch64                                                                                             5/49 
DEBUG util.py:461:    Verifying        : libatomic-11.5.0-14.el9.aarch64                                                                                    6/49 
DEBUG util.py:461:    Verifying        : libcbor-0.7.0-5.el9.aarch64                                                                                        7/49 
DEBUG util.py:461:    Verifying        : libedit-3.1-39.20210216cvs.el9.aarch64                                                                             8/49 
DEBUG util.py:461:    Verifying        : libfido2-1.13.0-2.el9.aarch64                                                                                      9/49 
DEBUG util.py:461:    Verifying        : make-1:4.3-8.el9.aarch64                                                                                          10/49 
DEBUG util.py:461:    Verifying        : openssh-9.9p1-7.el9_8.rocky.0.1.aarch64                                                                           11/49 
DEBUG util.py:461:    Verifying        : openssh-clients-9.9p1-7.el9_8.rocky.0.1.aarch64                                                                   12/49 
DEBUG util.py:461:    Verifying        : python3-3.9.25-7.el9_8.aarch64                                                                                    13/49 
DEBUG util.py:461:    Verifying        : python3-libs-3.9.25-7.el9_8.aarch64                                                                               14/49 
DEBUG util.py:461:    Verifying        : python3-pip-wheel-21.3.1-2.el9_8.rocky.0.1.noarch                                                                 15/49 
DEBUG util.py:461:    Verifying        : python3-setuptools-wheel-53.0.0-15.el9.noarch                                                                     16/49 
DEBUG util.py:461:    Verifying        : annobin-12.98-2.el9.aarch64                                                                                       17/49 
DEBUG util.py:461:    Verifying        : cpp-11.5.0-14.el9.aarch64                                                                                         18/49 
DEBUG util.py:461:    Verifying        : elfutils-libelf-devel-0.194-1.el9.rocky.0.1.aarch64                                                               19/49 
DEBUG util.py:461:    Verifying        : gcc-11.5.0-14.el9.aarch64                                                                                         20/49 
DEBUG util.py:461:    Verifying        : gcc-plugin-annobin-11.5.0-14.el9.aarch64                                                                          21/49 
DEBUG util.py:461:    Verifying        : git-2.52.0-1.el9.aarch64                                                                                          22/49 
DEBUG util.py:461:    Verifying        : git-core-2.52.0-1.el9.aarch64                                                                                     23/49 
DEBUG util.py:461:    Verifying        : git-core-doc-2.52.0-1.el9.noarch                                                                                  24/49 
DEBUG util.py:461:    Verifying        : glibc-devel-2.34-266.el9_8.aarch64                                                                                25/49 
DEBUG util.py:461:    Verifying        : kernel-headers-5.14.0-687.10.1.el9_8.0.1.aarch64                                                                  26/49 
DEBUG util.py:461:    Verifying        : libasan-11.5.0-14.el9.aarch64                                                                                     27/49 
DEBUG util.py:461:    Verifying        : libmpc-1.2.1-4.el9.aarch64                                                                                        28/49 
DEBUG util.py:461:    Verifying        : libubsan-11.5.0-14.el9.aarch64                                                                                    29/49 
DEBUG util.py:461:    Verifying        : libxcrypt-devel-4.4.18-3.el9.aarch64                                                                              30/49 
DEBUG util.py:461:    Verifying        : libzstd-devel-1.5.5-1.el9.aarch64                                                                                 31/49 
DEBUG util.py:461:    Verifying        : llvm-filesystem-21.1.8-2.el9.aarch64                                                                              32/49 
DEBUG util.py:461:    Verifying        : llvm-libs-21.1.8-2.el9.aarch64                                                                                    33/49 
DEBUG util.py:461:    Verifying        : nspr-4.36.0-8.el9.aarch64                                                                                         34/49 
DEBUG util.py:461:    Verifying        : nss-3.112.0-8.el9.aarch64                                                                                         35/49 
DEBUG util.py:461:    Verifying        : nss-softokn-3.112.0-8.el9.aarch64                                                                                 36/49 
DEBUG util.py:461:    Verifying        : nss-softokn-freebl-3.112.0-8.el9.aarch64                                                                          37/49 
DEBUG util.py:461:    Verifying        : nss-sysinit-3.112.0-8.el9.aarch64                                                                                 38/49 
DEBUG util.py:461:    Verifying        : nss-tools-3.112.0-8.el9.aarch64                                                                                   39/49 
DEBUG util.py:461:    Verifying        : nss-util-3.112.0-8.el9.aarch64                                                                                    40/49 
DEBUG util.py:461:    Verifying        : openssl-devel-1:3.5.5-2.el9_8.aarch64                                                                             41/49 
DEBUG util.py:461:    Verifying        : perl-DynaLoader-1.47-483.el9.aarch64                                                                              42/49 
DEBUG util.py:461:    Verifying        : perl-Error-1:0.17029-7.el9.0.1.noarch                                                                             43/49 
DEBUG util.py:461:    Verifying        : perl-Git-2.52.0-1.el9.noarch                                                                                      44/49 
DEBUG util.py:461:    Verifying        : perl-TermReadKey-2.38-11.el9.aarch64                                                                              45/49 
DEBUG util.py:461:    Verifying        : perl-lib-0.65-483.el9.aarch64                                                                                     46/49 
DEBUG util.py:461:    Verifying        : pesign-115-6.el9_1.rocky.2.aarch64                                                                                47/49 
DEBUG util.py:461:    Verifying        : zlib-devel-1.2.11-40.el9.aarch64                                                                                  48/49 
DEBUG util.py:461:    Verifying        : rocky-sb-certs-9.8-1.1.el9.noarch                                                                                 49/49 
DEBUG util.py:461:  Installed:
DEBUG util.py:461:    annobin-12.98-2.el9.aarch64                                             cpp-11.5.0-14.el9.aarch64                                         
DEBUG util.py:461:    crypto-policies-scripts-20260224-1.gitea0f072.el9.noarch                dos2unix-7.4.2-4.el9.aarch64                                      
DEBUG util.py:461:    efivar-libs-38-3.el9.aarch64                                            elfutils-libelf-devel-0.194-1.el9.rocky.0.1.aarch64               
DEBUG util.py:461:    expat-2.5.0-6.el9.aarch64                                               gcc-11.5.0-14.el9.aarch64                                         
DEBUG util.py:461:    gcc-plugin-annobin-11.5.0-14.el9.aarch64                                git-2.52.0-1.el9.aarch64                                          
DEBUG util.py:461:    git-core-2.52.0-1.el9.aarch64                                           git-core-doc-2.52.0-1.el9.noarch                                  
DEBUG util.py:461:    glibc-devel-2.34-266.el9_8.aarch64                                      kernel-headers-5.14.0-687.10.1.el9_8.0.1.aarch64                  
DEBUG util.py:461:    less-590-6.el9.aarch64                                                  libasan-11.5.0-14.el9.aarch64                                     
DEBUG util.py:461:    libatomic-11.5.0-14.el9.aarch64                                         libcbor-0.7.0-5.el9.aarch64                                       
DEBUG util.py:461:    libedit-3.1-39.20210216cvs.el9.aarch64                                  libfido2-1.13.0-2.el9.aarch64                                     
DEBUG util.py:461:    libmpc-1.2.1-4.el9.aarch64                                              libubsan-11.5.0-14.el9.aarch64                                    
DEBUG util.py:461:    libxcrypt-devel-4.4.18-3.el9.aarch64                                    libzstd-devel-1.5.5-1.el9.aarch64                                 
DEBUG util.py:461:    llvm-filesystem-21.1.8-2.el9.aarch64                                    llvm-libs-21.1.8-2.el9.aarch64                                    
DEBUG util.py:461:    make-1:4.3-8.el9.aarch64                                                nspr-4.36.0-8.el9.aarch64                                         
DEBUG util.py:461:    nss-3.112.0-8.el9.aarch64                                               nss-softokn-3.112.0-8.el9.aarch64                                 
DEBUG util.py:461:    nss-softokn-freebl-3.112.0-8.el9.aarch64                                nss-sysinit-3.112.0-8.el9.aarch64                                 
DEBUG util.py:461:    nss-tools-3.112.0-8.el9.aarch64                                         nss-util-3.112.0-8.el9.aarch64                                    
DEBUG util.py:461:    openssh-9.9p1-7.el9_8.rocky.0.1.aarch64                                 openssh-clients-9.9p1-7.el9_8.rocky.0.1.aarch64                   
DEBUG util.py:461:    openssl-devel-1:3.5.5-2.el9_8.aarch64                                   perl-DynaLoader-1.47-483.el9.aarch64                              
DEBUG util.py:461:    perl-Error-1:0.17029-7.el9.0.1.noarch                                   perl-Git-2.52.0-1.el9.noarch                                      
DEBUG util.py:461:    perl-TermReadKey-2.38-11.el9.aarch64                                    perl-lib-0.65-483.el9.aarch64                                     
DEBUG util.py:461:    pesign-115-6.el9_1.rocky.2.aarch64                                      python3-3.9.25-7.el9_8.aarch64                                    
DEBUG util.py:461:    python3-libs-3.9.25-7.el9_8.aarch64                                     python3-pip-wheel-21.3.1-2.el9_8.rocky.0.1.noarch                 
DEBUG util.py:461:    python3-setuptools-wheel-53.0.0-15.el9.noarch                           rocky-sb-certs-9.8-1.1.el9.noarch                                 
DEBUG util.py:461:    zlib-devel-1.2.11-40.el9.aarch64                                       
DEBUG util.py:461:  Complete!
DEBUG util.py:608:  Child return code was: 0
DEBUG util.py:183:  kill orphans in chroot /var/lib/mock/rocky-9-aarch64/root
DEBUG util.py:183:  kill orphans in chroot /var/lib/mock/rocky-9-aarch64-bootstrap/root/var/lib/mock/rocky-9-aarch64/root
DEBUG util.py:634:  child environment: None
DEBUG util.py:556:  Executing command: ['/bin/umount', '-n', '-l', '/var/lib/mock/rocky-9-aarch64-bootstrap/root/var/lib/mock/rocky-9-aarch64/root'] with env {'TERM': 'vt100', 'SHELL': '/bin/sh', 'HOME': '/builddir', 'HOSTNAME': 'mock', 'PATH': '/usr/bin:/bin:/usr/sbin:/sbin', 'LANG': 'C.UTF-8'} and shell False
DEBUG util.py:608:  Child return code was: 0
DEBUG util.py:634:  child environment: None
DEBUG util.py:556:  Executing command: ['/bin/umount', '-n', '-l', '/var/lib/mock/rocky-9-aarch64-bootstrap/root/var/lib/mock/rocky-9-aarch64/root'] with env {'TERM': 'vt100', 'SHELL': '/bin/sh', 'HOME': '/builddir', 'HOSTNAME': 'mock', 'PATH': '/usr/bin:/bin:/usr/sbin:/sbin', 'LANG': 'C.UTF-8'} and shell False
DEBUG util.py:608:  Child return code was: 0
DEBUG file_util.py:18:  ensuring that dir exists: /var/lib/mock/rocky-9-aarch64-bootstrap/root/var/lib/mock/rocky-9-aarch64/root
DEBUG util.py:634:  child environment: None
DEBUG util.py:556:  Executing command: ['/bin/mount', '-n', '-t', 'tmpfs', '-o', 'private,mode=0755', 'tmpfs', '/var/lib/mock/rocky-9-aarch64-bootstrap/root/var/lib/mock/rocky-9-aarch64/root'] with env {'TERM': 'vt100', 'SHELL': '/bin/sh', 'HOME': '/builddir', 'HOSTNAME': 'mock', 'PATH': '/usr/bin:/bin:/usr/sbin:/sbin', 'LANG': 'C.UTF-8'} and shell False
DEBUG util.py:608:  Child return code was: 0
DEBUG file_util.py:18:  ensuring that dir exists: /var/lib/mock/rocky-9-aarch64-bootstrap/root/var/lib/mock/rocky-9-aarch64/root
DEBUG util.py:634:  child environment: None
DEBUG util.py:556:  Executing command: ['/bin/mount', '-n', '-o', 'rbind', '/var/lib/mock/rocky-9-aarch64/root', '/var/lib/mock/rocky-9-aarch64-bootstrap/root/var/lib/mock/rocky-9-aarch64/root'] with env {'TERM': 'vt100', 'SHELL': '/bin/sh', 'HOME': '/builddir', 'HOSTNAME': 'mock', 'PATH': '/usr/bin:/bin:/usr/sbin:/sbin', 'LANG': 'C.UTF-8'} and shell False
DEBUG util.py:608:  Child return code was: 0
DEBUG util.py:634:  child environment: None
DEBUG util.py:556:  Executing command: ['/bin/mount', '-n', '-o', 'remount,private,rbind', '--target', '/var/lib/mock/rocky-9-aarch64-bootstrap/root/var/lib/mock/rocky-9-aarch64/root'] with env {'TERM': 'vt100', 'SHELL': '/bin/sh', 'HOME': '/builddir', 'HOSTNAME': 'mock', 'PATH': '/usr/bin:/bin:/usr/sbin:/sbin', 'LANG': 'C.UTF-8'} and shell False
DEBUG util.py:608:  Child return code was: 0
DEBUG util.py:634:  child environment: None
DEBUG util.py:556:  Executing command: ['/bin/rpm', '-qa', '--root', '/var/lib/mock/rocky-9-aarch64/root'] with env {'TERM': 'vt100', 'SHELL': '/bin/bash', 'HOME': '/builddir', 'HOSTNAME': 'mock', 'PATH': '/usr/bin:/bin:/usr/sbin:/sbin', 'PROMPT_COMMAND': 'printf "\\033]0;<mock-chroot>\\007"', 'PS1': '<mock-chroot> \\s-\\v\\$ ', 'LANG': 'C.UTF-8'} and shell False
DEBUG util.py:461:  gpg-pubkey-350d275d-6279464b
DEBUG util.py:461:  rust-srpm-macros-17-4.el9.noarch
DEBUG util.py:461:  qt5-srpm-macros-5.15.9-1.el9.noarch
DEBUG util.py:461:  perl-srpm-macros-1-41.el9.noarch
DEBUG util.py:461:  openblas-srpm-macros-2-11.el9.noarch
DEBUG util.py:461:  ocaml-srpm-macros-6-6.el9.noarch
DEBUG util.py:461:  ghc-srpm-macros-1.5.0-6.el9.noarch
DEBUG util.py:461:  tzdata-2026a-1.el9.noarch
DEBUG util.py:461:  rocky-gpg-keys-9.8-1.1.el9.noarch
DEBUG util.py:461:  rocky-release-9.8-1.1.el9.noarch
DEBUG util.py:461:  rocky-repos-9.8-1.1.el9.noarch
DEBUG util.py:461:  setup-2.13.7-10.el9.noarch
DEBUG util.py:461:  filesystem-3.16-5.el9.aarch64
DEBUG util.py:461:  basesystem-11-13.el9.0.1.noarch
DEBUG util.py:461:  publicsuffix-list-dafsa-20210518-3.el9.noarch
DEBUG util.py:461:  pkgconf-m4-1.7.3-10.el9.noarch
DEBUG util.py:461:  pcre2-syntax-10.40-6.el9.noarch
DEBUG util.py:461:  ncurses-base-6.2-12.20210508.el9.noarch
DEBUG util.py:461:  ncurses-libs-6.2-12.20210508.el9.aarch64
DEBUG util.py:461:  bash-5.1.8-9.el9.aarch64
DEBUG util.py:461:  libgcc-11.5.0-14.el9.aarch64
DEBUG util.py:461:  glibc-gconv-extra-2.34-266.el9_8.aarch64
DEBUG util.py:461:  glibc-minimal-langpack-2.34-266.el9_8.aarch64
DEBUG util.py:461:  glibc-common-2.34-266.el9_8.aarch64
DEBUG util.py:461:  glibc-2.34-266.el9_8.aarch64
DEBUG util.py:461:  zlib-1.2.11-40.el9.aarch64
DEBUG util.py:461:  xz-libs-5.2.5-8.el9_0.aarch64
DEBUG util.py:461:  bzip2-libs-1.0.8-11.el9.aarch64
DEBUG util.py:461:  libzstd-1.5.5-1.el9.aarch64
DEBUG util.py:461:  elfutils-libelf-0.194-1.el9.rocky.0.1.aarch64
DEBUG util.py:461:  libxcrypt-4.4.18-3.el9.aarch64
DEBUG util.py:461:  libstdc++-11.5.0-14.el9.aarch64
DEBUG util.py:461:  libuuid-2.37.4-25.el9.aarch64
DEBUG util.py:461:  gmp-6.2.0-13.el9.aarch64
DEBUG util.py:461:  libattr-2.5.1-3.el9.aarch64
DEBUG util.py:461:  libacl-2.3.1-4.el9.aarch64
DEBUG util.py:461:  libcap-2.48-10.el9_7.1.aarch64
DEBUG util.py:461:  popt-1.18-8.el9.aarch64
DEBUG util.py:461:  libcom_err-1.46.5-8.el9.aarch64
DEBUG util.py:461:  lz4-libs-1.9.3-5.el9.aarch64
DEBUG util.py:461:  readline-8.1-4.el9.aarch64
DEBUG util.py:461:  crypto-policies-20260224-1.gitea0f072.el9.noarch
DEBUG util.py:461:  mpfr-4.1.0-10.el9.aarch64
DEBUG util.py:461:  dwz-0.16-1.el9.aarch64
DEBUG util.py:461:  unzip-6.0-60.el9_8.aarch64
DEBUG util.py:461:  file-libs-5.39-17.el9.aarch64
DEBUG util.py:461:  file-5.39-17.el9.aarch64
DEBUG util.py:461:  sqlite-libs-3.34.1-9.el9_7.aarch64
DEBUG util.py:461:  alternatives-1.24-2.el9.aarch64
DEBUG util.py:461:  libcap-ng-0.8.2-7.el9.aarch64
DEBUG util.py:461:  audit-libs-3.1.5-8.el9.aarch64
DEBUG util.py:461:  libffi-3.4.2-8.el9.aarch64
DEBUG util.py:461:  libsepol-3.6-3.el9.aarch64
DEBUG util.py:461:  libsigsegv-2.13-4.el9.aarch64
DEBUG util.py:461:  gawk-5.1.0-6.el9.aarch64
DEBUG util.py:461:  libsmartcols-2.37.4-25.el9.aarch64
DEBUG util.py:461:  libtasn1-4.16.0-9.el9.aarch64
DEBUG util.py:461:  p11-kit-0.26.2-1.el9.aarch64
DEBUG util.py:461:  libunistring-0.9.10-15.el9.aarch64
DEBUG util.py:461:  libidn2-2.3.0-7.el9.aarch64
DEBUG util.py:461:  lua-libs-5.4.4-4.el9.aarch64
DEBUG util.py:461:  libpsl-0.21.1-5.el9.aarch64
DEBUG util.py:461:  p11-kit-trust-0.26.2-1.el9.aarch64
DEBUG util.py:461:  zip-3.0-35.el9.aarch64
DEBUG util.py:461:  zstd-1.5.5-1.el9.aarch64
DEBUG util.py:461:  groff-base-1.22.4-10.el9.0.1.aarch64
DEBUG util.py:461:  bzip2-1.0.8-11.el9.aarch64
DEBUG util.py:461:  libxml2-2.9.13-14.el9_7.aarch64
DEBUG util.py:461:  info-6.7-15.el9.aarch64
DEBUG util.py:461:  ed-1.14.2-12.el9.aarch64
DEBUG util.py:461:  cpio-2.13-16.el9.aarch64
DEBUG util.py:461:  diffutils-3.7-12.el9.aarch64
DEBUG util.py:461:  gdbm-libs-1.23-1.el9.aarch64
DEBUG util.py:461:  json-c-0.14-11.el9.aarch64
DEBUG util.py:461:  keyutils-libs-1.6.3-1.el9.aarch64
DEBUG util.py:461:  libbrotli-1.0.9-9.el9_7.aarch64
DEBUG util.py:461:  libdb-5.3.28-57.el9_6.aarch64
DEBUG util.py:461:  libeconf-0.4.1-5.el9.aarch64
DEBUG util.py:461:  libgomp-11.5.0-14.el9.aarch64
DEBUG util.py:461:  libgpg-error-1.42-5.el9.aarch64
DEBUG util.py:461:  libgcrypt-1.10.0-11.el9.aarch64
DEBUG util.py:461:  libnghttp2-1.43.0-6.el9_7.1.aarch64
DEBUG util.py:461:  libpkgconf-1.7.3-10.el9.aarch64
DEBUG util.py:461:  pkgconf-1.7.3-10.el9.aarch64
DEBUG util.py:461:  pkgconf-pkg-config-1.7.3-10.el9.aarch64
DEBUG util.py:461:  libtool-ltdl-2.4.6-46.el9.aarch64
DEBUG util.py:461:  libverto-0.3.2-3.el9.aarch64
DEBUG util.py:461:  ncurses-6.2-12.20210508.el9.aarch64
DEBUG util.py:461:  pcre-8.44-4.el9.aarch64
DEBUG util.py:461:  grep-3.6-5.el9.aarch64
DEBUG util.py:461:  xz-5.2.5-8.el9_0.aarch64
DEBUG util.py:461:  pcre2-10.40-6.el9.aarch64
DEBUG util.py:461:  libselinux-3.6-3.el9.aarch64
DEBUG util.py:461:  sed-4.8-10.el9_8.aarch64
DEBUG util.py:461:  findutils-4.8.0-7.el9.aarch64
DEBUG util.py:461:  libsemanage-3.6-5.el9_6.aarch64
DEBUG util.py:461:  shadow-utils-4.9-16.el9.aarch64
DEBUG util.py:461:  libutempter-1.2.1-6.el9.aarch64
DEBUG util.py:461:  tar-1.34-11.el9.aarch64
DEBUG util.py:461:  patch-2.7.6-16.el9.aarch64
DEBUG util.py:461:  elfutils-default-yama-scope-0.194-1.el9.rocky.0.1.noarch
DEBUG util.py:461:  elfutils-libs-0.194-1.el9.rocky.0.1.aarch64
DEBUG util.py:461:  libssh-config-0.10.4-18.el9.noarch
DEBUG util.py:461:  coreutils-common-8.32-40.el9.aarch64
DEBUG util.py:461:  openssl-fips-provider-3.5.5-2.el9_8.aarch64
DEBUG util.py:461:  openssl-libs-3.5.5-2.el9_8.aarch64
DEBUG util.py:461:  coreutils-8.32-40.el9.aarch64
DEBUG util.py:461:  ca-certificates-2025.2.80_v9.0.305-91.el9.noarch
DEBUG util.py:461:  libblkid-2.37.4-25.el9.aarch64
DEBUG util.py:461:  krb5-libs-1.21.1-10.el9_8.aarch64
DEBUG util.py:461:  libmount-2.37.4-25.el9.aarch64
DEBUG util.py:461:  gzip-1.12-1.el9.aarch64
DEBUG util.py:461:  cracklib-2.9.6-28.el9.aarch64
DEBUG util.py:461:  systemd-libs-252-67.el9.rocky.0.1.aarch64
DEBUG util.py:461:  libarchive-3.5.3-9.el9_7.aarch64
DEBUG util.py:461:  util-linux-core-2.37.4-25.el9.aarch64
DEBUG util.py:461:  cracklib-dicts-2.9.6-28.el9.aarch64
DEBUG util.py:461:  cyrus-sasl-lib-2.1.27-22.el9_7.aarch64
DEBUG util.py:461:  libssh-0.10.4-18.el9.aarch64
DEBUG util.py:461:  libfdisk-2.37.4-25.el9.aarch64
DEBUG util.py:461:  perl-Digest-1.19-4.el9.0.1.noarch
DEBUG util.py:461:  perl-Digest-MD5-2.58-4.el9.aarch64
DEBUG util.py:461:  perl-B-1.80-483.el9.aarch64
DEBUG util.py:461:  perl-FileHandle-2.03-483.el9.noarch
DEBUG util.py:461:  perl-Data-Dumper-2.174-462.el9.aarch64
DEBUG util.py:461:  perl-libnet-3.13-4.el9.noarch
DEBUG util.py:461:  perl-AutoLoader-5.74-483.el9.noarch
DEBUG util.py:461:  perl-base-2.27-483.el9.noarch
DEBUG util.py:461:  perl-URI-5.09-3.el9.0.1.noarch
DEBUG util.py:461:  perl-if-0.60.800-483.el9.noarch
DEBUG util.py:461:  perl-IO-Socket-IP-0.41-5.el9.noarch
DEBUG util.py:461:  perl-Time-Local-1.300-7.el9.noarch
DEBUG util.py:461:  perl-File-Path-2.18-4.el9.noarch
DEBUG util.py:461:  perl-IO-Socket-SSL-2.073-2.el9.noarch
DEBUG util.py:461:  perl-Net-SSLeay-1.94-3.el9.aarch64
DEBUG util.py:461:  perl-Pod-Escapes-1.07-460.el9.0.1.noarch
DEBUG util.py:461:  perl-Text-Tabs+Wrap-2013.0523-460.el9.0.1.noarch
DEBUG util.py:461:  perl-Mozilla-CA-20200520-6.el9.noarch
DEBUG util.py:461:  perl-Class-Struct-0.66-483.el9.noarch
DEBUG util.py:461:  perl-POSIX-1.94-483.el9.aarch64
DEBUG util.py:461:  perl-Term-ANSIColor-5.01-461.el9.0.1.noarch
DEBUG util.py:461:  perl-IPC-Open3-1.21-483.el9.noarch
DEBUG util.py:461:  perl-subs-1.03-483.el9.noarch
DEBUG util.py:461:  perl-File-Temp-0.231.100-4.el9.noarch
DEBUG util.py:461:  perl-Term-Cap-1.17-460.el9.0.1.noarch
DEBUG util.py:461:  perl-Pod-Simple-3.42-4.el9.noarch
DEBUG util.py:461:  perl-HTTP-Tiny-0.076-462.el9.noarch
DEBUG util.py:461:  perl-Socket-2.031-4.el9.aarch64
DEBUG util.py:461:  perl-SelectSaver-1.02-483.el9.noarch
DEBUG util.py:461:  perl-Symbol-1.08-483.el9.noarch
DEBUG util.py:461:  perl-File-stat-1.09-483.el9.noarch
DEBUG util.py:461:  perl-podlators-4.14-460.el9.0.1.noarch
DEBUG util.py:461:  perl-Pod-Perldoc-3.28.01-461.el9.noarch
DEBUG util.py:461:  perl-Fcntl-1.13-483.el9.aarch64
DEBUG util.py:461:  perl-Text-ParseWords-3.30-460.el9.noarch
DEBUG util.py:461:  perl-mro-1.23-483.el9.aarch64
DEBUG util.py:461:  perl-IO-1.43-483.el9.aarch64
DEBUG util.py:461:  perl-overloading-0.02-483.el9.noarch
DEBUG util.py:461:  perl-Pod-Usage-2.01-4.el9.noarch
DEBUG util.py:461:  perl-Errno-1.30-483.el9.aarch64
DEBUG util.py:461:  perl-File-Basename-2.85-483.el9.noarch
DEBUG util.py:461:  perl-Getopt-Std-1.12-483.el9.noarch
DEBUG util.py:461:  perl-MIME-Base64-3.16-4.el9.aarch64
DEBUG util.py:461:  perl-Scalar-List-Utils-1.56-462.el9.aarch64
DEBUG util.py:461:  perl-constant-1.33-461.el9.0.1.noarch
DEBUG util.py:461:  perl-Storable-3.21-460.el9.aarch64
DEBUG util.py:461:  perl-overload-1.31-483.el9.noarch
DEBUG util.py:461:  perl-parent-0.238-460.el9.noarch
DEBUG util.py:461:  perl-vars-1.05-483.el9.noarch
DEBUG util.py:461:  perl-Getopt-Long-2.52-4.el9.noarch
DEBUG util.py:461:  perl-Carp-1.50-460.el9.0.1.noarch
DEBUG util.py:461:  perl-Exporter-5.74-461.el9.noarch
DEBUG util.py:461:  perl-PathTools-3.78-461.el9.aarch64
DEBUG util.py:461:  perl-Encode-3.08-462.el9.aarch64
DEBUG util.py:461:  perl-libs-5.32.1-483.el9.aarch64
DEBUG util.py:461:  perl-interpreter-5.32.1-483.el9.aarch64
DEBUG util.py:461:  kernel-srpm-macros-1.0-14.el9.noarch
DEBUG util.py:461:  openssl-3.5.5-2.el9_8.aarch64
DEBUG util.py:461:  libpwquality-1.4.4-8.el9.aarch64
DEBUG util.py:461:  pam-1.5.1-28.el9.aarch64
DEBUG util.py:461:  libevent-2.1.12-8.el9_4.aarch64
DEBUG util.py:461:  openldap-2.6.8-4.el9.0.1.aarch64
DEBUG util.py:461:  libcurl-7.76.1-40.el9.aarch64
DEBUG util.py:461:  elfutils-debuginfod-client-0.194-1.el9.rocky.0.1.aarch64
DEBUG util.py:461:  binutils-gold-2.35.2-72.el9.aarch64
DEBUG util.py:461:  binutils-2.35.2-72.el9.aarch64
DEBUG util.py:461:  elfutils-0.194-1.el9.rocky.0.1.aarch64
DEBUG util.py:461:  gdb-minimal-16.3-3.el9.aarch64
DEBUG util.py:461:  debugedit-5.0-11.el9.aarch64
DEBUG util.py:461:  curl-7.76.1-40.el9.aarch64
DEBUG util.py:461:  rpm-4.16.1.3-40.el9.aarch64
DEBUG util.py:461:  rpm-libs-4.16.1.3-40.el9.aarch64
DEBUG util.py:461:  rpm-build-libs-4.16.1.3-40.el9.aarch64
DEBUG util.py:461:  efi-srpm-macros-6-4.el9.noarch
DEBUG util.py:461:  lua-srpm-macros-1-6.el9.noarch
DEBUG util.py:461:  fonts-srpm-macros-2.0.5-7.el9.1.noarch
DEBUG util.py:461:  go-srpm-macros-3.8.1-1.el9.noarch
DEBUG util.py:461:  python-srpm-macros-3.9-54.el9.noarch
DEBUG util.py:461:  pyproject-srpm-macros-1.18.5-1.el9.noarch
DEBUG util.py:461:  redhat-rpm-config-210-1.el9.noarch
DEBUG util.py:461:  rpm-build-4.16.1.3-40.el9.aarch64
DEBUG util.py:461:  util-linux-2.37.4-25.el9.aarch64
DEBUG util.py:461:  which-2.21-30.el9_6.aarch64
DEBUG util.py:461:  nspr-4.36.0-8.el9.aarch64
DEBUG util.py:461:  nss-util-3.112.0-8.el9.aarch64
DEBUG util.py:461:  libmpc-1.2.1-4.el9.aarch64
DEBUG util.py:461:  libedit-3.1-39.20210216cvs.el9.aarch64
DEBUG util.py:461:  expat-2.5.0-6.el9.aarch64
DEBUG util.py:461:  cpp-11.5.0-14.el9.aarch64
DEBUG util.py:461:  nss-softokn-freebl-3.112.0-8.el9.aarch64
DEBUG util.py:461:  nss-softokn-3.112.0-8.el9.aarch64
DEBUG util.py:461:  zlib-devel-1.2.11-40.el9.aarch64
DEBUG util.py:461:  perl-lib-0.65-483.el9.aarch64
DEBUG util.py:461:  perl-Error-0.17029-7.el9.0.1.noarch
DEBUG util.py:461:  perl-DynaLoader-1.47-483.el9.aarch64
DEBUG util.py:461:  perl-TermReadKey-2.38-11.el9.aarch64
DEBUG util.py:461:  llvm-filesystem-21.1.8-2.el9.aarch64
DEBUG util.py:461:  llvm-libs-21.1.8-2.el9.aarch64
DEBUG util.py:461:  libzstd-devel-1.5.5-1.el9.aarch64
DEBUG util.py:461:  libubsan-11.5.0-14.el9.aarch64
DEBUG util.py:461:  libasan-11.5.0-14.el9.aarch64
DEBUG util.py:461:  kernel-headers-5.14.0-687.10.1.el9_8.0.1.aarch64
DEBUG util.py:461:  libxcrypt-devel-4.4.18-3.el9.aarch64
DEBUG util.py:461:  glibc-devel-2.34-266.el9_8.aarch64
DEBUG util.py:461:  python3-setuptools-wheel-53.0.0-15.el9.noarch
DEBUG util.py:461:  python3-pip-wheel-21.3.1-2.el9_8.rocky.0.1.noarch
DEBUG util.py:461:  python3-3.9.25-7.el9_8.aarch64
DEBUG util.py:461:  python3-libs-3.9.25-7.el9_8.aarch64
DEBUG util.py:461:  crypto-policies-scripts-20260224-1.gitea0f072.el9.noarch
DEBUG util.py:461:  nss-sysinit-3.112.0-8.el9.aarch64
DEBUG util.py:461:  nss-3.112.0-8.el9.aarch64
DEBUG util.py:461:  nss-tools-3.112.0-8.el9.aarch64
DEBUG util.py:461:  openssh-9.9p1-7.el9_8.rocky.0.1.aarch64
DEBUG util.py:461:  make-4.3-8.el9.aarch64
DEBUG util.py:461:  libcbor-0.7.0-5.el9.aarch64
DEBUG util.py:461:  libfido2-1.13.0-2.el9.aarch64
DEBUG util.py:461:  openssh-clients-9.9p1-7.el9_8.rocky.0.1.aarch64
DEBUG util.py:461:  libatomic-11.5.0-14.el9.aarch64
DEBUG util.py:461:  gcc-11.5.0-14.el9.aarch64
DEBUG util.py:461:  less-590-6.el9.aarch64
DEBUG util.py:461:  git-core-2.52.0-1.el9.aarch64
DEBUG util.py:461:  git-core-doc-2.52.0-1.el9.noarch
DEBUG util.py:461:  perl-Git-2.52.0-1.el9.noarch
DEBUG util.py:461:  git-2.52.0-1.el9.aarch64
DEBUG util.py:461:  efivar-libs-38-3.el9.aarch64
DEBUG util.py:461:  pesign-115-6.el9_1.rocky.2.aarch64
DEBUG util.py:461:  annobin-12.98-2.el9.aarch64
DEBUG util.py:461:  gcc-plugin-annobin-11.5.0-14.el9.aarch64
DEBUG util.py:461:  elfutils-libelf-devel-0.194-1.el9.rocky.0.1.aarch64
DEBUG util.py:461:  rocky-sb-certs-9.8-1.1.el9.noarch
DEBUG util.py:461:  openssl-devel-3.5.5-2.el9_8.aarch64
DEBUG util.py:461:  dos2unix-7.4.2-4.el9.aarch64
DEBUG util.py:608:  Child return code was: 0
DEBUG util.py:183:  kill orphans in chroot /var/lib/mock/rocky-9-aarch64/root
DEBUG util.py:183:  kill orphans in chroot /var/lib/mock/rocky-9-aarch64-bootstrap/root/var/lib/mock/rocky-9-aarch64/root
DEBUG util.py:634:  child environment: None
DEBUG util.py:556:  Executing command: ['/bin/umount', '-n', '-l', '/var/lib/mock/rocky-9-aarch64-bootstrap/root/var/lib/mock/rocky-9-aarch64/root'] with env {'TERM': 'vt100', 'SHELL': '/bin/sh', 'HOME': '/builddir', 'HOSTNAME': 'mock', 'PATH': '/usr/bin:/bin:/usr/sbin:/sbin', 'LANG': 'C.UTF-8'} and shell False
DEBUG util.py:608:  Child return code was: 0
DEBUG util.py:634:  child environment: None
DEBUG util.py:556:  Executing command: ['/bin/umount', '-n', '-l', '/var/lib/mock/rocky-9-aarch64-bootstrap/root/var/lib/mock/rocky-9-aarch64/root'] with env {'TERM': 'vt100', 'SHELL': '/bin/sh', 'HOME': '/builddir', 'HOSTNAME': 'mock', 'PATH': '/usr/bin:/bin:/usr/sbin:/sbin', 'LANG': 'C.UTF-8'} and shell False
DEBUG util.py:608:  Child return code was: 0
DEBUG file_util.py:18:  ensuring that dir exists: /var/lib/mock/rocky-9-aarch64-bootstrap/root/var/lib/mock/rocky-9-aarch64/root
DEBUG util.py:634:  child environment: None
DEBUG util.py:556:  Executing command: ['/bin/mount', '-n', '-t', 'tmpfs', '-o', 'private,mode=0755', 'tmpfs', '/var/lib/mock/rocky-9-aarch64-bootstrap/root/var/lib/mock/rocky-9-aarch64/root'] with env {'TERM': 'vt100', 'SHELL': '/bin/sh', 'HOME': '/builddir', 'HOSTNAME': 'mock', 'PATH': '/usr/bin:/bin:/usr/sbin:/sbin', 'LANG': 'C.UTF-8'} and shell False
DEBUG util.py:608:  Child return code was: 0
DEBUG file_util.py:18:  ensuring that dir exists: /var/lib/mock/rocky-9-aarch64-bootstrap/root/var/lib/mock/rocky-9-aarch64/root
DEBUG util.py:634:  child environment: None
DEBUG util.py:556:  Executing command: ['/bin/mount', '-n', '-o', 'rbind', '/var/lib/mock/rocky-9-aarch64/root', '/var/lib/mock/rocky-9-aarch64-bootstrap/root/var/lib/mock/rocky-9-aarch64/root'] with env {'TERM': 'vt100', 'SHELL': '/bin/sh', 'HOME': '/builddir', 'HOSTNAME': 'mock', 'PATH': '/usr/bin:/bin:/usr/sbin:/sbin', 'LANG': 'C.UTF-8'} and shell False
DEBUG util.py:608:  Child return code was: 0
DEBUG util.py:634:  child environment: None
DEBUG util.py:556:  Executing command: ['/bin/mount', '-n', '-o', 'remount,private,rbind', '--target', '/var/lib/mock/rocky-9-aarch64-bootstrap/root/var/lib/mock/rocky-9-aarch64/root'] with env {'TERM': 'vt100', 'SHELL': '/bin/sh', 'HOME': '/builddir', 'HOSTNAME': 'mock', 'PATH': '/usr/bin:/bin:/usr/sbin:/sbin', 'LANG': 'C.UTF-8'} and shell False
DEBUG util.py:608:  Child return code was: 0
DEBUG util.py:634:  child environment: None
DEBUG util.py:556:  Executing command: ['/bin/rpm', '-qa', '--root', '/var/lib/mock/rocky-9-aarch64/root'] with env {'TERM': 'vt100', 'SHELL': '/bin/bash', 'HOME': '/builddir', 'HOSTNAME': 'mock', 'PATH': '/usr/bin:/bin:/usr/sbin:/sbin', 'PROMPT_COMMAND': 'printf "\\033]0;<mock-chroot>\\007"', 'PS1': '<mock-chroot> \\s-\\v\\$ ', 'LANG': 'C.UTF-8'} and shell False
DEBUG util.py:461:  gpg-pubkey-350d275d-6279464b
DEBUG util.py:461:  rust-srpm-macros-17-4.el9.noarch
DEBUG util.py:461:  qt5-srpm-macros-5.15.9-1.el9.noarch
DEBUG util.py:461:  perl-srpm-macros-1-41.el9.noarch
DEBUG util.py:461:  openblas-srpm-macros-2-11.el9.noarch
DEBUG util.py:461:  ocaml-srpm-macros-6-6.el9.noarch
DEBUG util.py:461:  ghc-srpm-macros-1.5.0-6.el9.noarch
DEBUG util.py:461:  tzdata-2026a-1.el9.noarch
DEBUG util.py:461:  rocky-gpg-keys-9.8-1.1.el9.noarch
DEBUG util.py:461:  rocky-release-9.8-1.1.el9.noarch
DEBUG util.py:461:  rocky-repos-9.8-1.1.el9.noarch
DEBUG util.py:461:  setup-2.13.7-10.el9.noarch
DEBUG util.py:461:  filesystem-3.16-5.el9.aarch64
DEBUG util.py:461:  basesystem-11-13.el9.0.1.noarch
DEBUG util.py:461:  publicsuffix-list-dafsa-20210518-3.el9.noarch
DEBUG util.py:461:  pkgconf-m4-1.7.3-10.el9.noarch
DEBUG util.py:461:  pcre2-syntax-10.40-6.el9.noarch
DEBUG util.py:461:  ncurses-base-6.2-12.20210508.el9.noarch
DEBUG util.py:461:  ncurses-libs-6.2-12.20210508.el9.aarch64
DEBUG util.py:461:  bash-5.1.8-9.el9.aarch64
DEBUG util.py:461:  libgcc-11.5.0-14.el9.aarch64
DEBUG util.py:461:  glibc-gconv-extra-2.34-266.el9_8.aarch64
DEBUG util.py:461:  glibc-minimal-langpack-2.34-266.el9_8.aarch64
DEBUG util.py:461:  glibc-common-2.34-266.el9_8.aarch64
DEBUG util.py:461:  glibc-2.34-266.el9_8.aarch64
DEBUG util.py:461:  zlib-1.2.11-40.el9.aarch64
DEBUG util.py:461:  xz-libs-5.2.5-8.el9_0.aarch64
DEBUG util.py:461:  bzip2-libs-1.0.8-11.el9.aarch64
DEBUG util.py:461:  libzstd-1.5.5-1.el9.aarch64
DEBUG util.py:461:  elfutils-libelf-0.194-1.el9.rocky.0.1.aarch64
DEBUG util.py:461:  libxcrypt-4.4.18-3.el9.aarch64
DEBUG util.py:461:  libstdc++-11.5.0-14.el9.aarch64
DEBUG util.py:461:  libuuid-2.37.4-25.el9.aarch64
DEBUG util.py:461:  gmp-6.2.0-13.el9.aarch64
DEBUG util.py:461:  libattr-2.5.1-3.el9.aarch64
DEBUG util.py:461:  libacl-2.3.1-4.el9.aarch64
DEBUG util.py:461:  libcap-2.48-10.el9_7.1.aarch64
DEBUG util.py:461:  popt-1.18-8.el9.aarch64
DEBUG util.py:461:  libcom_err-1.46.5-8.el9.aarch64
DEBUG util.py:461:  lz4-libs-1.9.3-5.el9.aarch64
DEBUG util.py:461:  readline-8.1-4.el9.aarch64
DEBUG util.py:461:  crypto-policies-20260224-1.gitea0f072.el9.noarch
DEBUG util.py:461:  mpfr-4.1.0-10.el9.aarch64
DEBUG util.py:461:  dwz-0.16-1.el9.aarch64
DEBUG util.py:461:  unzip-6.0-60.el9_8.aarch64
DEBUG util.py:461:  file-libs-5.39-17.el9.aarch64
DEBUG util.py:461:  file-5.39-17.el9.aarch64
DEBUG util.py:461:  sqlite-libs-3.34.1-9.el9_7.aarch64
DEBUG util.py:461:  alternatives-1.24-2.el9.aarch64
DEBUG util.py:461:  libcap-ng-0.8.2-7.el9.aarch64
DEBUG util.py:461:  audit-libs-3.1.5-8.el9.aarch64
DEBUG util.py:461:  libffi-3.4.2-8.el9.aarch64
DEBUG util.py:461:  libsepol-3.6-3.el9.aarch64
DEBUG util.py:461:  libsigsegv-2.13-4.el9.aarch64
DEBUG util.py:461:  gawk-5.1.0-6.el9.aarch64
DEBUG util.py:461:  libsmartcols-2.37.4-25.el9.aarch64
DEBUG util.py:461:  libtasn1-4.16.0-9.el9.aarch64
DEBUG util.py:461:  p11-kit-0.26.2-1.el9.aarch64
DEBUG util.py:461:  libunistring-0.9.10-15.el9.aarch64
DEBUG util.py:461:  libidn2-2.3.0-7.el9.aarch64
DEBUG util.py:461:  lua-libs-5.4.4-4.el9.aarch64
DEBUG util.py:461:  libpsl-0.21.1-5.el9.aarch64
DEBUG util.py:461:  p11-kit-trust-0.26.2-1.el9.aarch64
DEBUG util.py:461:  zip-3.0-35.el9.aarch64
DEBUG util.py:461:  zstd-1.5.5-1.el9.aarch64
DEBUG util.py:461:  groff-base-1.22.4-10.el9.0.1.aarch64
DEBUG util.py:461:  bzip2-1.0.8-11.el9.aarch64
DEBUG util.py:461:  libxml2-2.9.13-14.el9_7.aarch64
DEBUG util.py:461:  info-6.7-15.el9.aarch64
DEBUG util.py:461:  ed-1.14.2-12.el9.aarch64
DEBUG util.py:461:  cpio-2.13-16.el9.aarch64
DEBUG util.py:461:  diffutils-3.7-12.el9.aarch64
DEBUG util.py:461:  gdbm-libs-1.23-1.el9.aarch64
DEBUG util.py:461:  json-c-0.14-11.el9.aarch64
DEBUG util.py:461:  keyutils-libs-1.6.3-1.el9.aarch64
DEBUG util.py:461:  libbrotli-1.0.9-9.el9_7.aarch64
DEBUG util.py:461:  libdb-5.3.28-57.el9_6.aarch64
DEBUG util.py:461:  libeconf-0.4.1-5.el9.aarch64
DEBUG util.py:461:  libgomp-11.5.0-14.el9.aarch64
DEBUG util.py:461:  libgpg-error-1.42-5.el9.aarch64
DEBUG util.py:461:  libgcrypt-1.10.0-11.el9.aarch64
DEBUG util.py:461:  libnghttp2-1.43.0-6.el9_7.1.aarch64
DEBUG util.py:461:  libpkgconf-1.7.3-10.el9.aarch64
DEBUG util.py:461:  pkgconf-1.7.3-10.el9.aarch64
DEBUG util.py:461:  pkgconf-pkg-config-1.7.3-10.el9.aarch64
DEBUG util.py:461:  libtool-ltdl-2.4.6-46.el9.aarch64
DEBUG util.py:461:  libverto-0.3.2-3.el9.aarch64
DEBUG util.py:461:  ncurses-6.2-12.20210508.el9.aarch64
DEBUG util.py:461:  pcre-8.44-4.el9.aarch64
DEBUG util.py:461:  grep-3.6-5.el9.aarch64
DEBUG util.py:461:  xz-5.2.5-8.el9_0.aarch64
DEBUG util.py:461:  pcre2-10.40-6.el9.aarch64
DEBUG util.py:461:  libselinux-3.6-3.el9.aarch64
DEBUG util.py:461:  sed-4.8-10.el9_8.aarch64
DEBUG util.py:461:  findutils-4.8.0-7.el9.aarch64
DEBUG util.py:461:  libsemanage-3.6-5.el9_6.aarch64
DEBUG util.py:461:  shadow-utils-4.9-16.el9.aarch64
DEBUG util.py:461:  libutempter-1.2.1-6.el9.aarch64
DEBUG util.py:461:  tar-1.34-11.el9.aarch64
DEBUG util.py:461:  patch-2.7.6-16.el9.aarch64
DEBUG util.py:461:  elfutils-default-yama-scope-0.194-1.el9.rocky.0.1.noarch
DEBUG util.py:461:  elfutils-libs-0.194-1.el9.rocky.0.1.aarch64
DEBUG util.py:461:  libssh-config-0.10.4-18.el9.noarch
DEBUG util.py:461:  coreutils-common-8.32-40.el9.aarch64
DEBUG util.py:461:  openssl-fips-provider-3.5.5-2.el9_8.aarch64
DEBUG util.py:461:  openssl-libs-3.5.5-2.el9_8.aarch64
DEBUG util.py:461:  coreutils-8.32-40.el9.aarch64
DEBUG util.py:461:  ca-certificates-2025.2.80_v9.0.305-91.el9.noarch
DEBUG util.py:461:  libblkid-2.37.4-25.el9.aarch64
DEBUG util.py:461:  krb5-libs-1.21.1-10.el9_8.aarch64
DEBUG util.py:461:  libmount-2.37.4-25.el9.aarch64
DEBUG util.py:461:  gzip-1.12-1.el9.aarch64
DEBUG util.py:461:  cracklib-2.9.6-28.el9.aarch64
DEBUG util.py:461:  systemd-libs-252-67.el9.rocky.0.1.aarch64
DEBUG util.py:461:  libarchive-3.5.3-9.el9_7.aarch64
DEBUG util.py:461:  util-linux-core-2.37.4-25.el9.aarch64
DEBUG util.py:461:  cracklib-dicts-2.9.6-28.el9.aarch64
DEBUG util.py:461:  cyrus-sasl-lib-2.1.27-22.el9_7.aarch64
DEBUG util.py:461:  libssh-0.10.4-18.el9.aarch64
DEBUG util.py:461:  libfdisk-2.37.4-25.el9.aarch64
DEBUG util.py:461:  perl-Digest-1.19-4.el9.0.1.noarch
DEBUG util.py:461:  perl-Digest-MD5-2.58-4.el9.aarch64
DEBUG util.py:461:  perl-B-1.80-483.el9.aarch64
DEBUG util.py:461:  perl-FileHandle-2.03-483.el9.noarch
DEBUG util.py:461:  perl-Data-Dumper-2.174-462.el9.aarch64
DEBUG util.py:461:  perl-libnet-3.13-4.el9.noarch
DEBUG util.py:461:  perl-AutoLoader-5.74-483.el9.noarch
DEBUG util.py:461:  perl-base-2.27-483.el9.noarch
DEBUG util.py:461:  perl-URI-5.09-3.el9.0.1.noarch
DEBUG util.py:461:  perl-if-0.60.800-483.el9.noarch
DEBUG util.py:461:  perl-IO-Socket-IP-0.41-5.el9.noarch
DEBUG util.py:461:  perl-Time-Local-1.300-7.el9.noarch
DEBUG util.py:461:  perl-File-Path-2.18-4.el9.noarch
DEBUG util.py:461:  perl-IO-Socket-SSL-2.073-2.el9.noarch
DEBUG util.py:461:  perl-Net-SSLeay-1.94-3.el9.aarch64
DEBUG util.py:461:  perl-Pod-Escapes-1.07-460.el9.0.1.noarch
DEBUG util.py:461:  perl-Text-Tabs+Wrap-2013.0523-460.el9.0.1.noarch
DEBUG util.py:461:  perl-Mozilla-CA-20200520-6.el9.noarch
DEBUG util.py:461:  perl-Class-Struct-0.66-483.el9.noarch
DEBUG util.py:461:  perl-POSIX-1.94-483.el9.aarch64
DEBUG util.py:461:  perl-Term-ANSIColor-5.01-461.el9.0.1.noarch
DEBUG util.py:461:  perl-IPC-Open3-1.21-483.el9.noarch
DEBUG util.py:461:  perl-subs-1.03-483.el9.noarch
DEBUG util.py:461:  perl-File-Temp-0.231.100-4.el9.noarch
DEBUG util.py:461:  perl-Term-Cap-1.17-460.el9.0.1.noarch
DEBUG util.py:461:  perl-Pod-Simple-3.42-4.el9.noarch
DEBUG util.py:461:  perl-HTTP-Tiny-0.076-462.el9.noarch
DEBUG util.py:461:  perl-Socket-2.031-4.el9.aarch64
DEBUG util.py:461:  perl-SelectSaver-1.02-483.el9.noarch
DEBUG util.py:461:  perl-Symbol-1.08-483.el9.noarch
DEBUG util.py:461:  perl-File-stat-1.09-483.el9.noarch
DEBUG util.py:461:  perl-podlators-4.14-460.el9.0.1.noarch
DEBUG util.py:461:  perl-Pod-Perldoc-3.28.01-461.el9.noarch
DEBUG util.py:461:  perl-Fcntl-1.13-483.el9.aarch64
DEBUG util.py:461:  perl-Text-ParseWords-3.30-460.el9.noarch
DEBUG util.py:461:  perl-mro-1.23-483.el9.aarch64
DEBUG util.py:461:  perl-IO-1.43-483.el9.aarch64
DEBUG util.py:461:  perl-overloading-0.02-483.el9.noarch
DEBUG util.py:461:  perl-Pod-Usage-2.01-4.el9.noarch
DEBUG util.py:461:  perl-Errno-1.30-483.el9.aarch64
DEBUG util.py:461:  perl-File-Basename-2.85-483.el9.noarch
DEBUG util.py:461:  perl-Getopt-Std-1.12-483.el9.noarch
DEBUG util.py:461:  perl-MIME-Base64-3.16-4.el9.aarch64
DEBUG util.py:461:  perl-Scalar-List-Utils-1.56-462.el9.aarch64
DEBUG util.py:461:  perl-constant-1.33-461.el9.0.1.noarch
DEBUG util.py:461:  perl-Storable-3.21-460.el9.aarch64
DEBUG util.py:461:  perl-overload-1.31-483.el9.noarch
DEBUG util.py:461:  perl-parent-0.238-460.el9.noarch
DEBUG util.py:461:  perl-vars-1.05-483.el9.noarch
DEBUG util.py:461:  perl-Getopt-Long-2.52-4.el9.noarch
DEBUG util.py:461:  perl-Carp-1.50-460.el9.0.1.noarch
DEBUG util.py:461:  perl-Exporter-5.74-461.el9.noarch
DEBUG util.py:461:  perl-PathTools-3.78-461.el9.aarch64
DEBUG util.py:461:  perl-Encode-3.08-462.el9.aarch64
DEBUG util.py:461:  perl-libs-5.32.1-483.el9.aarch64
DEBUG util.py:461:  perl-interpreter-5.32.1-483.el9.aarch64
DEBUG util.py:461:  kernel-srpm-macros-1.0-14.el9.noarch
DEBUG util.py:461:  openssl-3.5.5-2.el9_8.aarch64
DEBUG util.py:461:  libpwquality-1.4.4-8.el9.aarch64
DEBUG util.py:461:  pam-1.5.1-28.el9.aarch64
DEBUG util.py:461:  libevent-2.1.12-8.el9_4.aarch64
DEBUG util.py:461:  openldap-2.6.8-4.el9.0.1.aarch64
DEBUG util.py:461:  libcurl-7.76.1-40.el9.aarch64
DEBUG util.py:461:  elfutils-debuginfod-client-0.194-1.el9.rocky.0.1.aarch64
DEBUG util.py:461:  binutils-gold-2.35.2-72.el9.aarch64
DEBUG util.py:461:  binutils-2.35.2-72.el9.aarch64
DEBUG util.py:461:  elfutils-0.194-1.el9.rocky.0.1.aarch64
DEBUG util.py:461:  gdb-minimal-16.3-3.el9.aarch64
DEBUG util.py:461:  debugedit-5.0-11.el9.aarch64
DEBUG util.py:461:  curl-7.76.1-40.el9.aarch64
DEBUG util.py:461:  rpm-4.16.1.3-40.el9.aarch64
DEBUG util.py:461:  rpm-libs-4.16.1.3-40.el9.aarch64
DEBUG util.py:461:  rpm-build-libs-4.16.1.3-40.el9.aarch64
DEBUG util.py:461:  efi-srpm-macros-6-4.el9.noarch
DEBUG util.py:461:  lua-srpm-macros-1-6.el9.noarch
DEBUG util.py:461:  fonts-srpm-macros-2.0.5-7.el9.1.noarch
DEBUG util.py:461:  go-srpm-macros-3.8.1-1.el9.noarch
DEBUG util.py:461:  python-srpm-macros-3.9-54.el9.noarch
DEBUG util.py:461:  pyproject-srpm-macros-1.18.5-1.el9.noarch
DEBUG util.py:461:  redhat-rpm-config-210-1.el9.noarch
DEBUG util.py:461:  rpm-build-4.16.1.3-40.el9.aarch64
DEBUG util.py:461:  util-linux-2.37.4-25.el9.aarch64
DEBUG util.py:461:  which-2.21-30.el9_6.aarch64
DEBUG util.py:461:  nspr-4.36.0-8.el9.aarch64
DEBUG util.py:461:  nss-util-3.112.0-8.el9.aarch64
DEBUG util.py:461:  libmpc-1.2.1-4.el9.aarch64
DEBUG util.py:461:  libedit-3.1-39.20210216cvs.el9.aarch64
DEBUG util.py:461:  expat-2.5.0-6.el9.aarch64
DEBUG util.py:461:  cpp-11.5.0-14.el9.aarch64
DEBUG util.py:461:  nss-softokn-freebl-3.112.0-8.el9.aarch64
DEBUG util.py:461:  nss-softokn-3.112.0-8.el9.aarch64
DEBUG util.py:461:  zlib-devel-1.2.11-40.el9.aarch64
DEBUG util.py:461:  perl-lib-0.65-483.el9.aarch64
DEBUG util.py:461:  perl-Error-0.17029-7.el9.0.1.noarch
DEBUG util.py:461:  perl-DynaLoader-1.47-483.el9.aarch64
DEBUG util.py:461:  perl-TermReadKey-2.38-11.el9.aarch64
DEBUG util.py:461:  llvm-filesystem-21.1.8-2.el9.aarch64
DEBUG util.py:461:  llvm-libs-21.1.8-2.el9.aarch64
DEBUG util.py:461:  libzstd-devel-1.5.5-1.el9.aarch64
DEBUG util.py:461:  libubsan-11.5.0-14.el9.aarch64
DEBUG util.py:461:  libasan-11.5.0-14.el9.aarch64
DEBUG util.py:461:  kernel-headers-5.14.0-687.10.1.el9_8.0.1.aarch64
DEBUG util.py:461:  libxcrypt-devel-4.4.18-3.el9.aarch64
DEBUG util.py:461:  glibc-devel-2.34-266.el9_8.aarch64
DEBUG util.py:461:  python3-setuptools-wheel-53.0.0-15.el9.noarch
DEBUG util.py:461:  python3-pip-wheel-21.3.1-2.el9_8.rocky.0.1.noarch
DEBUG util.py:461:  python3-3.9.25-7.el9_8.aarch64
DEBUG util.py:461:  python3-libs-3.9.25-7.el9_8.aarch64
DEBUG util.py:461:  crypto-policies-scripts-20260224-1.gitea0f072.el9.noarch
DEBUG util.py:461:  nss-sysinit-3.112.0-8.el9.aarch64
DEBUG util.py:461:  nss-3.112.0-8.el9.aarch64
DEBUG util.py:461:  nss-tools-3.112.0-8.el9.aarch64
DEBUG util.py:461:  openssh-9.9p1-7.el9_8.rocky.0.1.aarch64
DEBUG util.py:461:  make-4.3-8.el9.aarch64
DEBUG util.py:461:  libcbor-0.7.0-5.el9.aarch64
DEBUG util.py:461:  libfido2-1.13.0-2.el9.aarch64
DEBUG util.py:461:  openssh-clients-9.9p1-7.el9_8.rocky.0.1.aarch64
DEBUG util.py:461:  libatomic-11.5.0-14.el9.aarch64
DEBUG util.py:461:  gcc-11.5.0-14.el9.aarch64
DEBUG util.py:461:  less-590-6.el9.aarch64
DEBUG util.py:461:  git-core-2.52.0-1.el9.aarch64
DEBUG util.py:461:  git-core-doc-2.52.0-1.el9.noarch
DEBUG util.py:461:  perl-Git-2.52.0-1.el9.noarch
DEBUG util.py:461:  git-2.52.0-1.el9.aarch64
DEBUG util.py:461:  efivar-libs-38-3.el9.aarch64
DEBUG util.py:461:  pesign-115-6.el9_1.rocky.2.aarch64
DEBUG util.py:461:  annobin-12.98-2.el9.aarch64
DEBUG util.py:461:  gcc-plugin-annobin-11.5.0-14.el9.aarch64
DEBUG util.py:461:  elfutils-libelf-devel-0.194-1.el9.rocky.0.1.aarch64
DEBUG util.py:461:  rocky-sb-certs-9.8-1.1.el9.noarch
DEBUG util.py:461:  openssl-devel-3.5.5-2.el9_8.aarch64
DEBUG util.py:461:  dos2unix-7.4.2-4.el9.aarch64
DEBUG util.py:608:  Child return code was: 0
DEBUG util.py:183:  kill orphans in chroot /var/lib/mock/rocky-9-aarch64/root
DEBUG util.py:183:  kill orphans in chroot /var/lib/mock/rocky-9-aarch64-bootstrap/root/var/lib/mock/rocky-9-aarch64/root
DEBUG util.py:634:  child environment: None
DEBUG util.py:556:  Executing command: ['/bin/umount', '-n', '-l', '/var/lib/mock/rocky-9-aarch64-bootstrap/root/var/lib/mock/rocky-9-aarch64/root'] with env {'TERM': 'vt100', 'SHELL': '/bin/sh', 'HOME': '/builddir', 'HOSTNAME': 'mock', 'PATH': '/usr/bin:/bin:/usr/sbin:/sbin', 'LANG': 'C.UTF-8'} and shell False
DEBUG util.py:608:  Child return code was: 0
DEBUG util.py:634:  child environment: None
DEBUG util.py:556:  Executing command: ['/bin/umount', '-n', '-l', '/var/lib/mock/rocky-9-aarch64-bootstrap/root/var/lib/mock/rocky-9-aarch64/root'] with env {'TERM': 'vt100', 'SHELL': '/bin/sh', 'HOME': '/builddir', 'HOSTNAME': 'mock', 'PATH': '/usr/bin:/bin:/usr/sbin:/sbin', 'LANG': 'C.UTF-8'} and shell False
DEBUG util.py:608:  Child return code was: 0
DEBUG util.py:634:  child environment: None
DEBUG file_util.py:18:  ensuring that dir exists: /var/lib/mock/rocky-9-aarch64-bootstrap/root/var/lib/mock/rocky-9-aarch64/root
DEBUG util.py:634:  child environment: None
DEBUG util.py:556:  Executing command: ['/bin/mount', '-n', '-t', 'tmpfs', '-o', 'private,mode=0755', 'tmpfs', '/var/lib/mock/rocky-9-aarch64-bootstrap/root/var/lib/mock/rocky-9-aarch64/root'] with env {'TERM': 'vt100', 'SHELL': '/bin/sh', 'HOME': '/builddir', 'HOSTNAME': 'mock', 'PATH': '/usr/bin:/bin:/usr/sbin:/sbin', 'LANG': 'C.UTF-8'} and shell False
DEBUG util.py:608:  Child return code was: 0
DEBUG file_util.py:18:  ensuring that dir exists: /var/lib/mock/rocky-9-aarch64-bootstrap/root/var/lib/mock/rocky-9-aarch64/root
DEBUG util.py:634:  child environment: None
DEBUG util.py:556:  Executing command: ['/bin/mount', '-n', '-o', 'rbind', '/var/lib/mock/rocky-9-aarch64/root', '/var/lib/mock/rocky-9-aarch64-bootstrap/root/var/lib/mock/rocky-9-aarch64/root'] with env {'TERM': 'vt100', 'SHELL': '/bin/sh', 'HOME': '/builddir', 'HOSTNAME': 'mock', 'PATH': '/usr/bin:/bin:/usr/sbin:/sbin', 'LANG': 'C.UTF-8'} and shell False
DEBUG util.py:608:  Child return code was: 0
DEBUG util.py:634:  child environment: None
DEBUG util.py:556:  Executing command: ['/bin/mount', '-n', '-o', 'remount,private,rbind', '--target', '/var/lib/mock/rocky-9-aarch64-bootstrap/root/var/lib/mock/rocky-9-aarch64/root'] with env {'TERM': 'vt100', 'SHELL': '/bin/sh', 'HOME': '/builddir', 'HOSTNAME': 'mock', 'PATH': '/usr/bin:/bin:/usr/sbin:/sbin', 'LANG': 'C.UTF-8'} and shell False
DEBUG util.py:608:  Child return code was: 0
DEBUG file_util.py:18:  ensuring that dir exists: /var/lib/mock/rocky-9-aarch64/root/installation-homedir
DEBUG package_manager.py:295:  ['/usr/bin/dnf-3', 'builddep', '--installroot', '/var/lib/mock/rocky-9-aarch64/root/', '--releasever', '9', '--setopt=deltarpm=False', '--setopt=allow_vendor_change=yes', '--allowerasing', '--disableplugin=local', '--disableplugin=spacewalk', '--disableplugin=versionlock', '/var/lib/mock/rocky-9-aarch64/root//builddir/build/SRPMS/shim-unsigned-aarch64-16.1-3.el9.src.rpm']
DEBUG util.py:634:  child environment: None
DEBUG util.py:556:  Executing command: ['/usr/bin/dnf-3', 'builddep', '--installroot', '/var/lib/mock/rocky-9-aarch64/root/', '--releasever', '9', '--setopt=deltarpm=False', '--setopt=allow_vendor_change=yes', '--allowerasing', '--disableplugin=local', '--disableplugin=spacewalk', '--disableplugin=versionlock', '/var/lib/mock/rocky-9-aarch64/root//builddir/build/SRPMS/shim-unsigned-aarch64-16.1-3.el9.src.rpm', '--setopt=tsflags=nocontexts'] with env {'TERM': 'vt100', 'SHELL': '/bin/bash', 'HOME': '/var/lib/mock/rocky-9-aarch64/root/installation-homedir', 'HOSTNAME': 'mock', 'PATH': '/usr/bin:/bin:/usr/sbin:/sbin', 'PROMPT_COMMAND': 'printf "\\033]0;<mock-chroot>\\007"', 'PS1': '<mock-chroot> \\s-\\v\\$ ', 'LANG': 'C.UTF-8', 'LC_MESSAGES': 'C.UTF-8'} and shell False
DEBUG util.py:459:  No matches found for the following disable plugin patterns: local, spacewalk, versionlock
DEBUG util.py:461:  Last metadata expiration check: 0:00:16 ago on Fri May 29 10:42:16 2026.
DEBUG util.py:461:  Package dos2unix-7.4.2-4.el9.aarch64 is already installed.
DEBUG util.py:461:  Package elfutils-libelf-devel-0.194-1.el9.rocky.0.1.aarch64 is already installed.
DEBUG util.py:461:  Package findutils-1:4.8.0-7.el9.aarch64 is already installed.
DEBUG util.py:461:  Package gcc-11.5.0-14.el9.aarch64 is already installed.
DEBUG util.py:461:  Package git-2.52.0-1.el9.aarch64 is already installed.
DEBUG util.py:461:  Package make-1:4.3-8.el9.aarch64 is already installed.
DEBUG util.py:461:  Package openssl-1:3.5.5-2.el9_8.aarch64 is already installed.
DEBUG util.py:461:  Package openssl-devel-1:3.5.5-2.el9_8.aarch64 is already installed.
DEBUG util.py:461:  Package pesign-115-6.el9_1.rocky.2.aarch64 is already installed.
DEBUG util.py:461:  Package sed-4.8-10.el9_8.aarch64 is already installed.
DEBUG util.py:461:  Package rocky-sb-certs-9.8-1.1.el9.noarch is already installed.
DEBUG util.py:461:  Dependencies resolved.
DEBUG util.py:461:  Nothing to do.
DEBUG util.py:461:  Complete!
DEBUG util.py:608:  Child return code was: 0
DEBUG util.py:183:  kill orphans in chroot /var/lib/mock/rocky-9-aarch64/root
DEBUG util.py:183:  kill orphans in chroot /var/lib/mock/rocky-9-aarch64-bootstrap/root/var/lib/mock/rocky-9-aarch64/root
DEBUG util.py:634:  child environment: None
DEBUG util.py:556:  Executing command: ['/bin/umount', '-n', '-l', '/var/lib/mock/rocky-9-aarch64-bootstrap/root/var/lib/mock/rocky-9-aarch64/root'] with env {'TERM': 'vt100', 'SHELL': '/bin/sh', 'HOME': '/builddir', 'HOSTNAME': 'mock', 'PATH': '/usr/bin:/bin:/usr/sbin:/sbin', 'LANG': 'C.UTF-8'} and shell False
DEBUG util.py:608:  Child return code was: 0
DEBUG util.py:634:  child environment: None
DEBUG util.py:556:  Executing command: ['/bin/umount', '-n', '-l', '/var/lib/mock/rocky-9-aarch64-bootstrap/root/var/lib/mock/rocky-9-aarch64/root'] with env {'TERM': 'vt100', 'SHELL': '/bin/sh', 'HOME': '/builddir', 'HOSTNAME': 'mock', 'PATH': '/usr/bin:/bin:/usr/sbin:/sbin', 'LANG': 'C.UTF-8'} and shell False
DEBUG util.py:608:  Child return code was: 0
DEBUG file_util.py:18:  ensuring that dir exists: /var/lib/mock/rocky-9-aarch64-bootstrap/root/var/lib/mock/rocky-9-aarch64/root
DEBUG util.py:634:  child environment: None
DEBUG util.py:556:  Executing command: ['/bin/mount', '-n', '-t', 'tmpfs', '-o', 'private,mode=0755', 'tmpfs', '/var/lib/mock/rocky-9-aarch64-bootstrap/root/var/lib/mock/rocky-9-aarch64/root'] with env {'TERM': 'vt100', 'SHELL': '/bin/sh', 'HOME': '/builddir', 'HOSTNAME': 'mock', 'PATH': '/usr/bin:/bin:/usr/sbin:/sbin', 'LANG': 'C.UTF-8'} and shell False
DEBUG util.py:608:  Child return code was: 0
DEBUG file_util.py:18:  ensuring that dir exists: /var/lib/mock/rocky-9-aarch64-bootstrap/root/var/lib/mock/rocky-9-aarch64/root
DEBUG util.py:634:  child environment: None
DEBUG util.py:556:  Executing command: ['/bin/mount', '-n', '-o', 'rbind', '/var/lib/mock/rocky-9-aarch64/root', '/var/lib/mock/rocky-9-aarch64-bootstrap/root/var/lib/mock/rocky-9-aarch64/root'] with env {'TERM': 'vt100', 'SHELL': '/bin/sh', 'HOME': '/builddir', 'HOSTNAME': 'mock', 'PATH': '/usr/bin:/bin:/usr/sbin:/sbin', 'LANG': 'C.UTF-8'} and shell False
DEBUG util.py:608:  Child return code was: 0
DEBUG util.py:634:  child environment: None
DEBUG util.py:556:  Executing command: ['/bin/mount', '-n', '-o', 'remount,private,rbind', '--target', '/var/lib/mock/rocky-9-aarch64-bootstrap/root/var/lib/mock/rocky-9-aarch64/root'] with env {'TERM': 'vt100', 'SHELL': '/bin/sh', 'HOME': '/builddir', 'HOSTNAME': 'mock', 'PATH': '/usr/bin:/bin:/usr/sbin:/sbin', 'LANG': 'C.UTF-8'} and shell False
DEBUG util.py:608:  Child return code was: 0
DEBUG util.py:634:  child environment: None
DEBUG util.py:556:  Executing command: ['/bin/rpm', '-qa', '--root', '/var/lib/mock/rocky-9-aarch64/root'] with env {'TERM': 'vt100', 'SHELL': '/bin/bash', 'HOME': '/builddir', 'HOSTNAME': 'mock', 'PATH': '/usr/bin:/bin:/usr/sbin:/sbin', 'PROMPT_COMMAND': 'printf "\\033]0;<mock-chroot>\\007"', 'PS1': '<mock-chroot> \\s-\\v\\$ ', 'LANG': 'C.UTF-8'} and shell False
DEBUG util.py:461:  gpg-pubkey-350d275d-6279464b
DEBUG util.py:461:  rust-srpm-macros-17-4.el9.noarch
DEBUG util.py:461:  qt5-srpm-macros-5.15.9-1.el9.noarch
DEBUG util.py:461:  perl-srpm-macros-1-41.el9.noarch
DEBUG util.py:461:  openblas-srpm-macros-2-11.el9.noarch
DEBUG util.py:461:  ocaml-srpm-macros-6-6.el9.noarch
DEBUG util.py:461:  ghc-srpm-macros-1.5.0-6.el9.noarch
DEBUG util.py:461:  tzdata-2026a-1.el9.noarch
DEBUG util.py:461:  rocky-gpg-keys-9.8-1.1.el9.noarch
DEBUG util.py:461:  rocky-release-9.8-1.1.el9.noarch
DEBUG util.py:461:  rocky-repos-9.8-1.1.el9.noarch
DEBUG util.py:461:  setup-2.13.7-10.el9.noarch
DEBUG util.py:461:  filesystem-3.16-5.el9.aarch64
DEBUG util.py:461:  basesystem-11-13.el9.0.1.noarch
DEBUG util.py:461:  publicsuffix-list-dafsa-20210518-3.el9.noarch
DEBUG util.py:461:  pkgconf-m4-1.7.3-10.el9.noarch
DEBUG util.py:461:  pcre2-syntax-10.40-6.el9.noarch
DEBUG util.py:461:  ncurses-base-6.2-12.20210508.el9.noarch
DEBUG util.py:461:  ncurses-libs-6.2-12.20210508.el9.aarch64
DEBUG util.py:461:  bash-5.1.8-9.el9.aarch64
DEBUG util.py:461:  libgcc-11.5.0-14.el9.aarch64
DEBUG util.py:461:  glibc-gconv-extra-2.34-266.el9_8.aarch64
DEBUG util.py:461:  glibc-minimal-langpack-2.34-266.el9_8.aarch64
DEBUG util.py:461:  glibc-common-2.34-266.el9_8.aarch64
DEBUG util.py:461:  glibc-2.34-266.el9_8.aarch64
DEBUG util.py:461:  zlib-1.2.11-40.el9.aarch64
DEBUG util.py:461:  xz-libs-5.2.5-8.el9_0.aarch64
DEBUG util.py:461:  bzip2-libs-1.0.8-11.el9.aarch64
DEBUG util.py:461:  libzstd-1.5.5-1.el9.aarch64
DEBUG util.py:461:  elfutils-libelf-0.194-1.el9.rocky.0.1.aarch64
DEBUG util.py:461:  libxcrypt-4.4.18-3.el9.aarch64
DEBUG util.py:461:  libstdc++-11.5.0-14.el9.aarch64
DEBUG util.py:461:  libuuid-2.37.4-25.el9.aarch64
DEBUG util.py:461:  gmp-6.2.0-13.el9.aarch64
DEBUG util.py:461:  libattr-2.5.1-3.el9.aarch64
DEBUG util.py:461:  libacl-2.3.1-4.el9.aarch64
DEBUG util.py:461:  libcap-2.48-10.el9_7.1.aarch64
DEBUG util.py:461:  popt-1.18-8.el9.aarch64
DEBUG util.py:461:  libcom_err-1.46.5-8.el9.aarch64
DEBUG util.py:461:  lz4-libs-1.9.3-5.el9.aarch64
DEBUG util.py:461:  readline-8.1-4.el9.aarch64
DEBUG util.py:461:  crypto-policies-20260224-1.gitea0f072.el9.noarch
DEBUG util.py:461:  mpfr-4.1.0-10.el9.aarch64
DEBUG util.py:461:  dwz-0.16-1.el9.aarch64
DEBUG util.py:461:  unzip-6.0-60.el9_8.aarch64
DEBUG util.py:461:  file-libs-5.39-17.el9.aarch64
DEBUG util.py:461:  file-5.39-17.el9.aarch64
DEBUG util.py:461:  sqlite-libs-3.34.1-9.el9_7.aarch64
DEBUG util.py:461:  alternatives-1.24-2.el9.aarch64
DEBUG util.py:461:  libcap-ng-0.8.2-7.el9.aarch64
DEBUG util.py:461:  audit-libs-3.1.5-8.el9.aarch64
DEBUG util.py:461:  libffi-3.4.2-8.el9.aarch64
DEBUG util.py:461:  libsepol-3.6-3.el9.aarch64
DEBUG util.py:461:  libsigsegv-2.13-4.el9.aarch64
DEBUG util.py:461:  gawk-5.1.0-6.el9.aarch64
DEBUG util.py:461:  libsmartcols-2.37.4-25.el9.aarch64
DEBUG util.py:461:  libtasn1-4.16.0-9.el9.aarch64
DEBUG util.py:461:  p11-kit-0.26.2-1.el9.aarch64
DEBUG util.py:461:  libunistring-0.9.10-15.el9.aarch64
DEBUG util.py:461:  libidn2-2.3.0-7.el9.aarch64
DEBUG util.py:461:  lua-libs-5.4.4-4.el9.aarch64
DEBUG util.py:461:  libpsl-0.21.1-5.el9.aarch64
DEBUG util.py:461:  p11-kit-trust-0.26.2-1.el9.aarch64
DEBUG util.py:461:  zip-3.0-35.el9.aarch64
DEBUG util.py:461:  zstd-1.5.5-1.el9.aarch64
DEBUG util.py:461:  groff-base-1.22.4-10.el9.0.1.aarch64
DEBUG util.py:461:  bzip2-1.0.8-11.el9.aarch64
DEBUG util.py:461:  libxml2-2.9.13-14.el9_7.aarch64
DEBUG util.py:461:  info-6.7-15.el9.aarch64
DEBUG util.py:461:  ed-1.14.2-12.el9.aarch64
DEBUG util.py:461:  cpio-2.13-16.el9.aarch64
DEBUG util.py:461:  diffutils-3.7-12.el9.aarch64
DEBUG util.py:461:  gdbm-libs-1.23-1.el9.aarch64
DEBUG util.py:461:  json-c-0.14-11.el9.aarch64
DEBUG util.py:461:  keyutils-libs-1.6.3-1.el9.aarch64
DEBUG util.py:461:  libbrotli-1.0.9-9.el9_7.aarch64
DEBUG util.py:461:  libdb-5.3.28-57.el9_6.aarch64
DEBUG util.py:461:  libeconf-0.4.1-5.el9.aarch64
DEBUG util.py:461:  libgomp-11.5.0-14.el9.aarch64
DEBUG util.py:461:  libgpg-error-1.42-5.el9.aarch64
DEBUG util.py:461:  libgcrypt-1.10.0-11.el9.aarch64
DEBUG util.py:461:  libnghttp2-1.43.0-6.el9_7.1.aarch64
DEBUG util.py:461:  libpkgconf-1.7.3-10.el9.aarch64
DEBUG util.py:461:  pkgconf-1.7.3-10.el9.aarch64
DEBUG util.py:461:  pkgconf-pkg-config-1.7.3-10.el9.aarch64
DEBUG util.py:461:  libtool-ltdl-2.4.6-46.el9.aarch64
DEBUG util.py:461:  libverto-0.3.2-3.el9.aarch64
DEBUG util.py:461:  ncurses-6.2-12.20210508.el9.aarch64
DEBUG util.py:461:  pcre-8.44-4.el9.aarch64
DEBUG util.py:461:  grep-3.6-5.el9.aarch64
DEBUG util.py:461:  xz-5.2.5-8.el9_0.aarch64
DEBUG util.py:461:  pcre2-10.40-6.el9.aarch64
DEBUG util.py:461:  libselinux-3.6-3.el9.aarch64
DEBUG util.py:461:  sed-4.8-10.el9_8.aarch64
DEBUG util.py:461:  findutils-4.8.0-7.el9.aarch64
DEBUG util.py:461:  libsemanage-3.6-5.el9_6.aarch64
DEBUG util.py:461:  shadow-utils-4.9-16.el9.aarch64
DEBUG util.py:461:  libutempter-1.2.1-6.el9.aarch64
DEBUG util.py:461:  tar-1.34-11.el9.aarch64
DEBUG util.py:461:  patch-2.7.6-16.el9.aarch64
DEBUG util.py:461:  elfutils-default-yama-scope-0.194-1.el9.rocky.0.1.noarch
DEBUG util.py:461:  elfutils-libs-0.194-1.el9.rocky.0.1.aarch64
DEBUG util.py:461:  libssh-config-0.10.4-18.el9.noarch
DEBUG util.py:461:  coreutils-common-8.32-40.el9.aarch64
DEBUG util.py:461:  openssl-fips-provider-3.5.5-2.el9_8.aarch64
DEBUG util.py:461:  openssl-libs-3.5.5-2.el9_8.aarch64
DEBUG util.py:461:  coreutils-8.32-40.el9.aarch64
DEBUG util.py:461:  ca-certificates-2025.2.80_v9.0.305-91.el9.noarch
DEBUG util.py:461:  libblkid-2.37.4-25.el9.aarch64
DEBUG util.py:461:  krb5-libs-1.21.1-10.el9_8.aarch64
DEBUG util.py:461:  libmount-2.37.4-25.el9.aarch64
DEBUG util.py:461:  gzip-1.12-1.el9.aarch64
DEBUG util.py:461:  cracklib-2.9.6-28.el9.aarch64
DEBUG util.py:461:  systemd-libs-252-67.el9.rocky.0.1.aarch64
DEBUG util.py:461:  libarchive-3.5.3-9.el9_7.aarch64
DEBUG util.py:461:  util-linux-core-2.37.4-25.el9.aarch64
DEBUG util.py:461:  cracklib-dicts-2.9.6-28.el9.aarch64
DEBUG util.py:461:  cyrus-sasl-lib-2.1.27-22.el9_7.aarch64
DEBUG util.py:461:  libssh-0.10.4-18.el9.aarch64
DEBUG util.py:461:  libfdisk-2.37.4-25.el9.aarch64
DEBUG util.py:461:  perl-Digest-1.19-4.el9.0.1.noarch
DEBUG util.py:461:  perl-Digest-MD5-2.58-4.el9.aarch64
DEBUG util.py:461:  perl-B-1.80-483.el9.aarch64
DEBUG util.py:461:  perl-FileHandle-2.03-483.el9.noarch
DEBUG util.py:461:  perl-Data-Dumper-2.174-462.el9.aarch64
DEBUG util.py:461:  perl-libnet-3.13-4.el9.noarch
DEBUG util.py:461:  perl-AutoLoader-5.74-483.el9.noarch
DEBUG util.py:461:  perl-base-2.27-483.el9.noarch
DEBUG util.py:461:  perl-URI-5.09-3.el9.0.1.noarch
DEBUG util.py:461:  perl-if-0.60.800-483.el9.noarch
DEBUG util.py:461:  perl-IO-Socket-IP-0.41-5.el9.noarch
DEBUG util.py:461:  perl-Time-Local-1.300-7.el9.noarch
DEBUG util.py:461:  perl-File-Path-2.18-4.el9.noarch
DEBUG util.py:461:  perl-IO-Socket-SSL-2.073-2.el9.noarch
DEBUG util.py:461:  perl-Net-SSLeay-1.94-3.el9.aarch64
DEBUG util.py:461:  perl-Pod-Escapes-1.07-460.el9.0.1.noarch
DEBUG util.py:461:  perl-Text-Tabs+Wrap-2013.0523-460.el9.0.1.noarch
DEBUG util.py:461:  perl-Mozilla-CA-20200520-6.el9.noarch
DEBUG util.py:461:  perl-Class-Struct-0.66-483.el9.noarch
DEBUG util.py:461:  perl-POSIX-1.94-483.el9.aarch64
DEBUG util.py:461:  perl-Term-ANSIColor-5.01-461.el9.0.1.noarch
DEBUG util.py:461:  perl-IPC-Open3-1.21-483.el9.noarch
DEBUG util.py:461:  perl-subs-1.03-483.el9.noarch
DEBUG util.py:461:  perl-File-Temp-0.231.100-4.el9.noarch
DEBUG util.py:461:  perl-Term-Cap-1.17-460.el9.0.1.noarch
DEBUG util.py:461:  perl-Pod-Simple-3.42-4.el9.noarch
DEBUG util.py:461:  perl-HTTP-Tiny-0.076-462.el9.noarch
DEBUG util.py:461:  perl-Socket-2.031-4.el9.aarch64
DEBUG util.py:461:  perl-SelectSaver-1.02-483.el9.noarch
DEBUG util.py:461:  perl-Symbol-1.08-483.el9.noarch
DEBUG util.py:461:  perl-File-stat-1.09-483.el9.noarch
DEBUG util.py:461:  perl-podlators-4.14-460.el9.0.1.noarch
DEBUG util.py:461:  perl-Pod-Perldoc-3.28.01-461.el9.noarch
DEBUG util.py:461:  perl-Fcntl-1.13-483.el9.aarch64
DEBUG util.py:461:  perl-Text-ParseWords-3.30-460.el9.noarch
DEBUG util.py:461:  perl-mro-1.23-483.el9.aarch64
DEBUG util.py:461:  perl-IO-1.43-483.el9.aarch64
DEBUG util.py:461:  perl-overloading-0.02-483.el9.noarch
DEBUG util.py:461:  perl-Pod-Usage-2.01-4.el9.noarch
DEBUG util.py:461:  perl-Errno-1.30-483.el9.aarch64
DEBUG util.py:461:  perl-File-Basename-2.85-483.el9.noarch
DEBUG util.py:461:  perl-Getopt-Std-1.12-483.el9.noarch
DEBUG util.py:461:  perl-MIME-Base64-3.16-4.el9.aarch64
DEBUG util.py:461:  perl-Scalar-List-Utils-1.56-462.el9.aarch64
DEBUG util.py:461:  perl-constant-1.33-461.el9.0.1.noarch
DEBUG util.py:461:  perl-Storable-3.21-460.el9.aarch64
DEBUG util.py:461:  perl-overload-1.31-483.el9.noarch
DEBUG util.py:461:  perl-parent-0.238-460.el9.noarch
DEBUG util.py:461:  perl-vars-1.05-483.el9.noarch
DEBUG util.py:461:  perl-Getopt-Long-2.52-4.el9.noarch
DEBUG util.py:461:  perl-Carp-1.50-460.el9.0.1.noarch
DEBUG util.py:461:  perl-Exporter-5.74-461.el9.noarch
DEBUG util.py:461:  perl-PathTools-3.78-461.el9.aarch64
DEBUG util.py:461:  perl-Encode-3.08-462.el9.aarch64
DEBUG util.py:461:  perl-libs-5.32.1-483.el9.aarch64
DEBUG util.py:461:  perl-interpreter-5.32.1-483.el9.aarch64
DEBUG util.py:461:  kernel-srpm-macros-1.0-14.el9.noarch
DEBUG util.py:461:  openssl-3.5.5-2.el9_8.aarch64
DEBUG util.py:461:  libpwquality-1.4.4-8.el9.aarch64
DEBUG util.py:461:  pam-1.5.1-28.el9.aarch64
DEBUG util.py:461:  libevent-2.1.12-8.el9_4.aarch64
DEBUG util.py:461:  openldap-2.6.8-4.el9.0.1.aarch64
DEBUG util.py:461:  libcurl-7.76.1-40.el9.aarch64
DEBUG util.py:461:  elfutils-debuginfod-client-0.194-1.el9.rocky.0.1.aarch64
DEBUG util.py:461:  binutils-gold-2.35.2-72.el9.aarch64
DEBUG util.py:461:  binutils-2.35.2-72.el9.aarch64
DEBUG util.py:461:  elfutils-0.194-1.el9.rocky.0.1.aarch64
DEBUG util.py:461:  gdb-minimal-16.3-3.el9.aarch64
DEBUG util.py:461:  debugedit-5.0-11.el9.aarch64
DEBUG util.py:461:  curl-7.76.1-40.el9.aarch64
DEBUG util.py:461:  rpm-4.16.1.3-40.el9.aarch64
DEBUG util.py:461:  rpm-libs-4.16.1.3-40.el9.aarch64
DEBUG util.py:461:  rpm-build-libs-4.16.1.3-40.el9.aarch64
DEBUG util.py:461:  efi-srpm-macros-6-4.el9.noarch
DEBUG util.py:461:  lua-srpm-macros-1-6.el9.noarch
DEBUG util.py:461:  fonts-srpm-macros-2.0.5-7.el9.1.noarch
DEBUG util.py:461:  go-srpm-macros-3.8.1-1.el9.noarch
DEBUG util.py:461:  python-srpm-macros-3.9-54.el9.noarch
DEBUG util.py:461:  pyproject-srpm-macros-1.18.5-1.el9.noarch
DEBUG util.py:461:  redhat-rpm-config-210-1.el9.noarch
DEBUG util.py:461:  rpm-build-4.16.1.3-40.el9.aarch64
DEBUG util.py:461:  util-linux-2.37.4-25.el9.aarch64
DEBUG util.py:461:  which-2.21-30.el9_6.aarch64
DEBUG util.py:461:  nspr-4.36.0-8.el9.aarch64
DEBUG util.py:461:  nss-util-3.112.0-8.el9.aarch64
DEBUG util.py:461:  libmpc-1.2.1-4.el9.aarch64
DEBUG util.py:461:  libedit-3.1-39.20210216cvs.el9.aarch64
DEBUG util.py:461:  expat-2.5.0-6.el9.aarch64
DEBUG util.py:461:  cpp-11.5.0-14.el9.aarch64
DEBUG util.py:461:  nss-softokn-freebl-3.112.0-8.el9.aarch64
DEBUG util.py:461:  nss-softokn-3.112.0-8.el9.aarch64
DEBUG util.py:461:  zlib-devel-1.2.11-40.el9.aarch64
DEBUG util.py:461:  perl-lib-0.65-483.el9.aarch64
DEBUG util.py:461:  perl-Error-0.17029-7.el9.0.1.noarch
DEBUG util.py:461:  perl-DynaLoader-1.47-483.el9.aarch64
DEBUG util.py:461:  perl-TermReadKey-2.38-11.el9.aarch64
DEBUG util.py:461:  llvm-filesystem-21.1.8-2.el9.aarch64
DEBUG util.py:461:  llvm-libs-21.1.8-2.el9.aarch64
DEBUG util.py:461:  libzstd-devel-1.5.5-1.el9.aarch64
DEBUG util.py:461:  libubsan-11.5.0-14.el9.aarch64
DEBUG util.py:461:  libasan-11.5.0-14.el9.aarch64
DEBUG util.py:461:  kernel-headers-5.14.0-687.10.1.el9_8.0.1.aarch64
DEBUG util.py:461:  libxcrypt-devel-4.4.18-3.el9.aarch64
DEBUG util.py:461:  glibc-devel-2.34-266.el9_8.aarch64
DEBUG util.py:461:  python3-setuptools-wheel-53.0.0-15.el9.noarch
DEBUG util.py:461:  python3-pip-wheel-21.3.1-2.el9_8.rocky.0.1.noarch
DEBUG util.py:461:  python3-3.9.25-7.el9_8.aarch64
DEBUG util.py:461:  python3-libs-3.9.25-7.el9_8.aarch64
DEBUG util.py:461:  crypto-policies-scripts-20260224-1.gitea0f072.el9.noarch
DEBUG util.py:461:  nss-sysinit-3.112.0-8.el9.aarch64
DEBUG util.py:461:  nss-3.112.0-8.el9.aarch64
DEBUG util.py:461:  nss-tools-3.112.0-8.el9.aarch64
DEBUG util.py:461:  openssh-9.9p1-7.el9_8.rocky.0.1.aarch64
DEBUG util.py:461:  make-4.3-8.el9.aarch64
DEBUG util.py:461:  libcbor-0.7.0-5.el9.aarch64
DEBUG util.py:461:  libfido2-1.13.0-2.el9.aarch64
DEBUG util.py:461:  openssh-clients-9.9p1-7.el9_8.rocky.0.1.aarch64
DEBUG util.py:461:  libatomic-11.5.0-14.el9.aarch64
DEBUG util.py:461:  gcc-11.5.0-14.el9.aarch64
DEBUG util.py:461:  less-590-6.el9.aarch64
DEBUG util.py:461:  git-core-2.52.0-1.el9.aarch64
DEBUG util.py:461:  git-core-doc-2.52.0-1.el9.noarch
DEBUG util.py:461:  perl-Git-2.52.0-1.el9.noarch
DEBUG util.py:461:  git-2.52.0-1.el9.aarch64
DEBUG util.py:461:  efivar-libs-38-3.el9.aarch64
DEBUG util.py:461:  pesign-115-6.el9_1.rocky.2.aarch64
DEBUG util.py:461:  annobin-12.98-2.el9.aarch64
DEBUG util.py:461:  gcc-plugin-annobin-11.5.0-14.el9.aarch64
DEBUG util.py:461:  elfutils-libelf-devel-0.194-1.el9.rocky.0.1.aarch64
DEBUG util.py:461:  rocky-sb-certs-9.8-1.1.el9.noarch
DEBUG util.py:461:  openssl-devel-3.5.5-2.el9_8.aarch64
DEBUG util.py:461:  dos2unix-7.4.2-4.el9.aarch64
DEBUG util.py:608:  Child return code was: 0
DEBUG util.py:183:  kill orphans in chroot /var/lib/mock/rocky-9-aarch64/root
DEBUG util.py:183:  kill orphans in chroot /var/lib/mock/rocky-9-aarch64-bootstrap/root/var/lib/mock/rocky-9-aarch64/root
DEBUG util.py:634:  child environment: None
DEBUG util.py:556:  Executing command: ['/bin/umount', '-n', '-l', '/var/lib/mock/rocky-9-aarch64-bootstrap/root/var/lib/mock/rocky-9-aarch64/root'] with env {'TERM': 'vt100', 'SHELL': '/bin/sh', 'HOME': '/builddir', 'HOSTNAME': 'mock', 'PATH': '/usr/bin:/bin:/usr/sbin:/sbin', 'LANG': 'C.UTF-8'} and shell False
DEBUG util.py:608:  Child return code was: 0
DEBUG util.py:634:  child environment: None
DEBUG util.py:556:  Executing command: ['/bin/umount', '-n', '-l', '/var/lib/mock/rocky-9-aarch64-bootstrap/root/var/lib/mock/rocky-9-aarch64/root'] with env {'TERM': 'vt100', 'SHELL': '/bin/sh', 'HOME': '/builddir', 'HOSTNAME': 'mock', 'PATH': '/usr/bin:/bin:/usr/sbin:/sbin', 'LANG': 'C.UTF-8'} and shell False
DEBUG util.py:608:  Child return code was: 0
DEBUG file_util.py:18:  ensuring that dir exists: /var/lib/mock/rocky-9-aarch64-bootstrap/root/var/lib/mock/rocky-9-aarch64/root
DEBUG util.py:634:  child environment: None
DEBUG util.py:556:  Executing command: ['/bin/mount', '-n', '-t', 'tmpfs', '-o', 'private,mode=0755', 'tmpfs', '/var/lib/mock/rocky-9-aarch64-bootstrap/root/var/lib/mock/rocky-9-aarch64/root'] with env {'TERM': 'vt100', 'SHELL': '/bin/sh', 'HOME': '/builddir', 'HOSTNAME': 'mock', 'PATH': '/usr/bin:/bin:/usr/sbin:/sbin', 'LANG': 'C.UTF-8'} and shell False
DEBUG util.py:608:  Child return code was: 0
DEBUG file_util.py:18:  ensuring that dir exists: /var/lib/mock/rocky-9-aarch64-bootstrap/root/var/lib/mock/rocky-9-aarch64/root
DEBUG util.py:634:  child environment: None
DEBUG util.py:556:  Executing command: ['/bin/mount', '-n', '-o', 'rbind', '/var/lib/mock/rocky-9-aarch64/root', '/var/lib/mock/rocky-9-aarch64-bootstrap/root/var/lib/mock/rocky-9-aarch64/root'] with env {'TERM': 'vt100', 'SHELL': '/bin/sh', 'HOME': '/builddir', 'HOSTNAME': 'mock', 'PATH': '/usr/bin:/bin:/usr/sbin:/sbin', 'LANG': 'C.UTF-8'} and shell False
DEBUG util.py:608:  Child return code was: 0
DEBUG util.py:634:  child environment: None
DEBUG util.py:556:  Executing command: ['/bin/mount', '-n', '-o', 'remount,private,rbind', '--target', '/var/lib/mock/rocky-9-aarch64-bootstrap/root/var/lib/mock/rocky-9-aarch64/root'] with env {'TERM': 'vt100', 'SHELL': '/bin/sh', 'HOME': '/builddir', 'HOSTNAME': 'mock', 'PATH': '/usr/bin:/bin:/usr/sbin:/sbin', 'LANG': 'C.UTF-8'} and shell False
DEBUG util.py:608:  Child return code was: 0
DEBUG util.py:634:  child environment: None
DEBUG util.py:556:  Executing command: rpm -qa --root '/var/lib/mock/rocky-9-aarch64/root' --qf '%{nevra} %{buildtime} %{size} %{pkgid} installed\n' with env {'TERM': 'vt100', 'SHELL': '/bin/bash', 'HOME': '/builddir', 'HOSTNAME': 'mock', 'PATH': '/usr/bin:/bin:/usr/sbin:/sbin', 'PROMPT_COMMAND': 'printf "\\033]0;<mock-chroot>\\007"', 'PS1': '<mock-chroot> \\s-\\v\\$ ', 'LANG': 'C.UTF-8'} and shell True
DEBUG util.py:461:  gpg-pubkey-350d275d-6279464b 1652115019 0 (none) installed
DEBUG util.py:461:  rust-srpm-macros-17-4.el9.noarch 1652267604 2447 f473eb960de326eea8285ce84d1e7972 installed
DEBUG util.py:461:  qt5-srpm-macros-5.15.9-1.el9.noarch 1698510920 492 f878432102092d87bbdbb2e936f8378b installed
DEBUG util.py:461:  perl-srpm-macros-1-41.el9.noarch 1652557781 862 52f1bf91c8b58cea8094d6e3be4c7f0e installed
DEBUG util.py:461:  openblas-srpm-macros-2-11.el9.noarch 1652484909 104 d4f8d1073512b1b0c44f95a04285ce97 installed
DEBUG util.py:461:  ocaml-srpm-macros-6-6.el9.noarch 1652800868 745 73be47bd06ff2934c420576ab4426d56 installed
DEBUG util.py:461:  ghc-srpm-macros-1.5.0-6.el9.noarch 1652267567 535 71fed58726c9a4e11b4ca5eeec6adfe4 installed
DEBUG util.py:461:  tzdata-2026a-1.el9.noarch 1773122289 1921002 d197b5e9fdeede0d0d235f55c89592ce installed
DEBUG util.py:461:  rocky-gpg-keys-9.8-1.1.el9.noarch 1779550111 4909 00246d59cfd62f652da57303892da99c installed
DEBUG util.py:461:  rocky-release-9.8-1.1.el9.noarch 1779550111 23033 e4fb0196b4d5f19852da4cfd4fce5594 installed
DEBUG util.py:461:  rocky-repos-9.8-1.1.el9.noarch 1779550111 17236 75a7b79e3f3a629767f96ddd66999c0d installed
DEBUG util.py:461:  setup-2.13.7-10.el9.noarch 1712520949 725932 69bddb22c48ee24373556f12566c97fe installed
DEBUG util.py:461:  filesystem-3.16-5.el9.aarch64 1730597385 106 06d1453d6d91d30c75ace9de94073f85 installed
DEBUG util.py:461:  basesystem-11-13.el9.0.1.noarch 1709228238 0 f879a2f8e19c7d73507d01111e899ca0 installed
DEBUG util.py:461:  publicsuffix-list-dafsa-20210518-3.el9.noarch 1652444449 68815 d1ed826a6c010597e8edb6dc130b0901 installed
DEBUG util.py:461:  pkgconf-m4-1.7.3-10.el9.noarch 1681536714 14187 12b061c94e3a733e9c1e8921ea590501 installed
DEBUG util.py:461:  pcre2-syntax-10.40-6.el9.noarch 1730814444 234324 10212dbd923fec1f2151d4ef16754dc3 installed
DEBUG util.py:461:  ncurses-base-6.2-12.20210508.el9.noarch 1762143033 307293 7b155cc38964315829a723729faf39da installed
DEBUG util.py:461:  ncurses-libs-6.2-12.20210508.el9.aarch64 1762143033 1229815 990f76bcaa2eb2929359280d0f9bf7c5 installed
DEBUG util.py:461:  bash-5.1.8-9.el9.aarch64 1714476565 7716567 7f6716543f402edc8050b8a44e434765 installed
DEBUG util.py:461:  libgcc-11.5.0-14.el9.aarch64 1766625951 226900 c9498f7d94898f2761697dff3121cc90 installed
DEBUG util.py:461:  glibc-gconv-extra-2.34-266.el9_8.aarch64 1779242307 19414902 dd99db309d89053d8d445876d7c9c651 installed
DEBUG util.py:461:  glibc-minimal-langpack-2.34-266.el9_8.aarch64 1779242307 0 ec35254091aaac0da86147ecf6d89a33 installed
DEBUG util.py:461:  glibc-common-2.34-266.el9_8.aarch64 1779242307 1353450 845b02a1108a44989e4127ac1f3f8636 installed
DEBUG util.py:461:  glibc-2.34-266.el9_8.aarch64 1779242307 6384422 37858ac50d2326aa1b6dac0091108eb2 installed
DEBUG util.py:461:  zlib-1.2.11-40.el9.aarch64 1698484632 235473 6ee45a47968bcc0e9503f6d838869861 installed
DEBUG util.py:461:  xz-libs-5.2.5-8.el9_0.aarch64 1655269092 205837 6241b242fb2506646fc17b4ea4d70a36 installed
DEBUG util.py:461:  bzip2-libs-1.0.8-11.el9.aarch64 1768248718 73804 cf612c942b7fe4dc03b173eac3d7c77e installed
DEBUG util.py:461:  libzstd-1.5.5-1.el9.aarch64 1745698547 683342 b94c8477acd971f868434454bf20b492 installed
DEBUG util.py:461:  elfutils-libelf-0.194-1.el9.rocky.0.1.aarch64 1767431579 1197052 2cc62a97c06b6895031385edbad428c5 installed
DEBUG util.py:461:  libxcrypt-4.4.18-3.el9.aarch64 1653509798 270596 f20b927c77d43204ad49a1658ca6bdb9 installed
DEBUG util.py:461:  libstdc++-11.5.0-14.el9.aarch64 1766625951 2565513 75187730bdbf554ae2798f3868235798 installed
DEBUG util.py:461:  libuuid-2.37.4-25.el9.aarch64 1769040105 70549 3b2e4ab1cb45fdc8d9e317298b40a2e7 installed
DEBUG util.py:461:  gmp-1:6.2.0-13.el9.aarch64 1699048066 671932 02714203d54ab936f5a375b964022ab2 installed
DEBUG util.py:461:  libattr-2.5.1-3.el9.aarch64 1653510107 70269 c43217519565f8e56acf1cd104991f04 installed
DEBUG util.py:461:  libacl-2.3.1-4.el9.aarch64 1712682703 69138 23694f387e760fbebf2588931762790c installed
DEBUG util.py:461:  libcap-2.48-10.el9_7.1.aarch64 1777625134 507679 0967f96af40ff2c01d29ed7c0dadc66c installed
DEBUG util.py:461:  popt-1.18-8.el9.aarch64 1652557571 142488 f1bcac9605780279ad496fe7f5bbefc0 installed
DEBUG util.py:461:  libcom_err-1.46.5-8.el9.aarch64 1762159228 113241 73eb675560df8cbe5ab660fe19f7c083 installed
DEBUG util.py:461:  lz4-libs-1.9.3-5.el9.aarch64 1652484707 137195 49e119aa5c22f61c78f49124bee345d2 installed
DEBUG util.py:461:  readline-8.1-4.el9.aarch64 1652557599 508892 92f93dc0138cf3bffb6a7b4d22a73caf installed
DEBUG util.py:461:  crypto-policies-20260224-1.gitea0f072.el9.noarch 1772563104 101102 6c6e6b9dd433154ce5f7dd7589b349f0 installed
DEBUG util.py:461:  mpfr-4.1.0-10.el9.aarch64 1770710167 607139 a466dbf6b207a296f4037c6fe7ef19f7 installed
DEBUG util.py:461:  dwz-0.16-1.el9.aarch64 1762115817 329796 7a18a07b7dd7f9f1dee2783221d2141d installed
DEBUG util.py:461:  unzip-6.0-60.el9_8.aarch64 1776771274 479803 609175ca93b0ddc5f69a76c41ac23bc8 installed
DEBUG util.py:461:  file-libs-5.39-17.el9.aarch64 1771915260 8102660 b9936cfc86d1d60dc13fdc825ea4e91f installed
DEBUG util.py:461:  file-5.39-17.el9.aarch64 1771915260 143248 e82d40a9678c23d4abec421db84d8161 installed
DEBUG util.py:461:  sqlite-libs-3.34.1-9.el9_7.aarch64 1762883831 1361000 162f89e789c44b2c7aa59e76e5c0a2db installed
DEBUG util.py:461:  alternatives-1.24-2.el9.aarch64 1745625887 91753 5da9447a81b3ed84c848c4045db525c7 installed
DEBUG util.py:461:  libcap-ng-0.8.2-7.el9.aarch64 1652484758 164940 62630f1089446dda9fe4a84802858555 installed
DEBUG util.py:461:  audit-libs-3.1.5-8.el9.aarch64 1768648148 428161 2b4c16858d0329dac34f4c4105352e4a installed
DEBUG util.py:461:  libffi-3.4.2-8.el9.aarch64 1698571421 90073 27875dc7d4c89ebdefa01e04451a95e3 installed
DEBUG util.py:461:  libsepol-3.6-3.el9.aarch64 1761883400 828955 28a95fdd38e0b7182fc82215799ae3cc installed
DEBUG util.py:461:  libsigsegv-2.13-4.el9.aarch64 1652567553 99362 1b2ff67d29316f1a5d2fc2df191f4c6c installed
DEBUG util.py:461:  gawk-5.1.0-6.el9.aarch64 1652800371 2416174 ee8d1dcd221d71492b3f1826666af149 installed
DEBUG util.py:461:  libsmartcols-2.37.4-25.el9.aarch64 1769040105 163251 d083e6d2b05983efcbb982c4433d9846 installed
DEBUG util.py:461:  libtasn1-4.16.0-9.el9.aarch64 1746407358 224068 5954b75959d691b79467872fd921c0af installed
DEBUG util.py:461:  p11-kit-0.26.2-1.el9.aarch64 1770852604 3075508 4659b99ff534306f3ad58da8974e150e installed
DEBUG util.py:461:  libunistring-0.9.10-15.el9.aarch64 1652567972 1630283 f171d3b2e551e8b27f35fd8bade795ea installed
DEBUG util.py:461:  libidn2-2.3.0-7.el9.aarch64 1652484848 257420 9f1beeb1b9facf2f71b7dc48946ba26e installed
DEBUG util.py:461:  lua-libs-5.4.4-4.el9.aarch64 1697607320 336139 a87e4bbb9724e154f7416608184d84c1 installed
DEBUG util.py:461:  libpsl-0.21.1-5.el9.aarch64 1653510376 135808 72c87a9c6961236a97b142049c428df0 installed
DEBUG util.py:461:  p11-kit-trust-0.26.2-1.el9.aarch64 1770852604 673105 96c8e6d04a4d34a4a8444071f56dc627 installed
DEBUG util.py:461:  zip-3.0-35.el9.aarch64 1682535991 776975 b37be4d28ec45a4de171364cc64e8ffc installed
DEBUG util.py:461:  zstd-1.5.5-1.el9.aarch64 1745698547 889747 b4b63ee296bd90e69fe81671b2beed84 installed
DEBUG util.py:461:  groff-base-1.22.4-10.el9.0.1.aarch64 1763513221 4274206 0de06b84e0ee95f322440617886e8e5b installed
DEBUG util.py:461:  bzip2-1.0.8-11.el9.aarch64 1768248718 176224 8283923c960e872bacdabd5e2e5340df installed
DEBUG util.py:461:  libxml2-2.9.13-14.el9_7.aarch64 1764572978 2093260 10a268f4827b6edd9468005783994fba installed
DEBUG util.py:461:  info-6.7-15.el9.aarch64 1652568124 564795 f1f3b32ae0040448493002c40cc73fb5 installed
DEBUG util.py:461:  ed-1.14.2-12.el9.aarch64 1652567978 146331 437478a433e878264f0f0365e1430603 installed
DEBUG util.py:461:  cpio-2.13-16.el9.aarch64 1652567623 1079576 931c66d19910c2c4e0225cccca8749f4 installed
DEBUG util.py:461:  diffutils-3.7-12.el9.aarch64 1652899809 1540605 4b739901ebca985a8b8e1f4115ea8607 installed
DEBUG util.py:461:  gdbm-libs-1:1.23-1.el9.aarch64 1730633644 238810 d01348d5cfe0024a846d8e51aa4a7cb3 installed
DEBUG util.py:461:  json-c-0.14-11.el9.aarch64 1653562942 74554 351e39ec7a1c629cad744ec6b3cee72a installed
DEBUG util.py:461:  keyutils-libs-1.6.3-1.el9.aarch64 1681766932 100107 300278f4c1056e876eb8222057705d9e installed
DEBUG util.py:461:  libbrotli-1.0.9-9.el9_7.aarch64 1770309663 797866 12e7f155fc66a16c8674aa13bd15e35a installed
DEBUG util.py:461:  libdb-5.3.28-57.el9_6.aarch64 1750787865 1758294 b8302924240c54802d5b3a01a8dfba51 installed
DEBUG util.py:461:  libeconf-0.4.1-5.el9.aarch64 1767000935 74171 10bd25e7d5c174d24923bc0db442d9ec installed
DEBUG util.py:461:  libgomp-11.5.0-14.el9.aarch64 1766625951 400957 548f156d8665a0f79a1c89013cec6a23 installed
DEBUG util.py:461:  libgpg-error-1.42-5.el9.aarch64 1653510385 918488 716b574d895e0587b004db9d0fa138ef installed
DEBUG util.py:461:  libgcrypt-1.10.0-11.el9.aarch64 1730827007 1040162 0a13c04601b8725399b6026120d19247 installed
DEBUG util.py:461:  libnghttp2-1.43.0-6.el9_7.1.aarch64 1776089106 202300 ee3a86aa6d2fa012ee934ee0250eadd6 installed
DEBUG util.py:461:  libpkgconf-1.7.3-10.el9.aarch64 1681536722 70873 4618cda73e6911f0eaa2791a609f6649 installed
DEBUG util.py:461:  pkgconf-1.7.3-10.el9.aarch64 1681536722 102226 bd3707197944385e62f1aa16f000115a installed
DEBUG util.py:461:  pkgconf-pkg-config-1.7.3-10.el9.aarch64 1681536722 1204 6fcaf73cf048afe3950ad558bf1c973c installed
DEBUG util.py:461:  libtool-ltdl-2.4.6-46.el9.aarch64 1730750166 95928 effa1588c43b3ef5379df4534d4fc723 installed
DEBUG util.py:461:  libverto-0.3.2-3.el9.aarch64 1652484949 71189 e4d77f54c6b777ac7d4c0e30a8426834 installed
DEBUG util.py:461:  ncurses-6.2-12.20210508.el9.aarch64 1762143033 901644 c64bd4af6342d3b362154315b3bf96c2 installed
DEBUG util.py:461:  pcre-8.44-4.el9.aarch64 1730670026 565856 48e987e26cd9789f09eff4adaf6eec31 installed
DEBUG util.py:461:  grep-3.6-5.el9.aarch64 1652567761 837104 48a84a9e0602fd93869b82a268ca176d installed
DEBUG util.py:461:  xz-5.2.5-8.el9_0.aarch64 1655269092 787899 cd45da828a1530a8a72712fc1ab05b75 installed
DEBUG util.py:461:  pcre2-10.40-6.el9.aarch64 1730814452 664154 c65cac7dce5a2b7d302f7f902b3c175e installed
DEBUG util.py:461:  libselinux-3.6-3.el9.aarch64 1745448388 205173 ecb6603286527e5e2f7b65a64c7542a6 installed
DEBUG util.py:461:  sed-4.8-10.el9_8.aarch64 1776896747 832591 722653f45c831a40c62d78f48b305e18 installed
DEBUG util.py:461:  findutils-1:4.8.0-7.el9.aarch64 1730774706 1805518 bdf7273cc63ce1cc0f075bce71b9e088 installed
DEBUG util.py:461:  libsemanage-3.6-5.el9_6.aarch64 1745449171 306790 30574bcbff6c6eb274677eeb3fc7d70c installed
DEBUG util.py:461:  shadow-utils-2:4.9-16.el9.aarch64 1766999191 4258885 e829c4c113bf200b00416f4e29a26817 installed
DEBUG util.py:461:  libutempter-1.2.1-6.el9.aarch64 1652567618 165513 8b5f8b9736171546fc574b6317b182c4 installed
DEBUG util.py:461:  tar-2:1.34-11.el9.aarch64 1771917214 3175339 018745d55515e35e0c55810d4f043b4b installed
DEBUG util.py:461:  patch-2.7.6-16.el9.aarch64 1652557519 268754 c40d0262ba1124a1bb011ce713f37318 installed
DEBUG util.py:461:  elfutils-default-yama-scope-0.194-1.el9.rocky.0.1.noarch 1767431577 1810 0b8422a2a0ca14478de6b579ab9cb093 installed
DEBUG util.py:461:  elfutils-libs-0.194-1.el9.rocky.0.1.aarch64 1767431579 763621 dddcdd1af292ff852350b2dfd671aac9 installed
DEBUG util.py:461:  libssh-config-0.10.4-18.el9.noarch 1771894724 277 6b9896431a28c7e903c02ab6863c7949 installed
DEBUG util.py:461:  coreutils-common-8.32-40.el9.aarch64 1768619213 10880539 363a7471ac00fdc570f90a811e59a49e installed
DEBUG util.py:461:  openssl-fips-provider-1:3.5.5-2.el9_8.aarch64 1779234955 1602002 754a67da56999a9b0baf2b21d984cfd5 installed
DEBUG util.py:461:  openssl-libs-1:3.5.5-2.el9_8.aarch64 1779234955 6564779 0519ec6bc445c3dd45d89262d6668ed5 installed
DEBUG util.py:461:  coreutils-8.32-40.el9.aarch64 1768619213 8518082 f441b9b45e5139ced50f2ad1b7cc3409 installed
DEBUG util.py:461:  ca-certificates-2025.2.80_v9.0.305-91.el9.noarch 1763684820 2791711 d83ff6a833abe330f77c2b4586421c66 installed
DEBUG util.py:461:  libblkid-2.37.4-25.el9.aarch64 1769040105 270505 5565108e159a2114259f26b5d7d813f4 installed
DEBUG util.py:461:  krb5-libs-1.21.1-10.el9_8.aarch64 1779234836 2704698 dba258db9d3bc126985b3c36e1c63163 installed
DEBUG util.py:461:  libmount-2.37.4-25.el9.aarch64 1769040105 363173 7afc054b9068ca418b684c1ace9211b8 installed
DEBUG util.py:461:  gzip-1.12-1.el9.aarch64 1667088951 421717 296cb3a8f8eca2e717148c7ca312e417 installed
DEBUG util.py:461:  cracklib-2.9.6-28.el9.aarch64 1768596801 429330 4a12247222f22b3a9a87c5c925649473 installed
DEBUG util.py:461:  systemd-libs-252-67.el9.rocky.0.1.aarch64 1771916391 1976952 92e4defaa1c4b7e3a8c8fdf8a29aaaa1 installed
DEBUG util.py:461:  libarchive-3.5.3-9.el9_7.aarch64 1776436221 930446 36cafd9d83fa825ed9ea4e2c18c02043 installed
DEBUG util.py:461:  util-linux-core-2.37.4-25.el9.aarch64 1769040105 2214391 b63abe23f7301e3df1c6ed9e87887a95 installed
DEBUG util.py:461:  cracklib-dicts-2.9.6-28.el9.aarch64 1768596801 9815154 e25dd837cfce0090f34386b1da206e66 installed
DEBUG util.py:461:  cyrus-sasl-lib-2.1.27-22.el9_7.aarch64 1775231304 2456704 7d59ecb7c2bdce3868d96156c64ab7d2 installed
DEBUG util.py:461:  libssh-0.10.4-18.el9.aarch64 1771894729 527171 6497446a55a2b321d591fda554f38038 installed
DEBUG util.py:461:  libfdisk-2.37.4-25.el9.aarch64 1769040105 371619 04fb30bad33fca36b17fcfc482c3580c installed
DEBUG util.py:461:  perl-Digest-1.19-4.el9.0.1.noarch 1763514196 36844 a11113316fe662654b12ec84df6d6b27 installed
DEBUG util.py:461:  perl-Digest-MD5-2.58-4.el9.aarch64 1652557509 106442 0a176fd76a3c33319e713e8296049e5f installed
DEBUG util.py:461:  perl-B-0:1.80-483.el9.aarch64 1766781987 545181 a11cd97e9b8d2343585785dcaaed934f installed
DEBUG util.py:461:  perl-FileHandle-0:2.03-483.el9.noarch 1766781991 10533 9e0801250eee11bfb7eb7068845832f2 installed
DEBUG util.py:461:  perl-Data-Dumper-2.174-462.el9.aarch64 1652557644 136301 6a685f2dc3af84ab9d1d07886b96bf80 installed
DEBUG util.py:461:  perl-libnet-3.13-4.el9.noarch 1652267711 299357 5cad22704f22db0d115e4f8d698810a0 installed
DEBUG util.py:461:  perl-AutoLoader-0:5.74-483.el9.noarch 1766781991 22038 2a9f848d95c24dcf5146e358d5684b60 installed
DEBUG util.py:461:  perl-base-0:2.27-483.el9.noarch 1766781991 13820 24c681f5ae45b7eb569f8a00a085061f installed
DEBUG util.py:461:  perl-URI-5.09-3.el9.0.1.noarch 1763514935 216915 458c5584e97d3af7b786ad3f38566d40 installed
DEBUG util.py:461:  perl-if-0:0.60.800-483.el9.noarch 1766781991 6875 c91733d4657925ae7347ef06ec3215ba installed
DEBUG util.py:461:  perl-IO-Socket-IP-0.41-5.el9.noarch 1652267587 100240 e15309272bc8233c371974031d4038f4 installed
DEBUG util.py:461:  perl-Time-Local-2:1.300-7.el9.noarch 1652267583 67344 1ceb12a5fab9494f14aeeae4f98974f8 installed
DEBUG util.py:461:  perl-File-Path-2.18-4.el9.noarch 1652267626 65333 0913f114ee7544e2c36b3c1306b3cacd installed
DEBUG util.py:461:  perl-IO-Socket-SSL-2.073-2.el9.noarch 1730761568 616300 cb9d5e58fbe6d47b52744c67b088b98c installed
DEBUG util.py:461:  perl-Net-SSLeay-1.94-3.el9.aarch64 1762102576 1548897 d34672b87d6a6282309f7960e8f98f37 installed
DEBUG util.py:461:  perl-Pod-Escapes-1:1.07-460.el9.0.1.noarch 1763514604 25764 c6c94dde8b8c16ea0d9ae66e0ef4a4cb installed
DEBUG util.py:461:  perl-Text-Tabs+Wrap-2013.0523-460.el9.0.1.noarch 1763514898 24828 76fdb8715ee5a07495562548bbf66d63 installed
DEBUG util.py:461:  perl-Mozilla-CA-20200520-6.el9.noarch 1652703889 5866 379218f96763af378c71e840443183f8 installed
DEBUG util.py:461:  perl-Class-Struct-0:0.66-483.el9.noarch 1766781991 26954 f58a821ea4a005d3f95c7d07a8fc7105 installed
DEBUG util.py:461:  perl-POSIX-0:1.94-483.el9.aarch64 1766781987 264396 ddcd72b2ac9f9a96e331e3452d6796c8 installed
DEBUG util.py:461:  perl-Term-ANSIColor-5.01-461.el9.0.1.noarch 1763514834 100303 a1860327f42a070371b2cd671cd980be installed
DEBUG util.py:461:  perl-IPC-Open3-0:1.21-483.el9.noarch 1766781991 25047 a2398868522ca7e9b94c9e318e1c449d installed
DEBUG util.py:461:  perl-subs-0:1.03-483.el9.noarch 1766781991 3061 8bdcd6065a1c8421a64ab41894af6f76 installed
DEBUG util.py:461:  perl-File-Temp-1:0.231.100-4.el9.noarch 1652801313 166550 f59e524679a0053d68e5543e8e7e314f installed
DEBUG util.py:461:  perl-Term-Cap-1.17-460.el9.0.1.noarch 1763514692 29851 a02eda5eb74278d88ac2f9fc1abd326f installed
DEBUG util.py:461:  perl-Pod-Simple-1:3.42-4.el9.noarch 1652267663 577293 82d3854aa1de3ebb86a9312a6340e90f installed
DEBUG util.py:461:  perl-HTTP-Tiny-0.076-462.el9.noarch 1713427031 150675 c0d71e59cd5878a35fb4e106c7f2a7b7 installed
DEBUG util.py:461:  perl-Socket-4:2.031-4.el9.aarch64 1653562862 145329 9a331bda0cbf85f3a10ebc89107770ef installed
DEBUG util.py:461:  perl-SelectSaver-0:1.02-483.el9.noarch 1766781991 3171 bdbaff6792d6a3573e2a5807959c29df installed
DEBUG util.py:461:  perl-Symbol-0:1.08-483.el9.noarch 1766781991 7847 79b8561fdf30ee8cfe6ccbbdba96879d installed
DEBUG util.py:461:  perl-File-stat-0:1.09-483.el9.noarch 1766781991 13950 46b8d81d063b72b539ae507df695d1a9 installed
DEBUG util.py:461:  perl-podlators-1:4.14-460.el9.0.1.noarch 1763515024 288742 8635014cbb4597f185f7124e77ecdb1b installed
DEBUG util.py:461:  perl-Pod-Perldoc-3.28.01-461.el9.noarch 1652267564 170960 83cda205537bd2ad32547af109e20f11 installed
DEBUG util.py:461:  perl-Fcntl-0:1.13-483.el9.aarch64 1766781987 74964 108b42b014bed72ac4f6944da25720be installed
DEBUG util.py:461:  perl-Text-ParseWords-3.30-460.el9.noarch 1652267600 13101 f0cff9642d107f0207c44c00e68af130 installed
DEBUG util.py:461:  perl-mro-0:1.23-483.el9.aarch64 1766781987 84228 b35fcdc953f1c1502e31a47cf5072a8a installed
DEBUG util.py:461:  perl-IO-0:1.43-483.el9.aarch64 1766781987 203881 230582ed183ef0fb27c4fef369f45006 installed
DEBUG util.py:461:  perl-overloading-0:0.02-483.el9.noarch 1766781991 5894 0066b67eb9a5cc771df4fe58c1d203eb installed
DEBUG util.py:461:  perl-Pod-Usage-4:2.01-4.el9.noarch 1652267606 87186 98f6af2a3d64753ac904d5d9407e878e installed
DEBUG util.py:461:  perl-Errno-0:1.30-483.el9.aarch64 1766781987 9536 0573846ff13bd196f3e63ddeac05a7bf installed
DEBUG util.py:461:  perl-File-Basename-0:2.85-483.el9.noarch 1766781991 15340 2becf0e8bb875b30e97b407c720e0393 installed
DEBUG util.py:461:  perl-Getopt-Std-0:1.12-483.el9.noarch 1766781991 12107 891ba07dd4c2329a3ff725b5079cc39e installed
DEBUG util.py:461:  perl-MIME-Base64-3.16-4.el9.aarch64 1652557671 97161 6a21895757e866500f274f2149ad938d installed
DEBUG util.py:461:  perl-Scalar-List-Utils-4:1.56-462.el9.aarch64 1730629658 151072 6c9929b5f26885338a645be724527332 installed
DEBUG util.py:461:  perl-constant-1.33-461.el9.0.1.noarch 1763515053 27104 f35cd6a19158668ed3856b33884d936d installed
DEBUG util.py:461:  perl-Storable-1:3.21-460.el9.aarch64 1652557585 248772 3a28c0f3dc5c7e2cbec7df23f5a7fe88 installed
DEBUG util.py:461:  perl-overload-0:1.31-483.el9.noarch 1766781991 72822 7efced7a14873bef3cad3d44cc43c332 installed
DEBUG util.py:461:  perl-parent-1:0.238-460.el9.noarch 1653563243 9535 cd964be73bdf6940a87b3d0fe0476847 installed
DEBUG util.py:461:  perl-vars-0:1.05-483.el9.noarch 1766781991 4927 396fc4873e6d12e05562b08c21e3f432 installed
DEBUG util.py:461:  perl-Getopt-Long-1:2.52-4.el9.noarch 1652267711 139937 d27908b132dda891df7dc6951fa2c34b installed
DEBUG util.py:461:  perl-Carp-1.50-460.el9.0.1.noarch 1763514331 47889 abfd0a7186623c8c3ade066b63d9df5a installed
DEBUG util.py:461:  perl-Exporter-5.74-461.el9.noarch 1652267594 55359 c01c2a31a2561b748052cc0463c35215 installed
DEBUG util.py:461:  perl-PathTools-3.78-461.el9.aarch64 1652557565 231550 c3acde071079dc779ef36e88b576c47a installed
DEBUG util.py:461:  perl-Encode-4:3.08-462.el9.aarch64 1652557509 10374058 6b79d0ece3df6ddce73bb3215e898bfd installed
DEBUG util.py:461:  perl-libs-4:5.32.1-483.el9.aarch64 1766781987 9046762 7b73d92fc62a4d9d025370ab9b378106 installed
DEBUG util.py:461:  perl-interpreter-4:5.32.1-483.el9.aarch64 1766781987 173110 59c77f0257bd3932062726f34427d1be installed
DEBUG util.py:461:  kernel-srpm-macros-1.0-14.el9.noarch 1761675918 16948 247198282ea72b12664b7f5c5acfe2c6 installed
DEBUG util.py:461:  openssl-1:3.5.5-2.el9_8.aarch64 1779234955 2240197 f1cecfc9bb23e005d4ad5fe2241df52b installed
DEBUG util.py:461:  libpwquality-1.4.4-8.el9.aarch64 1653510130 612232 11c81a0901f33974b3fedc3b5d8ab290 installed
DEBUG util.py:461:  pam-1.5.1-28.el9.aarch64 1766786736 4635618 126099c0cf00437a868369e3713ec62b installed
DEBUG util.py:461:  libevent-2.1.12-8.el9_4.aarch64 1725400970 1131842 de8a5f06beadf4c83ed06ec2825cf6e8 installed
DEBUG util.py:461:  openldap-2.6.8-4.el9.0.1.aarch64 1746849529 1051689 4213cb48a6066547c7865efa90183111 installed
DEBUG util.py:461:  libcurl-7.76.1-40.el9.aarch64 1769480862 675366 f25e614b8aec6fa60a02350661beb6e5 installed
DEBUG util.py:461:  elfutils-debuginfod-client-0.194-1.el9.rocky.0.1.aarch64 1767431579 146250 481ecac12a1c3078d17f6793b4952c4f installed
DEBUG util.py:461:  binutils-gold-2.35.2-72.el9.aarch64 1769479157 2762907 bb0e6461fff8d4ae737a07de2ecd8819 installed
DEBUG util.py:461:  binutils-2.35.2-72.el9.aarch64 1769479157 27448258 17c79fc0fa8942febb0c2fa8ed2043d9 installed
DEBUG util.py:461:  elfutils-0.194-1.el9.rocky.0.1.aarch64 1767431579 3536213 ea3037e75009f28694d6e0b188495a88 installed
DEBUG util.py:461:  gdb-minimal-16.3-3.el9.aarch64 1771896649 14592273 84bbf99eecb4c375ea74baab53b0ace1 installed
DEBUG util.py:461:  debugedit-5.0-11.el9.aarch64 1762116263 247374 d13d1440b3e6c6705707c1f060a30baa installed
DEBUG util.py:461:  curl-7.76.1-40.el9.aarch64 1769480862 696673 6289eb7b46bcfb247e55ac32acbed6f2 installed
DEBUG util.py:461:  rpm-4.16.1.3-40.el9.aarch64 1766944719 2994985 07777bb157ad8343bfb57f4ec2d7842b installed
DEBUG util.py:461:  rpm-libs-4.16.1.3-40.el9.aarch64 1766944719 817684 8e06fb97af128bb3d44d0d959594522c installed
DEBUG util.py:461:  rpm-build-libs-4.16.1.3-40.el9.aarch64 1766944719 202390 57a6eb0b803c86af423a766cb423d1fc installed
DEBUG util.py:461:  efi-srpm-macros-6-4.el9.noarch 1761675210 41043 fbb5241da61a9803c97c5faebdca409c installed
DEBUG util.py:461:  lua-srpm-macros-1-6.el9.noarch 1652484897 1314 870f5bd7a9f316ac2a42d6cda3bc6d41 installed
DEBUG util.py:461:  fonts-srpm-macros-1:2.0.5-7.el9.1.noarch 1652446192 56503 356003bd30cda7187d766cba0c547d8c installed
DEBUG util.py:461:  go-srpm-macros-3.8.1-1.el9.noarch 1766626222 62484 039c039e343ea2c9e5210c662d4f19fd installed
DEBUG util.py:461:  python-srpm-macros-3.9-54.el9.noarch 1730432328 37605 69d130ef9a21da361859ceeacf238881 installed
DEBUG util.py:461:  pyproject-srpm-macros-1.18.5-1.el9.noarch 1766723742 1945 fd62513179c54a9c0352895c7995f2ff installed
DEBUG util.py:461:  redhat-rpm-config-210-1.el9.noarch 1761940807 189489 979b3e97c1d85b8552cbd4f6f89cf9bc installed
DEBUG util.py:461:  rpm-build-4.16.1.3-40.el9.aarch64 1766944719 329321 fb1866e29386c0fe2247d64684cad7e6 installed
DEBUG util.py:461:  util-linux-2.37.4-25.el9.aarch64 1769040105 13939411 1203f6bca9fd065385f56d56f86a6329 installed
DEBUG util.py:461:  which-2.21-30.el9_6.aarch64 1754420436 122572 8c42a837070ff3638ae578b75004f7e3 installed
DEBUG util.py:461:  nspr-4.36.0-8.el9.aarch64 1769485015 426864 747c81ff55ff43a5c36f30deaf177226 installed
DEBUG util.py:461:  nss-util-3.112.0-8.el9.aarch64 1769485015 286984 003f1ff7007ca3b901ccdd7d1c3d7e9c installed
DEBUG util.py:461:  libmpc-1.2.1-4.el9.aarch64 1652484657 154861 059b7ecec5f7c2de7713e3663598bb1b installed
DEBUG util.py:461:  libedit-3.1-39.20210216cvs.el9.aarch64 1769037299 284327 800eaca40b9759da0221adaba9f8eae9 installed
DEBUG util.py:461:  expat-2.5.0-6.el9.aarch64 1766985349 341675 d3aca071640ef3b69fc1a6bbf95df87d installed
DEBUG util.py:461:  cpp-11.5.0-14.el9.aarch64 1766625951 29309743 bea15f1e4cd94815e1a3ec28eb564cfa installed
DEBUG util.py:461:  nss-softokn-freebl-3.112.0-8.el9.aarch64 1769485015 951998 92135c8c20065c52c5f8594562111f82 installed
DEBUG util.py:461:  nss-softokn-3.112.0-8.el9.aarch64 1769485015 1509355 bf69a17dbfaf4f44fef1e77cf6b20dd4 installed
DEBUG util.py:461:  zlib-devel-1.2.11-40.el9.aarch64 1698484632 141092 0422ec4d67493ae1fab27d3a706e28ab installed
DEBUG util.py:461:  perl-lib-0:0.65-483.el9.aarch64 1766781987 9673 8ea622baca5f7f55144fab1dcb626e4f installed
DEBUG util.py:461:  perl-Error-1:0.17029-7.el9.0.1.noarch 1763514633 79692 08323e60913c643d879bf7140784ac46 installed
DEBUG util.py:461:  perl-DynaLoader-0:1.47-483.el9.aarch64 1766781987 33065 b325d7f9ad11e3a3cba09206aeafd931 installed
DEBUG util.py:461:  perl-TermReadKey-2.38-11.el9.aarch64 1652557599 111218 9bd10b3fc14c8e9d94ec34aa7d53fbfc installed
DEBUG util.py:461:  llvm-filesystem-21.1.8-2.el9.aarch64 1771644461 0 1ac9e6f7470b3a7a909fa3c205844e9f installed
DEBUG util.py:461:  llvm-libs-21.1.8-2.el9.aarch64 1771644461 121651095 632221a921c20ea64c6340213f8ea591 installed
DEBUG util.py:461:  libzstd-devel-1.5.5-1.el9.aarch64 1745698547 202817 26c662b033c52aa92801c2d1cdb74ebc installed
DEBUG util.py:461:  libubsan-11.5.0-14.el9.aarch64 1766625951 419424 6361d3509066d06b523bcc95c89ea5d7 installed
DEBUG util.py:461:  libasan-11.5.0-14.el9.aarch64 1766625951 1283870 f0f68871142b2608adc7d7436f357248 installed
DEBUG util.py:461:  kernel-headers-5.14.0-687.10.1.el9_8.0.1.aarch64 1779618728 6546175 6960d48def4609839f2617df0bc42353 installed
DEBUG util.py:461:  libxcrypt-devel-4.4.18-3.el9.aarch64 1653509798 31019 6de53a8f34ae8901dcb588b983589017 installed
DEBUG util.py:461:  glibc-devel-2.34-266.el9_8.aarch64 1779242307 2183848 653ae4e727bddb4bd1df6fc1f6c6efd5 installed
DEBUG util.py:461:  python3-setuptools-wheel-53.0.0-15.el9.noarch 1761979940 562657 ec6c2f8358b4ef5df1a59df1d488a13d installed
DEBUG util.py:461:  python3-pip-wheel-21.3.1-2.el9_8.rocky.0.1.noarch 1779568218 1232804 aace6df12ac814f621dfa4d31109e51f installed
DEBUG util.py:461:  python3-3.9.25-7.el9_8.aarch64 1779236088 85876 94109adf4a64d3bbeb451b50b33a9398 installed
DEBUG util.py:461:  python3-libs-3.9.25-7.el9_8.aarch64 1779236088 34942888 450947f58664b3996df0a29dbc35abe7 installed
DEBUG util.py:461:  crypto-policies-scripts-20260224-1.gitea0f072.el9.noarch 1772563104 272783 41a4f95cd5876b14680d8ae5834eb3e3 installed
DEBUG util.py:461:  nss-sysinit-3.112.0-8.el9.aarch64 1769485015 71217 a8e3b0f47b3965990cd5fa06f1669a61 installed
DEBUG util.py:461:  nss-3.112.0-8.el9.aarch64 1769485015 1922834 e01ef7698669409c9e98fe055b917a49 installed
DEBUG util.py:461:  nss-tools-3.112.0-8.el9.aarch64 1769485015 1974616 2a440069aea848329894b937863f6f3b installed
DEBUG util.py:461:  openssh-9.9p1-7.el9_8.rocky.0.1.aarch64 1779235756 1778824 b06bf8d597d83d792aaa5fb23b200682 installed
DEBUG util.py:461:  make-1:4.3-8.el9.aarch64 1713688250 1735742 96320ae2a3012338fbc79be80511bb1b installed
DEBUG util.py:461:  libcbor-0.7.0-5.el9.aarch64 1653562949 99849 7bec1f8a88cdafc6f3bf9fbcd85f8b6d installed
DEBUG util.py:461:  libfido2-1.13.0-2.el9.aarch64 1713162893 283646 4e2c29b6c76b64a14d18e411f8f3468e installed
DEBUG util.py:461:  openssh-clients-9.9p1-7.el9_8.rocky.0.1.aarch64 1779235756 2814698 9a87ae5572eda5380b8582c04bf5a683 installed
DEBUG util.py:461:  libatomic-11.5.0-14.el9.aarch64 1766625951 70594 20134ed7a42063f74aed5759cce4d8b9 installed
DEBUG util.py:461:  gcc-11.5.0-14.el9.aarch64 1766625951 79976337 63375bf3e7ce9c6abcc3f762f38dad75 installed
DEBUG util.py:461:  less-590-6.el9.aarch64 1762152205 478488 d749d3acc112a0b059142cae1eb7ce15 installed
DEBUG util.py:461:  git-core-2.52.0-1.el9.aarch64 1768332360 24297331 e4f7541aee4fb492e7c3c16b3fe5b205 installed
DEBUG util.py:461:  git-core-doc-2.52.0-1.el9.noarch 1768332362 19416975 04e542c828ee81c6dc2c94bffd6db91a installed
DEBUG util.py:461:  perl-Git-2.52.0-1.el9.noarch 1768332362 66985 bf56d96c71e7814a33b3605201fa0b26 installed
DEBUG util.py:461:  git-2.52.0-1.el9.aarch64 1768332360 57736 15f6f3908287a2d7a3f087dfcc88b10b installed
DEBUG util.py:461:  efivar-libs-38-3.el9.aarch64 1682294967 407610 6fe34220f272ee783b9562b79b9c449c installed
DEBUG util.py:461:  pesign-115-6.el9_1.rocky.2.aarch64 1678119761 945934 5cf92733a406557a27691d37f6e1d03f installed
DEBUG util.py:461:  annobin-12.98-2.el9.aarch64 1769785224 1285732 4dff88a45d91f723867c3629eae3730d installed
DEBUG util.py:461:  gcc-plugin-annobin-11.5.0-14.el9.aarch64 1766625951 69851 1943672a45c406016a58d0e0d90ca5ca installed
DEBUG util.py:461:  elfutils-libelf-devel-0.194-1.el9.rocky.0.1.aarch64 1767431579 76769 344b47f79839ed02c72bb3e9ab266dbb installed
DEBUG util.py:461:  rocky-sb-certs-9.8-1.1.el9.noarch 1779550111 54906 28e6d8f318421d9ac16fd6581c81984c installed
DEBUG util.py:461:  openssl-devel-1:3.5.5-2.el9_8.aarch64 1779234955 5368564 c73122846c16c21ed61a354f1ed9f9d8 installed
DEBUG util.py:461:  dos2unix-7.4.2-4.el9.aarch64 1652567838 748639 36e487e722a796690ac26d72882f1bbe installed
DEBUG util.py:608:  Child return code was: 0
DEBUG util.py:183:  kill orphans in chroot /var/lib/mock/rocky-9-aarch64/root
DEBUG util.py:183:  kill orphans in chroot /var/lib/mock/rocky-9-aarch64-bootstrap/root/var/lib/mock/rocky-9-aarch64/root
DEBUG util.py:634:  child environment: None
DEBUG util.py:556:  Executing command: ['/bin/umount', '-n', '-l', '/var/lib/mock/rocky-9-aarch64-bootstrap/root/var/lib/mock/rocky-9-aarch64/root'] with env {'TERM': 'vt100', 'SHELL': '/bin/sh', 'HOME': '/builddir', 'HOSTNAME': 'mock', 'PATH': '/usr/bin:/bin:/usr/sbin:/sbin', 'LANG': 'C.UTF-8'} and shell False
DEBUG util.py:608:  Child return code was: 0
DEBUG util.py:634:  child environment: None
DEBUG util.py:556:  Executing command: ['/bin/umount', '-n', '-l', '/var/lib/mock/rocky-9-aarch64-bootstrap/root/var/lib/mock/rocky-9-aarch64/root'] with env {'TERM': 'vt100', 'SHELL': '/bin/sh', 'HOME': '/builddir', 'HOSTNAME': 'mock', 'PATH': '/usr/bin:/bin:/usr/sbin:/sbin', 'LANG': 'C.UTF-8'} and shell False
DEBUG util.py:608:  Child return code was: 0
DEBUG util.py:634:  child environment: None
DEBUG backend.py:825:  Copying packages to result dir
DEBUG util.py:183:  kill orphans in chroot /var/lib/mock/rocky-9-aarch64/root
DEBUG util.py:634:  child environment: None
DEBUG util.py:556:  Executing command: ['/bin/umount', '-n', '/var/lib/mock/rocky-9-aarch64/root/var/cache/dnf'] with env {'TERM': 'vt100', 'SHELL': '/bin/sh', 'HOME': '/builddir', 'HOSTNAME': 'mock', 'PATH': '/usr/bin:/bin:/usr/sbin:/sbin', 'LANG': 'C.UTF-8'} and shell False
DEBUG util.py:608:  Child return code was: 0
DEBUG util.py:634:  child environment: None
DEBUG util.py:556:  Executing command: ['/bin/umount', '-n', '/var/lib/mock/rocky-9-aarch64/root/var/cache/yum'] with env {'TERM': 'vt100', 'SHELL': '/bin/sh', 'HOME': '/builddir', 'HOSTNAME': 'mock', 'PATH': '/usr/bin:/bin:/usr/sbin:/sbin', 'LANG': 'C.UTF-8'} and shell False
DEBUG util.py:608:  Child return code was: 0
DEBUG util.py:634:  child environment: None
DEBUG util.py:556:  Executing command: ['/bin/umount', '-n', '-l', '/var/lib/mock/rocky-9-aarch64/root/sys/fs/selinux'] with env {'TERM': 'vt100', 'SHELL': '/bin/sh', 'HOME': '/builddir', 'HOSTNAME': 'mock', 'PATH': '/usr/bin:/bin:/usr/sbin:/sbin', 'LANG': 'C.UTF-8'} and shell False
DEBUG util.py:608:  Child return code was: 0
DEBUG util.py:634:  child environment: None
DEBUG util.py:556:  Executing command: ['/bin/umount', '-n', '/var/lib/mock/rocky-9-aarch64/root/proc/filesystems'] with env {'TERM': 'vt100', 'SHELL': '/bin/sh', 'HOME': '/builddir', 'HOSTNAME': 'mock', 'PATH': '/usr/bin:/bin:/usr/sbin:/sbin', 'LANG': 'C.UTF-8'} and shell False
DEBUG util.py:608:  Child return code was: 0
DEBUG util.py:634:  child environment: None
DEBUG util.py:556:  Executing command: ['/bin/umount', '-n', '-l', '/var/lib/mock/rocky-9-aarch64/root/dev/pts'] with env {'TERM': 'vt100', 'SHELL': '/bin/sh', 'HOME': '/builddir', 'HOSTNAME': 'mock', 'PATH': '/usr/bin:/bin:/usr/sbin:/sbin', 'LANG': 'C.UTF-8'} and shell False
DEBUG util.py:608:  Child return code was: 0
DEBUG util.py:634:  child environment: None
DEBUG util.py:556:  Executing command: ['/bin/umount', '-n', '-l', '/var/lib/mock/rocky-9-aarch64/root/dev/shm'] with env {'TERM': 'vt100', 'SHELL': '/bin/sh', 'HOME': '/builddir', 'HOSTNAME': 'mock', 'PATH': '/usr/bin:/bin:/usr/sbin:/sbin', 'LANG': 'C.UTF-8'} and shell False
DEBUG util.py:608:  Child return code was: 0
DEBUG util.py:634:  child environment: None
DEBUG util.py:556:  Executing command: ['/bin/umount', '-n', '-l', '/var/lib/mock/rocky-9-aarch64/root/sys'] with env {'TERM': 'vt100', 'SHELL': '/bin/sh', 'HOME': '/builddir', 'HOSTNAME': 'mock', 'PATH': '/usr/bin:/bin:/usr/sbin:/sbin', 'LANG': 'C.UTF-8'} and shell False
DEBUG util.py:608:  Child return code was: 0
DEBUG util.py:634:  child environment: None
DEBUG util.py:556:  Executing command: ['/bin/umount', '-n', '-l', '/var/lib/mock/rocky-9-aarch64/root/sys'] with env {'TERM': 'vt100', 'SHELL': '/bin/sh', 'HOME': '/builddir', 'HOSTNAME': 'mock', 'PATH': '/usr/bin:/bin:/usr/sbin:/sbin', 'LANG': 'C.UTF-8'} and shell False
DEBUG util.py:608:  Child return code was: 0
DEBUG util.py:634:  child environment: None
DEBUG util.py:556:  Executing command: ['/bin/umount', '-n', '-l', '/var/lib/mock/rocky-9-aarch64/root/proc'] with env {'TERM': 'vt100', 'SHELL': '/bin/sh', 'HOME': '/builddir', 'HOSTNAME': 'mock', 'PATH': '/usr/bin:/bin:/usr/sbin:/sbin', 'LANG': 'C.UTF-8'} and shell False
DEBUG util.py:608:  Child return code was: 0
DEBUG util.py:634:  child environment: None
DEBUG util.py:556:  Executing command: ['/bin/umount', '-n', '-l', '/var/lib/mock/rocky-9-aarch64/root/proc'] with env {'TERM': 'vt100', 'SHELL': '/bin/sh', 'HOME': '/builddir', 'HOSTNAME': 'mock', 'PATH': '/usr/bin:/bin:/usr/sbin:/sbin', 'LANG': 'C.UTF-8'} and shell False
DEBUG util.py:608:  Child return code was: 0
DEBUG util.py:634:  child environment: None
DEBUG util.py:556:  Executing command: ['btrfs', 'subv', 'list', '/var/lib/mock'] with env {'TERM': 'vt100', 'SHELL': '/bin/sh', 'HOME': '/builddir', 'HOSTNAME': 'mock', 'PATH': '/usr/bin:/bin:/usr/sbin:/sbin', 'LANG': 'C.UTF-8'} and shell False
DEBUG util.py:183:  kill orphans in chroot /var/lib/mock/rocky-9-aarch64-bootstrap/root
DEBUG util.py:634:  child environment: None
DEBUG util.py:556:  Executing command: ['/bin/umount', '-n', '/var/lib/mock/rocky-9-aarch64-bootstrap/root/var/cache/dnf'] with env {'TERM': 'vt100', 'SHELL': '/bin/sh', 'HOME': '/builddir', 'HOSTNAME': 'mock', 'PATH': '/usr/bin:/bin:/usr/sbin:/sbin', 'LANG': 'C.UTF-8'} and shell False
DEBUG util.py:608:  Child return code was: 0
DEBUG util.py:634:  child environment: None
DEBUG util.py:556:  Executing command: ['/bin/umount', '-n', '/var/lib/mock/rocky-9-aarch64-bootstrap/root/var/cache/yum'] with env {'TERM': 'vt100', 'SHELL': '/bin/sh', 'HOME': '/builddir', 'HOSTNAME': 'mock', 'PATH': '/usr/bin:/bin:/usr/sbin:/sbin', 'LANG': 'C.UTF-8'} and shell False
DEBUG util.py:608:  Child return code was: 0
DEBUG util.py:634:  child environment: None
DEBUG util.py:556:  Executing command: ['/bin/umount', '-n', '-l', '/var/lib/mock/rocky-9-aarch64-bootstrap/root/sys/fs/selinux'] with env {'TERM': 'vt100', 'SHELL': '/bin/sh', 'HOME': '/builddir', 'HOSTNAME': 'mock', 'PATH': '/usr/bin:/bin:/usr/sbin:/sbin', 'LANG': 'C.UTF-8'} and shell False
DEBUG util.py:608:  Child return code was: 0
DEBUG util.py:634:  child environment: None
DEBUG util.py:556:  Executing command: ['/bin/umount', '-n', '/var/lib/mock/rocky-9-aarch64-bootstrap/root/proc/filesystems'] with env {'TERM': 'vt100', 'SHELL': '/bin/sh', 'HOME': '/builddir', 'HOSTNAME': 'mock', 'PATH': '/usr/bin:/bin:/usr/sbin:/sbin', 'LANG': 'C.UTF-8'} and shell False
DEBUG util.py:608:  Child return code was: 0
DEBUG util.py:634:  child environment: None
DEBUG util.py:556:  Executing command: ['/bin/umount', '-n', '-l', '/var/lib/mock/rocky-9-aarch64-bootstrap/root/dev/pts'] with env {'TERM': 'vt100', 'SHELL': '/bin/sh', 'HOME': '/builddir', 'HOSTNAME': 'mock', 'PATH': '/usr/bin:/bin:/usr/sbin:/sbin', 'LANG': 'C.UTF-8'} and shell False
DEBUG util.py:608:  Child return code was: 0
DEBUG util.py:634:  child environment: None
DEBUG util.py:556:  Executing command: ['/bin/umount', '-n', '-l', '/var/lib/mock/rocky-9-aarch64-bootstrap/root/dev/shm'] with env {'TERM': 'vt100', 'SHELL': '/bin/sh', 'HOME': '/builddir', 'HOSTNAME': 'mock', 'PATH': '/usr/bin:/bin:/usr/sbin:/sbin', 'LANG': 'C.UTF-8'} and shell False
DEBUG util.py:608:  Child return code was: 0
DEBUG util.py:634:  child environment: None
DEBUG util.py:556:  Executing command: ['/bin/umount', '-n', '-l', '/var/lib/mock/rocky-9-aarch64-bootstrap/root/sys'] with env {'TERM': 'vt100', 'SHELL': '/bin/sh', 'HOME': '/builddir', 'HOSTNAME': 'mock', 'PATH': '/usr/bin:/bin:/usr/sbin:/sbin', 'LANG': 'C.UTF-8'} and shell False
DEBUG util.py:608:  Child return code was: 0
DEBUG util.py:634:  child environment: None
DEBUG util.py:556:  Executing command: ['/bin/umount', '-n', '-l', '/var/lib/mock/rocky-9-aarch64-bootstrap/root/sys'] with env {'TERM': 'vt100', 'SHELL': '/bin/sh', 'HOME': '/builddir', 'HOSTNAME': 'mock', 'PATH': '/usr/bin:/bin:/usr/sbin:/sbin', 'LANG': 'C.UTF-8'} and shell False
DEBUG util.py:608:  Child return code was: 0
DEBUG util.py:634:  child environment: None
DEBUG util.py:556:  Executing command: ['/bin/umount', '-n', '-l', '/var/lib/mock/rocky-9-aarch64-bootstrap/root/proc'] with env {'TERM': 'vt100', 'SHELL': '/bin/sh', 'HOME': '/builddir', 'HOSTNAME': 'mock', 'PATH': '/usr/bin:/bin:/usr/sbin:/sbin', 'LANG': 'C.UTF-8'} and shell False
DEBUG util.py:608:  Child return code was: 0
DEBUG util.py:634:  child environment: None
DEBUG util.py:556:  Executing command: ['/bin/umount', '-n', '-l', '/var/lib/mock/rocky-9-aarch64-bootstrap/root/proc'] with env {'TERM': 'vt100', 'SHELL': '/bin/sh', 'HOME': '/builddir', 'HOSTNAME': 'mock', 'PATH': '/usr/bin:/bin:/usr/sbin:/sbin', 'LANG': 'C.UTF-8'} and shell False
DEBUG util.py:608:  Child return code was: 0
